 Day,Date,No.1,No.2,No.3,No.4,No.5,No.6,Bonus
 Sat,19/11/1994,30,3,5,44,14,22,10
 Sat,26/11/1994,16,6,44,31,12,15,37
 Sat,03/12/1994,21,11,17,30,29,40,31
 Sat,10/12/1994,26,47,49,43,35,38,28
 Sat,17/12/1994,13,3,38,5,14,9,30
 Sat,24/12/1994,27,29,39,3,44,2,6
 Sat,31/12/1994,17,44,36,32,9,42,16
 Sat,07/01/1995,21,32,2,5,25,22,46
 Sat,14/01/1995,23,38,17,7,32,42,48
 Sat,21/01/1995,47,6,16,31,30,20,4
 Sat,28/01/1995,31,16,25,43,4,26,21
 Sat,04/02/1995,46,42,1,38,7,37,20
 Sat,11/02/1995,48,38,15,29,18,35,5
 Sat,18/02/1995,45,16,36,19,21,29,43
 Sat,25/02/1995,18,33,8,31,5,10,28
 Sat,04/03/1995,17,36,11,12,42,26,13
 Sat,11/03/1995,2,22,13,46,29,27,36
 Sat,18/03/1995,41,19,31,18,9,24,21
 Sat,25/03/1995,4,49,41,44,42,17,24
 Sat,01/04/1995,43,41,22,25,30,32,29
 Sat,08/04/1995,42,17,22,24,47,14,34
 Sat,15/04/1995,1,23,26,4,6,49,8
 Sat,22/04/1995,33,36,8,20,38,18,46
 Sat,29/04/1995,31,9,15,34,48,22,23
 Sat,06/05/1995,35,14,48,17,43,5,22
 Sat,13/05/1995,41,16,28,25,7,26,19
 Sat,20/05/1995,46,15,17,28,16,32,22
 Sat,27/05/1995,45,12,25,37,44,13,9
 Sat,03/06/1995,31,1,29,40,21,32,27
 Sat,10/06/1995,44,15,26,46,12,49,14
 Sat,17/06/1995,48,30,40,27,38,33,2
 Sat,24/06/1995,5,43,45,21,15,42,20
 Sat,01/07/1995,25,7,8,5,48,44,3
 Sat,08/07/1995,3,14,11,20,1,40,45
 Sat,15/07/1995,1,4,43,20,31,41,38
 Sat,22/07/1995,3,21,22,2,23,40,24
 Sat,29/07/1995,41,34,49,28,46,45,11
 Sat,05/08/1995,35,1,25,30,45,8,15
 Sat,12/08/1995,25,33,28,47,11,34,48
 Sat,19/08/1995,24,23,48,5,8,28,19
 Sat,26/08/1995,21,41,18,38,16,27,26
 Sat,02/09/1995,40,49,28,15,1,22,44
 Sat,09/09/1995,12,22,41,2,20,45,47
 Sat,16/09/1995,37,14,25,41,10,2,5
 Sat,23/09/1995,10,34,24,19,5,46,28
 Sat,30/09/1995,11,33,40,10,32,29,16
 Sat,07/10/1995,28,37,10,30,36,22,45
 Sat,14/10/1995,25,30,9,5,4,47,17
 Sat,21/10/1995,17,19,2,21,6,47,5
 Sat,28/10/1995,16,33,44,27,35,7,5
 Sat,04/11/1995,6,14,18,48,27,44,1
 Sat,11/11/1995,23,28,48,10,7,30,3
 Sat,18/11/1995,33,7,4,48,18,45,1
 Sat,25/11/1995,46,42,28,16,30,23,45
 Sat,02/12/1995,26,16,19,46,15,35,7
 Sat,09/12/1995,5,26,29,12,11,33,20
 Sat,16/12/1995,23,49,7,28,35,8,10
 Sat,23/12/1995,40,47,6,49,34,11,16
 Sat,30/12/1995,6,43,42,39,45,32,36
 Sat,06/01/1996,4,13,2,3,42,44,24
 Sat,13/01/1996,31,32,48,21,29,34,25
 Sat,20/01/1996,23,37,33,30,25,5,3
 Sat,27/01/1996,16,41,38,17,43,42,28
 Sat,03/02/1996,2,32,44,22,9,26,40
 Sat,10/02/1996,14,28,11,4,15,42,6
 Sat,17/02/1996,18,14,16,22,4,15,33
 Sat,24/02/1996,5,24,44,2,7,35,30
 Sat,02/03/1996,41,11,9,24,45,12,6
 Sat,09/03/1996,45,30,37,16,29,14,7
 Sat,16/03/1996,19,38,48,12,28,2,45
 Sat,23/03/1996,30,18,5,14,43,7,28
 Sat,30/03/1996,37,12,49,27,26,28,43
 Sat,06/04/1996,38,4,14,1,17,6,9
 Sat,13/04/1996,38,47,23,44,49,40,12
 Sat,20/04/1996,40,31,9,29,28,48,23
 Sat,27/04/1996,18,11,31,48,6,4,41
 Sat,04/05/1996,47,6,33,25,26,34,49
 Sat,11/05/1996,7,48,12,10,22,34,11
 Sat,18/05/1996,33,46,4,40,13,12,41
 Sat,25/05/1996,8,26,42,20,34,43,25
 Sat,01/06/1996,35,45,24,37,36,39,20
 Sat,08/06/1996,32,15,17,11,25,46,29
 Sat,15/06/1996,47,25,18,44,13,46,34
 Sat,22/06/1996,4,7,11,17,3,40,20
 Sat,29/06/1996,34,35,17,27,46,4,7
 Sat,06/07/1996,44,47,45,43,26,13,36
 Sat,13/07/1996,11,5,42,41,10,12,2
 Sat,20/07/1996,14,44,6,25,34,20,45
 Sat,27/07/1996,13,21,45,2,19,32,9
 Sat,03/08/1996,26,28,36,31,13,17,44
 Sat,10/08/1996,41,23,36,45,3,38,44
 Sat,17/08/1996,28,42,33,39,44,2,46
 Sat,24/08/1996,8,11,14,33,44,18,34
 Sat,31/08/1996,27,3,5,47,14,44,43
 Sat,07/09/1996,5,13,15,44,18,32,41
 Sat,14/09/1996,10,9,38,48,11,2,1
 Sat,21/09/1996,41,35,8,7,30,12,47
 Sat,28/09/1996,19,26,23,39,36,31,3
 Sat,05/10/1996,47,45,9,48,6,25,14
 Sat,12/10/1996,25,15,45,16,39,30,14
 Sat,19/10/1996,13,34,48,10,39,31,33
 Sat,26/10/1996,1,35,3,20,30,9,36
 Sat,02/11/1996,48,35,43,23,32,7,25
 Sat,09/11/1996,43,24,49,8,27,41,5
 Sat,16/11/1996,42,1,5,16,18,37,24
 Sat,23/11/1996,49,16,46,43,34,33,47
 Sat,30/11/1996,26,12,4,25,5,49,48
 Sat,07/12/1996,42,17,13,22,47,6,30
 Sat,14/12/1996,24,12,33,42,47,34,44
 Sat,21/12/1996,26,45,42,5,35,38,46
 Sat,28/12/1996,8,31,20,10,39,27,30
 Sat,04/01/1997,40,27,13,14,41,11,23
 Sat,11/01/1997,16,43,4,11,18,35,39
 Sat,18/01/1997,22,48,3,31,21,26,43
 Sat,25/01/1997,35,31,47,1,28,24,9
 Sat,01/02/1997,12,48,36,20,28,16,34
 Wed,05/02/1997,25,9,35,28,29,31,37
 Sat,08/02/1997,9,13,36,47,27,30,15
 Wed,12/02/1997,23,45,5,38,29,14,47
 Sat,15/02/1997,14,21,7,38,47,34,13
 Wed,19/02/1997,39,36,9,11,19,41,13
 Sat,22/02/1997,5,23,8,1,9,27,22
 Wed,26/02/1997,34,36,38,44,2,46,40
 Sat,01/03/1997,33,23,49,8,2,42,14
 Wed,05/03/1997,28,12,20,24,43,7,45
 Sat,08/03/1997,12,29,5,39,20,42,22
 Wed,12/03/1997,5,22,25,16,3,4,12
 Sat,15/03/1997,43,39,37,24,7,40,15
 Wed,19/03/1997,40,16,48,13,29,17,32
 Sat,22/03/1997,41,39,27,40,14,43,21
 Wed,26/03/1997,24,44,43,42,33,47,17
 Sat,29/03/1997,19,40,36,17,31,39,25
 Wed,02/04/1997,25,17,10,43,40,5,8
 Sat,05/04/1997,46,28,31,1,41,3,33
 Wed,09/04/1997,6,22,35,49,45,42,16
 Sat,12/04/1997,9,37,27,44,42,29,21
 Wed,16/04/1997,48,37,9,6,19,3,25
 Sat,19/04/1997,32,37,14,1,16,25,11
 Wed,23/04/1997,23,34,12,8,17,43,36
 Sat,26/04/1997,10,6,14,25,27,38,5
 Wed,30/04/1997,16,40,10,17,24,8,13
 Sat,03/05/1997,29,40,35,20,6,31,21
 Wed,07/05/1997,43,34,19,28,12,31,40
 Sat,10/05/1997,44,25,22,23,12,19,2
 Wed,14/05/1997,2,21,29,37,8,16,22
 Sat,17/05/1997,9,2,13,18,27,48,24
 Wed,21/05/1997,8,21,38,49,39,5,34
 Sat,24/05/1997,26,3,23,33,25,21,24
 Wed,28/05/1997,19,36,48,24,25,3,17
 Sat,31/05/1997,29,9,28,5,2,45,49
 Wed,04/06/1997,34,18,44,21,30,19,6
 Sat,07/06/1997,21,30,40,25,14,12,3
 Wed,11/06/1997,40,44,10,42,31,33,20
 Sat,14/06/1997,10,8,16,43,44,3,34
 Wed,18/06/1997,23,19,4,14,25,48,42
 Sat,21/06/1997,27,44,26,1,17,30,47
 Wed,25/06/1997,27,38,28,40,12,17,6
 Sat,28/06/1997,14,2,9,48,36,43,27
 Wed,02/07/1997,18,6,41,22,10,45,29
 Sat,05/07/1997,1,36,43,11,4,44,41
 Wed,09/07/1997,3,43,13,22,5,24,23
 Sat,12/07/1997,45,44,9,4,27,37,7
 Wed,16/07/1997,8,35,45,23,18,26,3
 Sat,19/07/1997,45,47,7,19,36,44,4
 Wed,23/07/1997,4,28,11,21,34,27,16
 Sat,26/07/1997,27,15,41,30,9,20,31
 Wed,30/07/1997,12,19,3,45,6,44,20
 Sat,02/08/1997,16,47,2,43,37,28,31
 Wed,06/08/1997,49,20,3,6,45,5,31
 Sat,09/08/1997,1,30,31,25,18,20,44
 Wed,13/08/1997,29,17,10,5,41,43,45
 Sat,16/08/1997,2,49,20,9,19,38,11
 Wed,20/08/1997,28,8,41,20,27,36,30
 Sat,23/08/1997,25,36,44,47,10,4,29
 Wed,27/08/1997,25,47,31,7,22,1,20
 Sat,30/08/1997,33,46,30,38,6,20,42
 Wed,03/09/1997,43,22,14,38,10,30,25
 Sun,07/09/1997,22,41,40,36,20,26,16
 Wed,10/09/1997,31,20,45,43,35,32,5
 Sat,13/09/1997,5,40,2,31,1,32,44
 Wed,17/09/1997,40,44,20,7,21,22,4
 Sat,20/09/1997,44,9,30,38,40,43,31
 Wed,24/09/1997,31,32,44,12,14,29,46
 Sat,27/09/1997,33,40,15,21,29,32,42
 Wed,01/10/1997,38,17,8,12,49,35,25
 Sat,04/10/1997,46,19,40,12,36,28,38
 Wed,08/10/1997,3,43,4,23,34,7,15
 Sat,11/10/1997,18,17,15,34,40,27,29
 Wed,15/10/1997,45,39,30,17,11,35,47
 Sat,18/10/1997,4,28,46,9,32,25,47
 Wed,22/10/1997,1,8,14,9,35,24,33
 Sat,25/10/1997,10,38,27,40,21,44,34
 Wed,29/10/1997,2,4,33,32,25,45,31
 Sat,01/11/1997,37,16,10,39,9,14,28
 Wed,05/11/1997,1,4,9,6,32,38,46
 Sat,08/11/1997,24,34,5,48,40,37,33
 Wed,12/11/1997,8,45,36,6,27,3,47
 Sat,15/11/1997,14,11,32,35,34,23,41
 Wed,19/11/1997,22,47,27,33,42,46,32
 Sat,22/11/1997,45,8,14,28,24,39,29
 Wed,26/11/1997,23,47,24,19,11,5,17
 Sat,29/11/1997,2,21,47,8,46,29,28
 Wed,03/12/1997,8,39,36,49,47,1,37
 Sat,06/12/1997,30,5,19,9,21,49,43
 Wed,10/12/1997,4,38,17,22,48,29,20
 Sat,13/12/1997,4,30,32,14,3,11,46
 Wed,17/12/1997,36,35,49,17,46,43,7
 Sat,20/12/1997,1,34,26,38,2,7,14
 Wed,24/12/1997,5,29,41,11,6,36,47
 Sat,27/12/1997,31,14,21,28,40,46,9
 Wed,31/12/1997,21,18,13,8,29,23,30
 Sat,03/01/1998,28,13,35,26,1,45,30
 Wed,07/01/1998,38,25,14,7,36,32,44
 Sat,10/01/1998,3,49,10,27,11,47,8
 Wed,14/01/1998,28,27,20,41,33,31,38
 Sat,17/01/1998,38,14,48,33,46,31,26
 Wed,21/01/1998,12,5,24,35,38,36,34
 Sat,24/01/1998,24,49,6,1,14,4,22
 Wed,28/01/1998,15,4,12,32,47,31,14
 Sat,31/01/1998,40,46,17,30,22,48,10
 Wed,04/02/1998,32,42,17,45,13,35,20
 Sat,07/02/1998,31,25,27,9,42,45,24
 Wed,11/02/1998,42,11,49,32,46,38,26
 Sat,14/02/1998,17,13,14,28,8,20,10
 Wed,18/02/1998,32,1,25,5,13,10,48
 Sat,21/02/1998,16,37,2,25,45,27,10
 Wed,25/02/1998,21,9,36,48,27,42,13
 Sat,28/02/1998,1,18,15,30,7,31,9
 Wed,04/03/1998,6,41,45,34,28,30,12
 Sat,07/03/1998,14,44,11,39,4,43,37
 Wed,11/03/1998,16,23,28,33,22,37,17
 Sat,14/03/1998,26,15,18,2,38,36,42
 Wed,18/03/1998,47,25,39,31,46,12,1
 Sat,21/03/1998,41,15,2,26,23,43,5
 Wed,25/03/1998,25,10,6,31,1,45,8
 Sat,28/03/1998,28,37,11,23,29,13,8
 Wed,01/04/1998,36,1,24,2,37,38,31
 Sat,04/04/1998,33,24,19,38,48,5,20
 Wed,08/04/1998,41,43,37,22,47,9,14
 Sat,11/04/1998,44,7,43,31,35,10,37
 Wed,15/04/1998,36,26,29,18,12,1,2
 Sat,18/04/1998,29,33,42,13,31,1,9
 Wed,22/04/1998,37,12,10,7,9,3,46
 Sat,25/04/1998,17,38,22,48,43,36,16
 Wed,29/04/1998,40,15,36,28,34,12,1
 Sat,02/05/1998,2,49,4,29,24,16,47
 Wed,06/05/1998,22,19,27,6,14,7,9
 Sat,09/05/1998,35,40,25,2,26,9,47
 Wed,13/05/1998,16,13,3,42,23,41,21
 Sat,16/05/1998,34,4,44,10,2,6,21
 Wed,20/05/1998,11,42,35,36,31,15,10
 Sat,23/05/1998,24,20,47,8,43,35,32
 Wed,27/05/1998,13,15,26,8,39,42,33
 Sat,30/05/1998,3,2,40,29,38,14,43
 Wed,03/06/1998,17,41,23,18,1,33,42
 Sat,06/06/1998,31,15,48,23,42,1,5
 Wed,10/06/1998,28,33,46,2,26,9,21
 Sat,13/06/1998,7,2,10,27,45,15,31
 Wed,17/06/1998,17,2,27,16,20,10,39
 Sat,20/06/1998,14,38,27,31,47,1,32
 Wed,24/06/1998,19,25,14,2,33,26,18
 Sat,27/06/1998,11,43,9,7,23,30,35
 Wed,01/07/1998,28,18,40,46,44,17,29
 Sat,04/07/1998,49,29,9,32,15,25,14
 Wed,08/07/1998,13,12,36,23,33,21,14
 Sat,11/07/1998,3,39,14,23,43,30,32
 Wed,15/07/1998,15,1,23,35,39,31,14
 Sat,18/07/1998,42,44,20,3,33,11,36
 Wed,22/07/1998,28,46,38,47,39,34,21
 Sat,25/07/1998,36,43,18,44,25,38,19
 Wed,29/07/1998,23,38,7,1,48,29,2
 Sat,01/08/1998,12,41,49,31,14,48,6
 Wed,05/08/1998,38,42,35,40,47,13,34
 Sat,08/08/1998,21,2,47,5,17,45,25
 Wed,12/08/1998,23,25,44,21,49,12,20
 Sat,15/08/1998,35,15,3,31,5,22,47
 Wed,19/08/1998,27,48,46,44,5,34,49
 Sat,22/08/1998,2,38,11,27,32,10,6
 Wed,26/08/1998,43,26,27,3,30,20,45
 Sat,29/08/1998,10,44,37,42,12,45,20
 Wed,02/09/1998,43,33,19,27,39,7,9
 Sat,05/09/1998,27,47,42,11,10,9,8
 Wed,09/09/1998,32,2,1,9,27,28,25
 Sat,12/09/1998,15,33,3,23,28,25,29
 Wed,16/09/1998,45,18,36,28,25,40,43
 Sat,19/09/1998,34,40,28,24,26,27,9
 Wed,23/09/1998,14,28,11,26,9,39,27
 Sat,26/09/1998,35,15,40,6,18,29,49
 Wed,30/09/1998,10,31,12,28,14,38,27
 Sat,03/10/1998,19,1,32,11,18,22,41
 Wed,07/10/1998,12,29,24,2,30,33,41
 Sat,10/10/1998,46,26,43,21,11,13,38
 Wed,14/10/1998,41,1,2,45,5,15,24
 Sat,17/10/1998,37,3,45,25,41,36,9
 Wed,21/10/1998,11,41,3,42,15,48,26
 Sat,24/10/1998,15,41,26,6,8,23,49
 Wed,28/10/1998,31,7,49,2,1,17,41
 Sat,31/10/1998,14,5,12,18,38,9,35
 Wed,04/11/1998,9,11,2,42,23,24,27
 Sat,07/11/1998,31,32,13,25,24,44,43
 Wed,11/11/1998,5,19,49,29,11,25,12
 Sat,14/11/1998,7,23,17,12,11,39,42
 Wed,18/11/1998,2,12,47,35,30,8,39
 Sat,21/11/1998,17,49,22,38,7,9,47
 Wed,25/11/1998,8,4,39,37,43,30,31
 Sat,28/11/1998,30,37,25,4,26,45,46
 Wed,02/12/1998,16,37,11,28,49,7,30
 Sat,05/12/1998,27,35,23,26,4,7,28
 Wed,09/12/1998,49,1,40,45,7,39,38
 Sat,12/12/1998,46,38,28,41,26,39,25
 Wed,16/12/1998,11,19,40,20,24,29,9
 Sat,19/12/1998,10,9,18,25,48,28,34
 Wed,23/12/1998,12,18,47,4,38,30,20
 Sat,26/12/1998,8,2,32,35,41,11,4
 Wed,30/12/1998,3,18,49,13,24,34,33
 Sat,02/01/1999,38,4,41,31,46,33,22
 Wed,06/01/1999,18,2,21,47,11,23,27
 Sat,09/01/1999,34,1,23,37,15,40,45
 Wed,13/01/1999,35,25,48,27,6,42,15
 Sat,16/01/1999,41,11,32,42,28,26,44
 Wed,20/01/1999,8,28,19,40,14,4,12
 Sat,23/01/1999,10,8,47,17,32,1,2
 Wed,27/01/1999,3,2,20,6,21,22,11
 Sat,30/01/1999,32,19,7,37,44,40,47
 Wed,03/02/1999,39,24,47,3,18,16,17
 Sat,06/02/1999,17,40,38,2,49,23,10
 Wed,10/02/1999,35,21,33,2,49,20,32
 Sat,13/02/1999,23,27,47,26,49,5,48
 Wed,17/02/1999,42,31,32,22,2,40,33
 Sat,20/02/1999,23,17,3,40,9,29,44
 Wed,24/02/1999,2,3,34,27,13,48,41
 Sat,27/02/1999,1,13,7,15,38,43,47
 Wed,03/03/1999,22,40,25,24,20,36,1
 Sat,06/03/1999,8,37,43,32,47,33,45
 Wed,10/03/1999,18,49,27,8,36,32,46
 Sat,13/03/1999,15,2,17,44,1,24,22
 Wed,17/03/1999,45,1,7,29,38,46,35
 Sat,20/03/1999,45,29,13,49,25,17,28
 Wed,24/03/1999,45,48,13,21,32,27,22
 Sat,27/03/1999,44,9,36,25,30,48,2
 Wed,31/03/1999,26,1,24,38,5,12,11
 Sat,03/04/1999,9,7,43,3,40,15,11
 Wed,07/04/1999,46,29,23,10,15,27,38
 Sat,10/04/1999,35,25,18,36,32,10,2
 Wed,14/04/1999,9,32,25,5,12,30,38
 Sat,17/04/1999,41,46,28,16,29,3,6
 Wed,21/04/1999,44,22,3,31,46,12,45
 Sat,24/04/1999,8,25,11,3,46,47,30
 Wed,28/04/1999,24,43,49,15,36,23,11
 Sat,01/05/1999,24,31,7,33,40,20,49
 Wed,05/05/1999,22,7,44,17,39,13,18
 Sat,08/05/1999,1,33,12,31,47,24,7
 Wed,12/05/1999,8,26,47,9,29,38,44
 Sat,15/05/1999,24,27,14,18,4,40,33
 Wed,19/05/1999,38,49,5,27,2,1,41
 Sat,22/05/1999,24,26,8,11,14,49,45
 Wed,26/05/1999,33,46,29,14,22,26,10
 Sat,29/05/1999,7,3,12,43,9,44,45
 Wed,02/06/1999,37,36,34,23,27,17,12
 Sat,05/06/1999,24,20,11,28,48,35,33
 Wed,09/06/1999,46,48,10,8,12,34,20
 Sat,12/06/1999,23,3,18,21,49,36,47
 Wed,16/06/1999,25,37,17,45,38,21,5
 Sat,19/06/1999,20,42,4,24,41,6,38
 Wed,23/06/1999,43,8,18,11,30,33,34
 Sat,26/06/1999,23,18,2,17,40,30,43
 Wed,30/06/1999,49,2,32,19,25,14,31
 Sat,03/07/1999,11,44,17,36,28,42,37
 Wed,07/07/1999,44,41,43,4,6,8,28
 Sat,10/07/1999,35,7,5,15,26,40,45
 Wed,14/07/1999,37,1,15,21,42,41,43
 Sat,17/07/1999,45,48,15,3,23,42,46
 Wed,21/07/1999,26,12,17,32,46,33,4
 Sat,24/07/1999,8,25,37,48,26,38,24
 Wed,28/07/1999,14,32,30,46,3,49,10
 Sat,31/07/1999,46,12,26,49,27,32,42
 Wed,04/08/1999,3,31,36,4,29,9,41
 Sat,07/08/1999,22,4,24,19,7,46,47
 Wed,11/08/1999,1,38,39,48,15,22,25
 Sat,14/08/1999,9,38,18,44,24,1,26
 Wed,18/08/1999,38,45,8,6,13,34,17
 Sat,21/08/1999,15,48,12,16,17,42,45
 Wed,25/08/1999,22,1,48,36,20,8,11
 Sat,28/08/1999,15,27,6,14,47,17,29
 Wed,01/09/1999,27,5,49,3,19,39,15
 Sat,04/09/1999,14,7,5,20,3,10,16
 Wed,08/09/1999,38,22,17,36,10,8,34
 Sat,11/09/1999,21,29,2,16,46,4,5
 Wed,15/09/1999,32,9,27,14,49,30,3
 Sat,18/09/1999,5,23,33,11,15,18,38
 Wed,22/09/1999,37,28,21,6,16,44,15
 Sat,25/09/1999,20,43,18,30,26,49,36
 Wed,29/09/1999,33,43,1,3,8,39,49
 Sat,02/10/1999,14,38,37,28,49,3,33
 Wed,06/10/1999,9,21,45,19,30,13,37
 Sat,09/10/1999,46,15,26,29,38,8,12
 Wed,13/10/1999,34,29,19,33,3,23,10
 Sat,16/10/1999,31,11,27,41,40,25,12
 Wed,20/10/1999,33,43,27,9,29,18,48
 Sat,23/10/1999,8,15,4,10,25,39,49
 Wed,27/10/1999,9,4,13,22,25,32,3
 Sat,30/10/1999,15,44,27,10,17,47,14
 Wed,03/11/1999,22,37,31,35,25,3,48
 Sat,06/11/1999,34,36,10,46,8,23,2
 Wed,10/11/1999,10,19,28,35,2,18,26
 Sat,13/11/1999,28,7,39,29,21,10,2
 Wed,17/11/1999,33,2,23,36,31,6,20
 Sat,20/11/1999,29,20,9,15,7,34,6
 Wed,24/11/1999,1,16,34,44,12,33,37
 Sat,27/11/1999,49,22,10,47,46,8,32
 Wed,01/12/1999,37,42,36,38,47,28,23
 Sat,04/12/1999,23,31,25,47,16,35,48
 Wed,08/12/1999,10,11,26,31,7,33,39
 Sat,11/12/1999,43,37,46,5,27,9,28
 Wed,15/12/1999,16,35,43,4,44,9,27
 Sat,18/12/1999,6,12,29,13,7,18,25
 Wed,22/12/1999,39,29,47,49,46,32,24
 Fri,24/12/1999,23,25,35,24,21,2,38
 Wed,29/12/1999,16,33,36,26,47,39,43
 Sat,01/01/2000,23,48,2,14,27,5,38
 Wed,05/01/2000,30,22,33,31,25,5,7
 Sat,08/01/2000,13,18,41,32,34,39,2
 Wed,12/01/2000,19,14,27,17,3,10,49
 Sat,15/01/2000,12,10,17,47,31,16,21
 Wed,19/01/2000,4,46,43,17,16,48,5
 Sat,22/01/2000,10,7,40,44,9,41,14
 Wed,26/01/2000,43,28,41,21,14,6,30
 Sat,29/01/2000,48,21,27,17,5,7,37
 Wed,02/02/2000,42,10,31,32,39,30,25
 Sat,05/02/2000,40,47,38,49,21,46,48
 Wed,09/02/2000,41,19,32,6,3,14,35
 Sat,12/02/2000,18,6,12,17,19,4,37
 Wed,16/02/2000,16,7,42,6,19,12,18
 Sat,19/02/2000,5,1,32,46,43,11,38
 Wed,23/02/2000,20,39,17,18,47,11,43
 Sat,26/02/2000,45,8,6,5,3,16,1
 Wed,01/03/2000,4,12,15,30,10,8,34
 Sat,04/03/2000,47,28,26,11,13,19,8
 Wed,08/03/2000,46,32,22,36,6,18,24
 Sat,11/03/2000,49,46,42,12,7,37,9
 Wed,15/03/2000,12,7,25,30,28,40,37
 Sat,18/03/2000,5,15,8,16,22,39,31
 Wed,22/03/2000,18,36,40,20,6,33,10
 Sat,25/03/2000,22,27,23,15,37,32,43
 Wed,29/03/2000,28,32,23,11,18,20,15
 Sat,01/04/2000,11,30,29,25,19,3,16
 Wed,05/04/2000,3,48,2,10,40,7,37
 Sat,08/04/2000,18,49,46,47,23,30,31
 Wed,12/04/2000,12,22,26,34,19,9,44
 Sat,15/04/2000,28,31,46,2,23,48,42
 Wed,19/04/2000,1,19,29,3,7,44,25
 Sat,22/04/2000,31,49,43,48,26,35,38
 Wed,26/04/2000,14,9,39,28,36,4,6
 Sat,29/04/2000,16,15,19,42,27,29,24
 Wed,03/05/2000,48,38,6,36,5,24,15
 Sat,06/05/2000,3,41,30,31,45,2,23
 Wed,10/05/2000,46,29,38,10,18,37,4
 Sat,13/05/2000,6,35,30,45,42,44,33
 Wed,17/05/2000,21,11,48,1,15,10,7
 Sat,20/05/2000,44,18,7,11,25,21,28
 Wed,24/05/2000,38,21,6,36,46,8,33
 Sat,27/05/2000,34,33,43,45,23,21,40
 Wed,31/05/2000,19,11,14,1,44,38,45
 Sat,03/06/2000,3,48,8,19,35,36,21
 Wed,07/06/2000,20,2,24,5,39,28,21
 Sat,10/06/2000,35,44,15,47,1,14,34
 Wed,14/06/2000,24,38,4,7,26,23,3
 Sat,17/06/2000,43,4,25,40,24,22,6
 Wed,21/06/2000,10,24,33,46,37,1,4
 Sat,24/06/2000,32,6,34,48,9,42,4
 Wed,28/06/2000,46,27,10,8,38,40,3
 Sat,01/07/2000,48,11,16,22,42,39,38
 Wed,05/07/2000,25,6,23,19,28,11,35
 Sat,08/07/2000,46,30,21,41,35,38,26
 Wed,12/07/2000,21,27,4,41,12,49,40
 Sat,15/07/2000,1,2,7,39,44,35,14
 Wed,19/07/2000,33,31,41,23,38,16,20
 Sat,22/07/2000,13,45,16,47,48,43,36
 Wed,26/07/2000,40,28,29,43,2,47,30
 Sat,29/07/2000,29,30,48,45,37,33,15
 Wed,02/08/2000,39,46,44,38,35,26,1
 Sat,05/08/2000,48,39,1,35,37,3,26
 Wed,09/08/2000,14,10,32,35,36,43,37
 Sat,12/08/2000,36,46,31,43,35,6,33
 Wed,16/08/2000,45,24,11,37,34,33,43
 Sat,19/08/2000,46,43,38,34,22,5,9
 Wed,23/08/2000,31,37,32,47,3,38,20
 Sat,26/08/2000,35,11,29,4,16,34,13
 Wed,30/08/2000,24,21,41,38,40,13,9
 Sat,02/09/2000,11,21,36,31,12,40,22
 Wed,06/09/2000,23,11,32,6,44,7,34
 Sat,09/09/2000,4,35,25,43,24,3,7
 Wed,13/09/2000,14,32,20,49,25,47,34
 Sat,16/09/2000,4,26,42,47,22,23,5
 Wed,20/09/2000,7,30,34,39,25,38,28
 Sat,23/09/2000,35,6,16,45,18,32,46
 Wed,27/09/2000,10,28,40,4,24,47,25
 Sat,30/09/2000,12,44,27,15,32,40,35
 Wed,04/10/2000,10,43,14,19,49,46,2
 Sat,07/10/2000,6,20,28,45,31,1,26
 Wed,11/10/2000,19,10,6,34,30,41,26
 Sat,14/10/2000,37,7,38,22,40,31,30
 Wed,18/10/2000,32,36,19,6,4,11,23
 Sat,21/10/2000,15,24,18,8,14,44,31
 Wed,25/10/2000,6,9,13,26,38,14,22
 Sat,28/10/2000,47,13,31,14,23,1,9
 Wed,01/11/2000,9,45,38,4,20,23,47
 Sat,04/11/2000,2,8,29,44,17,33,11
 Wed,08/11/2000,9,2,27,43,16,5,28
 Sat,11/11/2000,35,47,18,28,23,34,11
 Wed,15/11/2000,28,13,41,44,19,31,6
 Sat,18/11/2000,21,9,11,6,27,43,17
 Wed,22/11/2000,23,20,33,4,12,31,16
 Sat,25/11/2000,42,48,3,43,6,20,30
 Wed,29/11/2000,28,37,33,19,7,30,29
 Sat,02/12/2000,47,37,2,46,19,28,38
 Wed,06/12/2000,6,13,27,10,47,19,25
 Sat,09/12/2000,16,11,31,32,25,33,23
 Wed,13/12/2000,12,3,38,34,39,23,11
 Sat,16/12/2000,21,39,26,29,17,34,37
 Wed,20/12/2000,41,46,49,5,8,39,13
 Sat,23/12/2000,16,37,17,23,2,38,6
 Wed,27/12/2000,37,9,36,26,42,24,25
 Sat,30/12/2000,47,1,16,7,38,18,10
 Wed,03/01/2001,6,22,16,5,17,19,40
 Sat,06/01/2001,40,35,34,16,23,6,37
 Wed,10/01/2001,27,15,24,14,10,23,39
 Sat,13/01/2001,23,12,36,40,34,28,18
 Wed,17/01/2001,47,36,10,24,31,13,41
 Sat,20/01/2001,41,13,22,43,17,47,28
 Wed,24/01/2001,29,28,39,10,31,11,24
 Sat,27/01/2001,47,15,45,39,4,12,22
 Wed,31/01/2001,1,33,38,36,16,45,48
 Sat,03/02/2001,17,15,25,26,2,16,44
 Wed,07/02/2001,5,2,33,37,45,40,22
 Sat,10/02/2001,12,32,7,20,17,9,30
 Wed,14/02/2001,3,23,10,30,27,32,19
 Sat,17/02/2001,14,40,10,45,31,35,26
 Wed,21/02/2001,40,24,8,10,30,44,17
 Sat,24/02/2001,28,3,29,1,12,41,42
 Wed,28/02/2001,12,13,9,22,32,4,8
 Sat,03/03/2001,7,48,20,14,24,38,17
 Wed,07/03/2001,3,30,40,12,33,49,22
 Sat,10/03/2001,21,4,37,2,36,12,46
 Wed,14/03/2001,38,37,1,31,8,5,15
 Sat,17/03/2001,1,3,45,15,26,46,48
 Wed,21/03/2001,11,42,34,27,39,22,36
 Sat,24/03/2001,25,42,31,43,6,32,38
 Wed,28/03/2001,36,35,34,25,2,39,26
 Sat,31/03/2001,22,34,44,26,37,23,8
 Wed,04/04/2001,16,28,10,24,23,45,46
 Sat,07/04/2001,19,30,34,9,44,32,18
 Wed,11/04/2001,44,49,37,38,2,19,33
 Sat,14/04/2001,42,47,7,41,35,24,12
 Wed,18/04/2001,35,44,49,46,41,30,33
 Sat,21/04/2001,23,46,12,20,26,33,1
 Wed,25/04/2001,40,35,11,44,24,10,33
 Sat,28/04/2001,2,47,25,44,33,40,17
 Wed,02/05/2001,43,23,17,20,2,28,16
 Sat,05/05/2001,47,16,46,1,33,3,35
 Wed,09/05/2001,30,48,27,9,32,18,46
 Sat,12/05/2001,39,6,30,38,45,29,22
 Wed,16/05/2001,25,1,33,27,38,45,4
 Sat,19/05/2001,12,33,30,48,43,4,35
 Wed,23/05/2001,30,31,11,44,4,47,21
 Sat,26/05/2001,49,29,15,22,35,3,20
 Wed,30/05/2001,35,23,44,7,15,39,48
 Sat,02/06/2001,11,32,24,39,7,19,29
 Wed,06/06/2001,16,37,38,35,12,47,26
 Sat,09/06/2001,33,24,12,45,14,48,31
 Wed,13/06/2001,35,12,14,19,48,33,40
 Sat,16/06/2001,31,7,35,39,45,25,8
 Wed,20/06/2001,11,31,24,49,34,18,48
 Sat,23/06/2001,15,24,25,46,16,7,37
 Wed,27/06/2001,45,12,49,39,18,43,33
 Sat,30/06/2001,43,48,9,15,22,46,21
 Wed,04/07/2001,38,13,28,40,32,47,27
 Sat,07/07/2001,49,38,34,41,24,37,15
 Wed,11/07/2001,24,16,19,11,33,47,39
 Sat,14/07/2001,22,14,7,37,38,11,36
 Wed,18/07/2001,2,25,31,45,41,37,6
 Sat,21/07/2001,27,45,18,13,1,9,29
 Wed,25/07/2001,37,8,1,3,2,30,19
 Sat,28/07/2001,31,29,3,45,36,13,44
 Wed,01/08/2001,15,40,11,27,33,20,14
 Sat,04/08/2001,11,47,28,4,15,7,39
 Wed,08/08/2001,29,32,31,46,39,26,33
 Sat,11/08/2001,36,38,18,19,40,25,42
 Wed,15/08/2001,21,18,4,35,38,6,31
 Sat,18/08/2001,22,18,16,11,23,31,37
 Wed,22/08/2001,22,33,37,14,20,29,45
 Sat,25/08/2001,1,43,14,30,36,10,20
 Wed,29/08/2001,13,47,9,29,4,5,36
 Sat,01/09/2001,32,34,38,9,49,1,3
 Wed,05/09/2001,24,48,23,15,43,27,12
 Sat,08/09/2001,49,6,13,20,1,18,30
 Wed,12/09/2001,27,35,21,11,30,25,40
 Sat,15/09/2001,17,2,9,15,40,48,23
 Wed,19/09/2001,30,8,25,45,6,21,42
 Sat,22/09/2001,49,14,46,6,35,45,16
 Wed,26/09/2001,19,14,3,15,47,17,5
 Sat,29/09/2001,44,22,38,14,2,17,35
 Wed,03/10/2001,26,44,14,30,45,2,40
 Sat,06/10/2001,12,33,29,44,9,47,45
 Wed,10/10/2001,38,46,26,28,30,18,25
 Sat,13/10/2001,48,40,33,38,49,8,6
 Wed,17/10/2001,26,32,31,20,5,40,36
 Sat,20/10/2001,19,1,3,21,26,6,14
 Wed,24/10/2001,43,38,8,39,44,40,3
 Sat,27/10/2001,21,2,24,27,23,38,33
 Wed,31/10/2001,36,4,6,49,18,5,13
 Sat,03/11/2001,10,34,44,43,39,31,17
 Wed,07/11/2001,39,40,10,20,8,9,36
 Sat,10/11/2001,25,6,24,23,30,49,39
 Wed,14/11/2001,32,19,47,29,43,33,46
 Sat,17/11/2001,34,19,12,30,37,41,1
 Wed,21/11/2001,30,44,10,25,46,38,17
 Sat,24/11/2001,23,30,37,27,38,42,28
 Wed,28/11/2001,8,42,32,45,31,22,20
 Sat,01/12/2001,34,26,2,48,14,19,11
 Wed,05/12/2001,4,19,29,6,8,23,38
 Sat,08/12/2001,42,1,14,16,34,30,9
 Wed,12/12/2001,38,33,25,23,44,9,29
 Sat,15/12/2001,24,7,13,40,35,5,16
 Wed,19/12/2001,7,34,48,46,43,28,20
 Sat,22/12/2001,10,12,40,23,9,1,8
 Wed,26/12/2001,36,17,29,37,26,10,16
 Sat,29/12/2001,31,32,36,11,45,19,41
 Wed,02/01/2002,20,24,29,32,2,6,21
 Sat,05/01/2002,41,28,16,42,34,2,38
 Wed,09/01/2002,41,20,16,45,29,28,12
 Sat,12/01/2002,11,1,12,24,3,20,38
 Wed,16/01/2002,44,32,27,15,23,16,17
 Sat,19/01/2002,7,39,18,37,34,42,21
 Wed,23/01/2002,14,8,20,19,44,6,41
 Sat,26/01/2002,27,20,25,13,32,10,1
 Wed,30/01/2002,47,42,27,12,39,19,4
 Sat,02/02/2002,45,12,30,6,46,39,11
 Wed,06/02/2002,13,36,2,20,40,37,34
 Sat,09/02/2002,20,7,28,40,48,15,4
 Wed,13/02/2002,29,7,12,13,16,4,22
 Sat,16/02/2002,37,24,36,10,20,44,1
 Wed,20/02/2002,21,25,24,46,49,17,22
 Sat,23/02/2002,27,8,34,43,48,9,25
 Wed,27/02/2002,28,44,6,39,31,12,42
 Sat,02/03/2002,43,25,11,33,37,8,30
 Wed,06/03/2002,33,31,5,17,34,20,26
 Sat,09/03/2002,39,9,20,18,48,21,6
 Wed,13/03/2002,27,7,1,34,23,15,26
 Sat,16/03/2002,6,42,44,41,26,5,11
 Wed,20/03/2002,28,18,25,10,37,43,14
 Sat,23/03/2002,9,40,31,30,24,28,49
 Wed,27/03/2002,35,9,20,6,24,36,39
 Sat,30/03/2002,8,14,38,47,36,25,15
 Wed,03/04/2002,32,26,4,8,34,18,10
 Sat,06/04/2002,39,32,35,17,48,18,8
 Wed,10/04/2002,26,5,24,11,34,41,2
 Sat,13/04/2002,41,22,3,40,19,44,35
 Wed,17/04/2002,5,32,43,30,19,13,6
 Sat,20/04/2002,14,32,44,21,43,7,31
 Wed,24/04/2002,30,17,3,20,13,21,23
 Sat,27/04/2002,11,32,19,44,33,43,3
 Wed,01/05/2002,32,22,19,24,15,10,41
 Sat,04/05/2002,9,47,45,17,11,8,24
 Wed,08/05/2002,44,10,42,47,49,8,14
 Sat,11/05/2002,1,27,35,46,43,25,22
 Wed,15/05/2002,40,4,19,49,6,10,9
 Sat,18/05/2002,38,22,48,31,30,21,13
 Wed,22/05/2002,46,39,43,5,9,18,48
 Sat,25/05/2002,15,40,14,25,7,27,18
 Wed,29/05/2002,34,44,40,19,30,26,13
 Sat,01/06/2002,13,41,19,44,27,36,3
 Wed,05/06/2002,26,3,47,7,43,5,10
 Sat,08/06/2002,47,16,18,36,28,15,49
 Wed,12/06/2002,48,10,1,47,2,34,12
 Sat,15/06/2002,30,23,36,3,13,14,32
 Wed,19/06/2002,41,21,39,36,18,32,9
 Sat,22/06/2002,17,22,18,32,14,37,12
 Wed,26/06/2002,25,6,43,33,38,7,23
 Sat,29/06/2002,42,49,36,28,4,25,37
 Wed,03/07/2002,29,27,2,22,4,5,24
 Sat,06/07/2002,1,49,20,42,43,44,9
 Wed,10/07/2002,43,4,19,30,18,20,24
 Sat,13/07/2002,23,24,21,15,32,31,8
 Wed,17/07/2002,11,46,45,31,41,10,42
 Sat,20/07/2002,34,7,10,48,16,47,36
 Wed,24/07/2002,43,35,13,21,34,7,10
 Sat,27/07/2002,24,44,26,29,28,34,45
 Wed,31/07/2002,45,9,13,26,23,15,49
 Sat,03/08/2002,35,6,19,11,44,36,39
 Wed,07/08/2002,30,22,10,23,33,42,36
 Sat,10/08/2002,23,28,32,13,31,16,18
 Wed,14/08/2002,20,29,6,8,1,38,31
 Sat,17/08/2002,40,32,31,20,19,35,23
 Wed,21/08/2002,42,34,19,32,5,14,35
 Sat,24/08/2002,4,38,28,46,26,17,3
 Wed,28/08/2002,7,4,9,46,17,36,23
 Sat,31/08/2002,46,2,43,18,31,23,11
 Wed,04/09/2002,23,47,33,45,28,2,13
 Sat,07/09/2002,7,21,38,29,31,41,28
 Wed,11/09/2002,20,44,37,15,28,40,23
 Sat,14/09/2002,14,24,29,8,27,32,21
 Wed,18/09/2002,37,12,7,4,29,42,14
 Sat,21/09/2002,6,7,30,11,1,13,27
 Wed,25/09/2002,6,33,21,32,47,29,4
 Sat,28/09/2002,10,9,11,13,2,16,26
 Wed,02/10/2002,3,15,14,21,48,2,8
 Sat,05/10/2002,37,49,15,18,16,36,28
 Wed,09/10/2002,7,44,47,31,25,22,1
 Sat,12/10/2002,35,36,16,18,39,48,15
 Wed,16/10/2002,34,25,45,28,13,19,32
 Sat,19/10/2002,12,45,43,44,47,30,10
 Wed,23/10/2002,26,44,46,11,43,36,29
 Sat,26/10/2002,45,33,10,24,32,7,29
 Wed,30/10/2002,21,10,31,49,26,48,29
 Sat,02/11/2002,42,48,5,32,28,39,21
 Wed,06/11/2002,41,6,21,8,42,2,7
 Sat,09/11/2002,4,5,37,31,19,8,36
 Wed,13/11/2002,8,24,31,14,6,3,35
 Sat,16/11/2002,34,42,10,48,30,49,6
 Wed,20/11/2002,16,18,44,48,19,46,3
 Sat,23/11/2002,5,12,30,6,19,47,25
 Wed,27/11/2002,25,42,11,35,36,47,18
 Sat,30/11/2002,6,39,37,29,7,20,25
 Wed,04/12/2002,2,40,26,23,28,4,29
 Sat,07/12/2002,36,35,34,2,19,29,18
 Wed,11/12/2002,15,10,29,16,48,13,49
 Sat,14/12/2002,47,11,38,45,39,21,26
 Wed,18/12/2002,11,42,21,17,40,22,19
 Sat,21/12/2002,4,23,37,22,44,43,19
 Tue,24/12/2002,4,8,9,19,46,32,17
 Sat,28/12/2002,32,37,36,2,20,18,5
 Wed,01/01/2003,22,34,3,29,27,41,31
 Sat,04/01/2003,40,19,36,45,33,32,28
 Wed,08/01/2003,12,34,48,46,22,10,3
 Sat,11/01/2003,9,26,18,37,22,41,20
 Wed,15/01/2003,46,29,48,33,38,11,44
 Sat,18/01/2003,4,11,20,46,43,35,18
 Wed,22/01/2003,23,16,35,5,44,47,46
 Sat,25/01/2003,3,42,39,35,38,19,1
 Wed,29/01/2003,6,26,37,1,29,48,27
 Sat,01/02/2003,30,13,2,39,47,45,21
 Wed,05/02/2003,26,46,13,17,1,42,30
 Sat,08/02/2003,43,32,23,37,27,41,35
 Wed,12/02/2003,35,18,17,12,30,20,49
 Sat,15/02/2003,32,4,20,48,49,44,27
 Wed,19/02/2003,35,10,1,4,28,17,32
 Sat,22/02/2003,30,19,42,33,38,44,31
 Wed,26/02/2003,38,5,40,34,18,45,22
 Sat,01/03/2003,29,31,45,44,22,24,35
 Wed,05/03/2003,23,8,3,34,46,12,24
 Sat,08/03/2003,32,5,8,6,33,41,15
 Wed,12/03/2003,33,16,6,40,41,37,25
 Sat,15/03/2003,47,28,4,25,38,24,11
 Wed,19/03/2003,16,18,10,15,2,39,36
 Sat,22/03/2003,45,10,47,49,8,2,9
 Wed,26/03/2003,37,47,35,10,22,49,31
 Sat,29/03/2003,33,42,5,15,35,21,26
 Wed,02/04/2003,11,37,15,8,21,39,25
 Sat,05/04/2003,30,26,38,31,45,9,32
 Wed,09/04/2003,7,45,27,25,33,20,41
 Sat,12/04/2003,45,25,3,16,5,43,23
 Wed,16/04/2003,5,29,47,23,7,38,26
 Sat,19/04/2003,48,8,38,31,13,10,14
 Wed,23/04/2003,13,31,44,41,33,24,5
 Sat,26/04/2003,35,27,21,9,48,33,18
 Wed,30/04/2003,16,43,26,20,35,46,10
 Sat,03/05/2003,7,3,49,46,6,29,37
 Wed,07/05/2003,12,35,33,47,7,26,28
 Sat,10/05/2003,26,32,18,8,38,24,31
 Wed,14/05/2003,3,1,27,16,17,4,7
 Sat,17/05/2003,48,15,36,12,8,22,37
 Wed,21/05/2003,35,39,21,18,19,32,42
 Sat,24/05/2003,22,42,25,4,34,30,35
 Wed,28/05/2003,7,25,15,32,1,27,22
 Sat,31/05/2003,22,25,2,9,26,12,21
 Wed,04/06/2003,20,40,49,7,27,43,12
 Sat,07/06/2003,5,30,18,17,6,2,29
 Wed,11/06/2003,49,39,48,13,9,22,14
 Sat,14/06/2003,46,43,37,3,12,29,11
 Wed,18/06/2003,32,16,18,38,40,26,27
 Sat,21/06/2003,36,20,45,12,39,44,49
 Wed,25/06/2003,2,23,7,6,27,30,21
 Sat,28/06/2003,23,17,35,10,1,29,36
 Wed,02/07/2003,17,14,30,1,23,47,12
 Sat,05/07/2003,10,18,6,19,22,43,8
 Wed,09/07/2003,35,30,2,24,31,7,18
 Sat,12/07/2003,15,13,21,12,9,33,43
 Wed,16/07/2003,16,17,2,26,42,15,35
 Sat,19/07/2003,9,34,3,17,10,48,36
 Wed,23/07/2003,19,31,11,46,23,38,9
 Sat,26/07/2003,37,49,16,1,12,26,23
 Wed,30/07/2003,22,38,17,45,2,49,1
 Sat,02/08/2003,45,28,49,47,5,26,8
 Wed,06/08/2003,8,45,1,36,13,22,21
 Sat,09/08/2003,41,25,14,30,19,11,38
 Wed,13/08/2003,28,19,16,18,10,15,8
 Sat,16/08/2003,1,9,42,45,12,10,27
 Wed,20/08/2003,34,37,48,5,42,6,31
 Sat,23/08/2003,42,25,15,10,18,48,11
 Wed,27/08/2003,29,44,8,45,18,19,42
 Sat,30/08/2003,18,38,43,44,26,33,2
 Wed,03/09/2003,42,11,39,38,10,13,8
 Sat,06/09/2003,21,25,39,1,27,42,17
 Wed,10/09/2003,28,41,25,48,9,37,30
 Sat,13/09/2003,8,30,32,9,3,4,12
 Wed,17/09/2003,15,29,21,9,16,3,46
 Sat,20/09/2003,31,2,48,1,23,15,49
 Wed,24/09/2003,37,34,28,45,13,11,9
 Sat,27/09/2003,30,47,44,46,24,7,38
 Wed,01/10/2003,24,3,48,27,16,30,21
 Sat,04/10/2003,2,8,35,39,23,32,16
 Wed,08/10/2003,25,6,22,28,26,44,9
 Sat,11/10/2003,3,11,6,20,34,43,36
 Wed,15/10/2003,16,49,7,42,11,32,17
 Sat,18/10/2003,23,11,5,17,40,45,41
 Wed,22/10/2003,46,32,34,6,19,29,39
 Sat,25/10/2003,43,10,18,21,49,4,15
 Wed,29/10/2003,19,30,29,38,9,25,3
 Sat,01/11/2003,46,15,11,9,24,38,29
 Wed,05/11/2003,47,22,18,10,20,12,38
 Sat,08/11/2003,39,2,12,48,33,45,29
 Wed,12/11/2003,13,17,24,21,6,9,30
 Sat,15/11/2003,30,47,32,17,31,35,42
 Wed,19/11/2003,18,48,43,13,12,11,21
 Sat,22/11/2003,39,16,8,1,5,31,22
 Wed,26/11/2003,40,16,34,32,48,35,3
 Sat,29/11/2003,25,23,26,9,33,36,37
 Wed,03/12/2003,2,38,34,47,28,35,6
 Sat,06/12/2003,43,3,34,11,35,13,8
 Wed,10/12/2003,8,14,37,48,26,21,9
 Sat,13/12/2003,1,28,39,7,33,9,4
 Wed,17/12/2003,13,4,21,36,46,6,37
 Sat,20/12/2003,23,35,44,46,8,39,31
 Wed,24/12/2003,24,1,48,7,27,46,31
 Sat,27/12/2003,22,41,27,3,18,46,37
 Wed,31/12/2003,34,41,28,31,19,47,1
 Sat,03/01/2004,49,18,40,23,17,22,10
 Wed,07/01/2004,34,17,2,23,12,24,10
 Sat,10/01/2004,14,29,39,41,23,45,17
 Wed,14/01/2004,46,21,2,40,19,5,33
 Sat,17/01/2004,24,39,4,8,21,44,5
 Wed,21/01/2004,3,25,34,11,28,45,42
 Sat,24/01/2004,27,25,32,43,35,16,42
 Wed,28/01/2004,16,8,17,47,10,30,7
 Sat,31/01/2004,27,5,12,13,19,47,40
 Wed,04/02/2004,9,47,18,35,11,20,40
 Sat,07/02/2004,46,45,25,22,44,18,7
 Wed,11/02/2004,23,22,40,38,43,47,32
 Sat,14/02/2004,14,39,45,17,31,15,23
 Wed,18/02/2004,24,21,13,3,5,1,29
 Sat,21/02/2004,18,1,5,48,42,8,38
 Wed,25/02/2004,6,28,41,38,21,34,47
 Sat,28/02/2004,22,19,38,43,39,6,18
 Wed,03/03/2004,44,47,24,40,48,38,23
 Sat,06/03/2004,43,20,35,19,45,17,7
 Wed,10/03/2004,43,37,34,17,11,14,22
 Sat,13/03/2004,10,1,18,46,19,11,43
 Wed,17/03/2004,16,38,43,30,5,42,4
 Sat,20/03/2004,46,48,13,21,37,42,22
 Wed,24/03/2004,17,19,29,41,7,26,49
 Sat,27/03/2004,21,41,33,25,19,37,38
 Wed,31/03/2004,7,11,40,24,4,8,33
 Sat,03/04/2004,9,38,3,28,29,12,5
 Wed,07/04/2004,36,25,46,33,9,49,43
 Sat,10/04/2004,34,30,47,25,39,40,16
 Wed,14/04/2004,1,38,22,32,3,44,45
 Sat,17/04/2004,48,31,3,21,42,47,34
 Wed,21/04/2004,7,29,19,20,49,41,18
 Sat,24/04/2004,5,1,37,3,17,4,30
 Wed,28/04/2004,43,34,3,47,26,1,12
 Sat,01/05/2004,5,49,10,15,27,6,20
 Wed,05/05/2004,45,43,33,23,32,42,4
 Sat,08/05/2004,23,42,14,49,28,17,5
 Wed,12/05/2004,40,19,10,18,15,11,28
 Sat,15/05/2004,49,44,35,4,46,29,12
 Wed,19/05/2004,39,22,10,37,33,28,42
 Sat,22/05/2004,1,4,46,5,34,25,12
 Wed,26/05/2004,15,18,34,24,11,44,28
 Sat,29/05/2004,4,18,40,19,6,1,30
 Wed,02/06/2004,42,43,5,26,22,40,44
 Sat,05/06/2004,44,5,26,8,9,29,16
 Wed,09/06/2004,1,12,23,35,45,26,43
 Sat,12/06/2004,44,49,35,48,22,7,16
 Wed,16/06/2004,35,42,31,26,22,29,6
 Sat,19/06/2004,42,45,23,2,31,28,17
 Wed,23/06/2004,18,5,48,24,38,21,25
 Sat,26/06/2004,24,21,28,16,31,33,3
 Wed,30/06/2004,12,29,43,11,37,15,45
 Sat,03/07/2004,43,25,47,8,6,21,16
 Wed,07/07/2004,33,5,17,10,16,11,13
 Sat,10/07/2004,32,6,9,31,47,40,24
 Wed,14/07/2004,47,38,33,6,27,45,8
 Sat,17/07/2004,16,1,11,23,36,3,22
 Wed,21/07/2004,6,43,15,13,40,9,2
 Sat,24/07/2004,30,27,31,22,48,49,28
 Wed,28/07/2004,11,14,25,21,10,42,15
 Sat,31/07/2004,40,29,3,13,48,17,39
 Wed,04/08/2004,8,4,10,17,22,7,11
 Sat,07/08/2004,33,41,11,38,28,8,40
 Wed,11/08/2004,48,19,47,12,11,49,7
 Sat,14/08/2004,13,14,41,32,31,37,42
 Wed,18/08/2004,6,36,42,12,13,11,21
 Sat,21/08/2004,44,1,2,19,30,49,21
 Wed,25/08/2004,46,10,19,12,13,31,17
 Sat,28/08/2004,44,6,37,7,10,20,36
 Wed,01/09/2004,27,32,49,12,25,37,28
 Sat,04/09/2004,3,25,5,43,10,47,20
 Wed,08/09/2004,48,1,10,39,35,27,28
 Sat,11/09/2004,19,8,5,42,35,30,18
 Wed,15/09/2004,17,33,3,21,44,11,27
 Sat,18/09/2004,10,13,28,5,42,14,48
 Wed,22/09/2004,49,19,40,46,12,42,17
 Sat,25/09/2004,42,10,28,3,43,29,2
 Wed,29/09/2004,41,31,23,14,35,4,24
 Sat,02/10/2004,41,33,1,5,6,31,35
 Wed,06/10/2004,11,37,6,19,12,44,16
 Sat,09/10/2004,34,30,17,22,6,27,26
 Wed,13/10/2004,17,3,18,14,43,7,42
 Sat,16/10/2004,25,32,46,36,45,33,47
 Wed,20/10/2004,10,31,25,19,33,13,21
 Sat,23/10/2004,40,22,37,38,27,33,24
 Wed,27/10/2004,39,21,11,40,9,46,35
 Sat,30/10/2004,27,8,47,26,3,9,45
 Wed,03/11/2004,35,25,36,39,5,33,43
 Sat,06/11/2004,2,26,39,40,36,29,10
 Wed,10/11/2004,40,27,37,43,13,49,1
 Sat,13/11/2004,22,4,12,13,10,14,21
 Wed,17/11/2004,11,36,24,28,14,20,46
 Sat,20/11/2004,1,8,26,4,28,36,31
 Wed,24/11/2004,48,6,9,23,38,15,45
 Sat,27/11/2004,7,43,9,46,4,10,11
 Wed,01/12/2004,7,18,31,36,49,27,43
 Sat,04/12/2004,42,45,38,35,9,8,14
 Wed,08/12/2004,12,11,35,16,26,39,34
 Sat,11/12/2004,7,49,9,19,23,27,1
 Wed,15/12/2004,19,31,7,25,39,11,23
 Sat,18/12/2004,25,5,16,27,30,22,33
 Wed,22/12/2004,45,44,4,47,12,27,41
 Fri,24/12/2004,37,49,36,24,19,15,35
 Wed,29/12/2004,30,22,41,47,43,4,29
 Sat,01/01/2005,4,40,9,15,6,12,25
 Wed,05/01/2005,48,8,42,20,5,15,40
 Sat,08/01/2005,29,10,17,33,28,7,36
 Wed,12/01/2005,5,4,38,31,42,33,41
 Sat,15/01/2005,20,38,32,5,30,35,9
 Wed,19/01/2005,34,47,24,33,15,28,37
 Sat,22/01/2005,42,15,23,5,30,34,14
 Wed,26/01/2005,14,33,40,12,3,22,19
 Sat,29/01/2005,27,3,38,8,44,46,35
 Wed,02/02/2005,49,28,2,33,19,44,21
 Sat,05/02/2005,22,44,36,19,43,33,1
 Wed,09/02/2005,12,24,32,33,22,18,17
 Sat,12/02/2005,11,23,18,20,48,32,25
 Wed,16/02/2005,9,49,13,30,29,18,41
 Sat,19/02/2005,35,16,10,30,19,45,6
 Wed,23/02/2005,32,37,25,36,17,30,6
 Sat,26/02/2005,48,43,14,8,25,40,33
 Wed,02/03/2005,33,15,48,3,16,6,43
 Sat,05/03/2005,49,27,26,19,24,6,8
 Wed,09/03/2005,14,47,25,40,21,39,20
 Sat,12/03/2005,8,2,1,41,9,48,29
 Wed,16/03/2005,35,3,21,9,39,7,32
 Sat,19/03/2005,18,33,6,49,8,43,27
 Wed,23/03/2005,25,14,12,38,30,32,42
 Sat,26/03/2005,28,48,5,40,21,23,26
 Wed,30/03/2005,11,31,26,29,1,23,39
 Sat,02/04/2005,27,26,42,34,18,29,36
 Wed,06/04/2005,36,45,26,22,43,49,6
 Sat,09/04/2005,47,22,45,25,27,14,8
 Wed,13/04/2005,36,41,48,23,14,40,6
 Sat,16/04/2005,39,42,40,32,26,25,41
 Wed,20/04/2005,38,26,27,13,43,41,35
 Sat,23/04/2005,31,43,25,18,29,3,23
 Wed,27/04/2005,15,24,20,47,2,32,29
 Sat,30/04/2005,30,23,47,26,39,2,31
 Wed,04/05/2005,41,30,48,38,45,35,46
 Sat,07/05/2005,34,35,49,6,2,21,46
 Wed,11/05/2005,17,43,6,29,11,1,8
 Sat,14/05/2005,43,18,33,12,48,22,25
 Wed,18/05/2005,4,28,47,22,27,19,41
 Sat,21/05/2005,47,34,43,38,48,14,9
 Wed,25/05/2005,18,33,37,14,29,39,47
 Sat,28/05/2005,21,24,46,16,34,10,30
 Wed,01/06/2005,17,3,19,11,41,20,6
 Sat,04/06/2005,40,13,8,6,15,21,35
 Wed,08/06/2005,11,48,34,13,44,26,2
 Sat,11/06/2005,34,45,25,1,18,2,31
 Wed,15/06/2005,37,12,42,7,11,45,4
 Sat,18/06/2005,49,26,7,4,41,42,37
 Wed,22/06/2005,44,4,7,48,47,1,14
 Sat,25/06/2005,49,44,38,15,23,27,34
 Wed,29/06/2005,12,44,7,23,29,26,31
 Sat,02/07/2005,33,35,38,40,25,8,7
 Wed,06/07/2005,12,3,17,49,44,36,20
 Sat,09/07/2005,22,37,7,20,23,34,38
 Wed,13/07/2005,36,47,25,39,42,3,23
 Sat,16/07/2005,44,3,21,38,2,24,47
 Wed,20/07/2005,43,39,45,29,41,4,42
 Sat,23/07/2005,37,29,16,12,7,24,44
 Wed,27/07/2005,13,37,17,10,31,12,44
 Sat,30/07/2005,13,43,9,35,45,3,8
 Wed,03/08/2005,10,43,2,36,30,37,29
 Sat,06/08/2005,6,3,7,17,34,30,8
 Wed,10/08/2005,8,43,31,15,34,30,40
 Sat,13/08/2005,22,48,30,35,19,44,3
 Wed,17/08/2005,33,13,22,31,10,3,15
 Sat,20/08/2005,20,44,11,12,38,7,45
 Wed,24/08/2005,40,48,1,43,49,44,2
 Sat,27/08/2005,13,6,43,17,32,23,49
 Wed,31/08/2005,4,49,21,32,14,10,44
 Sat,03/09/2005,35,14,34,45,26,36,32
 Wed,07/09/2005,7,43,41,1,5,49,45
 Sat,10/09/2005,1,34,46,24,8,27,30
 Wed,14/09/2005,15,39,20,35,25,22,36
 Sat,17/09/2005,21,40,46,9,31,23,8
 Wed,21/09/2005,23,42,40,33,35,2,25
 Sat,24/09/2005,29,11,27,2,44,36,15
 Wed,28/09/2005,46,21,32,41,43,42,17
 Sat,01/10/2005,31,6,4,47,42,46,11
 Wed,05/10/2005,14,34,17,23,42,30,19
 Sat,08/10/2005,26,22,1,20,14,25,9
 Wed,12/10/2005,13,15,19,45,7,5,38
 Sat,15/10/2005,29,7,4,42,30,44,39
 Wed,19/10/2005,21,29,18,7,20,47,31
 Sat,22/10/2005,30,39,18,22,32,20,3
 Wed,26/10/2005,26,14,28,10,33,38,23
 Sat,29/10/2005,39,2,49,13,5,30,3
 Wed,02/11/2005,48,49,32,47,25,19,28
 Sat,05/11/2005,32,26,13,21,39,12,17
 Wed,09/11/2005,30,49,45,15,23,1,33
 Sat,12/11/2005,12,25,30,47,13,45,42
 Wed,16/11/2005,22,24,4,41,9,30,20
 Sat,19/11/2005,19,37,4,10,9,24,28
 Wed,23/11/2005,14,36,46,33,42,39,13
 Sat,26/11/2005,46,39,27,28,19,34,7
 Wed,30/11/2005,14,7,37,41,29,45,4
 Sat,03/12/2005,47,2,28,11,10,36,33
 Wed,07/12/2005,26,11,8,2,22,12,46
 Sat,10/12/2005,30,20,23,48,31,25,10
 Wed,14/12/2005,9,17,7,40,22,27,41
 Sat,17/12/2005,47,15,35,11,21,7,43
 Wed,21/12/2005,13,5,45,31,6,12,24
 Sat,24/12/2005,25,30,17,21,27,37,16
 Wed,28/12/2005,42,6,30,10,19,8,23
 Sat,31/12/2005,33,6,36,49,11,9,29
 Wed,04/01/2006,43,7,13,45,47,31,23
 Sat,07/01/2006,14,48,28,19,8,29,6
 Wed,11/01/2006,38,5,19,34,8,6,11
 Sat,14/01/2006,28,4,8,47,23,16,34
 Wed,18/01/2006,2,47,24,46,3,7,36
 Sat,21/01/2006,49,39,26,1,27,25,37
 Wed,25/01/2006,46,14,18,9,26,15,45
 Sat,28/01/2006,29,30,22,9,48,18,23
 Wed,01/02/2006,11,13,5,17,48,44,25
 Sat,04/02/2006,22,39,1,6,3,23,21
 Wed,08/02/2006,28,27,42,31,9,41,25
 Sat,11/02/2006,9,25,15,40,4,30,42
 Wed,15/02/2006,16,12,11,5,45,17,42
 Sat,18/02/2006,35,36,23,40,32,9,5
 Wed,22/02/2006,42,35,9,43,27,5,14
 Sat,25/02/2006,43,14,48,37,24,7,29
 Wed,01/03/2006,16,15,42,19,28,38,20
 Sat,04/03/2006,40,33,22,1,32,16,48
 Wed,08/03/2006,14,37,1,11,35,42,26
 Sat,11/03/2006,36,29,31,4,9,13,16
 Wed,15/03/2006,1,30,35,14,48,21,24
 Sat,18/03/2006,44,22,34,10,24,7,18
 Wed,22/03/2006,19,34,16,8,4,40,38
 Sat,25/03/2006,2,6,30,10,17,29,9
 Wed,29/03/2006,44,18,37,2,36,6,19
 Sat,01/04/2006,23,9,18,21,39,17,45
 Wed,05/04/2006,2,49,16,26,22,1,15
 Sat,08/04/2006,5,40,28,6,18,7,12
 Wed,12/04/2006,49,26,44,38,7,19,24
 Sat,15/04/2006,48,19,7,15,37,23,45
 Wed,19/04/2006,3,44,49,9,33,47,38
 Sat,22/04/2006,9,40,48,30,24,42,15
 Wed,26/04/2006,48,27,45,33,32,1,25
 Sat,29/04/2006,36,29,47,10,31,32,17
 Wed,03/05/2006,39,9,40,42,22,11,12
 Sat,06/05/2006,11,21,2,34,33,7,8
 Wed,10/05/2006,32,13,36,8,28,46,15
 Sat,13/05/2006,22,36,21,47,3,15,27
 Wed,17/05/2006,33,19,35,38,10,3,8
 Sat,20/05/2006,22,24,6,16,17,45,48
 Wed,24/05/2006,25,29,46,41,17,1,6
 Sat,27/05/2006,28,24,8,5,31,12,22
 Wed,31/05/2006,32,34,4,37,35,16,1
 Sat,03/06/2006,28,6,7,4,9,39,20
 Wed,07/06/2006,6,48,9,11,33,14,31
 Sat,10/06/2006,41,32,39,14,27,47,12
 Wed,14/06/2006,49,7,10,35,33,4,46
 Sat,17/06/2006,41,25,26,47,40,33,10
 Wed,21/06/2006,44,8,49,27,38,16,31
 Sat,24/06/2006,44,9,21,39,14,23,19
 Wed,28/06/2006,34,12,11,44,39,48,21
 Sat,01/07/2006,28,37,39,18,42,33,15
 Wed,05/07/2006,17,33,7,45,42,29,24
 Sat,08/07/2006,19,29,42,6,10,32,13
 Wed,12/07/2006,20,28,27,39,18,26,45
 Sat,15/07/2006,38,12,6,39,19,20,13
 Wed,19/07/2006,37,46,25,21,45,4,6
 Sat,22/07/2006,31,47,23,26,22,20,2
 Wed,26/07/2006,17,33,39,7,30,27,6
 Sat,29/07/2006,5,21,19,49,4,16,20
 Wed,02/08/2006,9,41,18,5,47,8,49
 Sat,05/08/2006,11,18,31,26,13,3,35
 Wed,09/08/2006,16,12,2,41,18,4,48
 Sat,12/08/2006,24,43,46,38,49,30,6
 Wed,16/08/2006,16,4,25,20,31,8,43
 Sat,19/08/2006,34,6,40,48,29,31,4
 Wed,23/08/2006,37,6,20,23,21,16,40
 Sat,26/08/2006,49,17,42,10,31,24,5
 Wed,30/08/2006,38,22,19,49,44,21,45
 Sat,02/09/2006,34,20,3,8,40,22,38
 Wed,06/09/2006,7,29,5,37,14,38,12
 Sat,09/09/2006,43,37,15,21,2,46,36
 Wed,13/09/2006,15,48,8,17,40,43,21
 Sat,16/09/2006,11,16,34,43,33,12,28
 Wed,20/09/2006,45,29,3,38,21,35,46
 Sat,23/09/2006,43,6,42,26,28,35,38
 Wed,27/09/2006,16,27,3,44,2,48,24
 Sat,30/09/2006,26,12,13,19,8,38,11
 Wed,04/10/2006,19,32,16,27,14,12,44
 Sat,07/10/2006,36,23,24,26,4,13,45
 Wed,11/10/2006,27,26,14,24,39,16,6
 Sat,14/10/2006,8,15,42,24,37,31,45
 Wed,18/10/2006,39,12,48,36,41,6,17
 Sat,21/10/2006,31,18,37,15,23,49,38
 Wed,25/10/2006,22,7,2,14,10,16,43
 Sat,28/10/2006,29,6,20,12,4,5,30
 Wed,01/11/2006,14,9,20,31,13,35,32
 Sat,04/11/2006,42,17,43,33,40,30,34
 Wed,08/11/2006,18,46,38,2,31,39,42
 Sat,11/11/2006,23,41,34,24,28,33,18
 Wed,15/11/2006,42,2,3,40,22,17,12
 Sat,18/11/2006,19,20,32,1,42,46,49
 Wed,22/11/2006,45,14,24,49,31,15,34
 Sat,25/11/2006,44,4,38,31,7,48,1
 Wed,29/11/2006,20,42,31,17,46,40,1
 Sat,02/12/2006,31,15,46,42,11,9,27
 Wed,06/12/2006,5,9,2,12,22,32,34
 Sat,09/12/2006,18,10,46,5,20,8,43
 Wed,13/12/2006,4,12,14,46,20,49,24
 Sat,16/12/2006,11,46,30,8,5,27,34
 Wed,20/12/2006,10,25,38,22,21,4,31
 Sat,23/12/2006,44,24,49,10,37,16,4
 Wed,27/12/2006,29,45,39,16,34,27,19
 Sat,30/12/2006,45,1,2,11,37,7,14
 Wed,03/01/2007,4,44,6,43,36,30,20
 Sat,06/01/2007,35,40,15,29,39,25,11
 Wed,10/01/2007,2,1,29,49,13,33,6
 Sat,13/01/2007,28,8,12,20,5,48,40
 Wed,17/01/2007,37,17,12,25,21,31,30
 Sat,20/01/2007,49,7,26,39,28,4,47
 Wed,24/01/2007,48,2,10,8,31,46,12
 Sat,27/01/2007,38,4,24,21,15,23,36
 Wed,31/01/2007,21,14,30,43,13,49,17
 Sat,03/02/2007,17,46,49,13,47,39,48
 Wed,07/02/2007,18,16,29,6,35,30,48
 Sat,10/02/2007,26,41,39,38,22,42,8
 Wed,14/02/2007,42,1,4,38,2,43,23
 Sat,17/02/2007,43,18,6,47,40,49,32
 Wed,21/02/2007,34,1,6,39,42,26,25
 Sat,24/02/2007,34,18,5,42,49,26,8
 Wed,28/02/2007,40,34,15,46,44,4,45
 Sat,03/03/2007,11,28,5,19,36,1,38
 Wed,07/03/2007,25,14,42,48,4,35,37
 Sat,10/03/2007,38,1,9,34,16,41,4
 Wed,14/03/2007,48,24,21,39,6,38,41
 Sat,17/03/2007,44,9,20,1,43,14,32
 Wed,21/03/2007,19,35,45,44,29,15,7
 Sat,24/03/2007,30,9,45,14,26,28,38
 Wed,28/03/2007,32,41,19,2,5,23,38
 Sat,31/03/2007,48,44,42,39,3,35,41
 Wed,04/04/2007,35,14,46,19,49,11,17
 Sat,07/04/2007,37,23,24,33,30,31,20
 Wed,11/04/2007,8,42,35,21,11,32,47
 Sat,14/04/2007,23,36,49,29,16,13,14
 Wed,18/04/2007,30,41,17,8,11,32,47
 Sat,21/04/2007,30,46,21,20,14,41,6
 Wed,25/04/2007,32,1,39,25,31,7,18
 Sat,28/04/2007,47,28,41,24,17,11,48
 Wed,02/05/2007,11,18,39,44,25,27,34
 Sat,05/05/2007,34,39,4,38,49,33,23
 Wed,09/05/2007,8,34,47,9,49,19,4
 Sat,12/05/2007,43,40,3,12,6,9,44
 Wed,16/05/2007,27,9,24,28,20,22,12
 Sat,19/05/2007,19,20,17,32,36,48,18
 Wed,23/05/2007,40,32,31,3,19,36,43
 Sat,26/05/2007,28,19,15,24,34,3,17
 Wed,30/05/2007,2,25,47,41,20,22,37
 Sat,02/06/2007,38,43,1,35,33,10,34
 Wed,06/06/2007,40,7,28,37,21,22,1
 Sat,09/06/2007,23,46,3,33,2,40,30
 Wed,13/06/2007,40,24,19,48,30,13,31
 Sat,16/06/2007,45,43,41,8,33,17,37
 Wed,20/06/2007,43,13,22,16,47,49,28
 Sat,23/06/2007,25,12,41,19,6,31,21
 Wed,27/06/2007,41,40,13,48,23,7,1
 Sat,30/06/2007,17,46,34,11,10,38,48
 Wed,04/07/2007,44,32,13,22,46,3,26
 Sat,07/07/2007,33,28,22,30,16,35,37
 Wed,11/07/2007,9,46,10,3,47,12,22
 Sat,14/07/2007,27,39,35,15,38,37,11
 Wed,18/07/2007,31,12,39,33,41,45,23
 Sat,21/07/2007,29,10,49,25,21,3,20
 Wed,25/07/2007,3,18,38,21,36,24,20
 Sat,28/07/2007,27,22,4,18,48,44,33
 Wed,01/08/2007,23,15,28,42,6,3,40
 Sat,04/08/2007,34,25,26,23,12,49,4
 Wed,08/08/2007,12,13,9,20,43,3,7
 Sat,11/08/2007,19,46,11,6,22,10,40
 Wed,15/08/2007,43,2,15,35,5,34,12
 Sat,18/08/2007,26,2,32,37,47,12,22
 Wed,22/08/2007,18,40,39,42,35,31,32
 Sat,25/08/2007,40,42,17,13,7,33,8
 Wed,29/08/2007,6,31,11,17,41,4,44
 Sat,01/09/2007,48,41,34,42,27,3,8
 Wed,05/09/2007,26,40,35,24,39,11,38
 Sat,08/09/2007,24,20,39,4,10,49,31
 Wed,12/09/2007,46,18,13,21,4,30,5
 Sat,15/09/2007,36,7,3,21,25,12,24
 Wed,19/09/2007,25,13,2,47,6,5,45
 Sat,22/09/2007,31,30,18,3,12,15,25
 Wed,26/09/2007,41,32,24,8,16,2,4
 Sat,29/09/2007,10,49,16,11,1,9,37
 Wed,03/10/2007,1,30,17,24,49,26,14
 Sat,06/10/2007,6,5,22,18,24,38,10
 Wed,10/10/2007,1,36,24,45,27,9,49
 Sat,13/10/2007,12,36,11,39,7,38,44
 Wed,17/10/2007,12,10,32,22,45,46,27
 Sat,20/10/2007,40,33,27,4,15,25,20
 Wed,24/10/2007,48,14,24,28,16,45,29
 Sat,27/10/2007,8,32,13,22,10,6,3
 Wed,31/10/2007,35,9,33,12,25,20,17
 Sat,03/11/2007,10,49,3,22,31,25,4
 Wed,07/11/2007,2,6,36,13,17,9,4
 Sat,10/11/2007,25,35,11,13,5,18,7
 Wed,14/11/2007,5,4,35,37,42,21,14
 Sat,17/11/2007,27,46,16,11,22,20,29
 Wed,21/11/2007,32,6,8,47,25,24,15
 Sat,24/11/2007,14,25,39,37,47,1,38
 Wed,28/11/2007,45,44,15,25,11,33,17
 Sat,01/12/2007,42,33,24,36,39,12,21
 Wed,05/12/2007,26,18,13,2,39,8,10
 Sat,08/12/2007,10,11,6,4,24,33,26
 Wed,12/12/2007,20,42,45,19,23,44,7
 Sat,15/12/2007,43,12,25,46,49,22,10
 Wed,19/12/2007,33,36,13,21,47,11,3
 Sat,22/12/2007,21,11,13,44,16,14,35
 Wed,26/12/2007,18,44,8,27,23,14,48
 Sat,29/12/2007,28,23,32,4,30,13,11
 Wed,02/01/2008,25,13,37,15,39,31,41
 Sat,05/01/2008,33,49,2,20,3,12,11
 Wed,09/01/2008,28,44,49,26,24,14,45
 Sat,12/01/2008,15,18,45,11,34,6,43
 Wed,16/01/2008,29,17,22,42,8,13,43
 Sat,19/01/2008,32,30,43,45,6,10,23
 Wed,23/01/2008,30,12,13,36,15,4,42
 Sat,26/01/2008,13,43,2,6,38,1,24
 Wed,30/01/2008,40,7,46,37,27,8,1
 Sat,02/02/2008,5,25,34,7,18,22,12
 Wed,06/02/2008,48,2,5,12,15,30,38
 Sat,09/02/2008,14,40,31,2,26,29,7
 Wed,13/02/2008,32,14,24,28,41,9,13
 Sat,16/02/2008,48,9,37,21,24,18,22
 Wed,20/02/2008,17,39,31,29,44,7,4
 Sat,23/02/2008,8,25,11,39,46,16,37
 Wed,27/02/2008,30,32,38,45,16,29,40
 Sat,01/03/2008,12,8,20,29,1,49,4
 Wed,05/03/2008,16,8,43,14,39,47,38
 Sat,08/03/2008,31,4,47,30,18,15,9
 Wed,12/03/2008,47,26,1,38,13,41,7
 Sat,15/03/2008,48,2,40,49,23,37,29
 Wed,19/03/2008,27,22,35,25,5,21,14
 Sat,22/03/2008,14,45,48,27,7,11,37
 Wed,26/03/2008,33,45,22,48,27,3,17
 Sat,29/03/2008,43,11,28,40,31,17,39
 Wed,02/04/2008,47,6,43,21,2,23,29
 Sat,05/04/2008,45,30,7,49,23,41,2
 Wed,09/04/2008,8,1,6,32,14,17,12
 Sat,12/04/2008,44,46,49,4,22,17,26
 Wed,16/04/2008,10,14,38,29,4,31,43
 Sat,19/04/2008,24,38,19,42,46,5,27
 Wed,23/04/2008,10,39,23,41,15,34,33
 Sat,26/04/2008,40,39,16,37,4,1,35
 Wed,30/04/2008,15,41,35,33,44,31,9
 Sat,03/05/2008,17,2,42,36,32,15,4
 Wed,07/05/2008,9,12,10,31,16,30,3
 Sat,10/05/2008,40,14,32,4,18,24,37
 Wed,14/05/2008,41,3,29,34,42,4,25
 Sat,17/05/2008,41,3,46,11,12,47,20
 Wed,21/05/2008,2,23,38,41,49,47,1
 Sat,24/05/2008,26,6,30,10,38,3,15
 Wed,28/05/2008,10,28,48,45,36,25,40
 Sat,31/05/2008,39,22,15,37,34,20,17
 Wed,04/06/2008,27,35,39,42,37,19,23
 Sat,07/06/2008,14,44,37,5,9,38,42
 Wed,11/06/2008,28,22,35,1,8,44,19
 Sat,14/06/2008,29,16,7,34,23,17,4
 Wed,18/06/2008,39,12,40,45,34,26,19
 Sat,21/06/2008,11,8,9,22,18,16,36
 Wed,25/06/2008,36,23,24,22,11,12,26
 Sat,28/06/2008,46,23,48,12,19,7,28
 Wed,02/07/2008,3,30,4,12,31,23,33
 Sat,05/07/2008,30,26,2,22,28,39,12
 Wed,09/07/2008,2,26,29,15,3,9,19
 Sat,12/07/2008,27,29,16,42,30,28,43
 Wed,16/07/2008,17,18,3,42,22,12,19
 Sat,19/07/2008,13,29,9,18,30,6,37
 Wed,23/07/2008,39,35,40,33,15,17,49
 Sat,26/07/2008,3,35,19,11,24,33,9
 Wed,30/07/2008,28,4,26,32,46,44,7
 Sat,02/08/2008,8,15,35,49,23,32,9
 Wed,06/08/2008,30,49,47,23,7,9,18
 Sat,09/08/2008,9,29,33,40,17,10,15
 Wed,13/08/2008,23,11,9,26,5,10,12
 Sat,16/08/2008,9,34,41,35,2,3,46
 Wed,20/08/2008,33,29,34,32,1,38,6
 Sat,23/08/2008,27,9,42,23,16,26,44
 Wed,27/08/2008,14,43,8,35,34,33,12
 Sat,30/08/2008,44,14,27,36,2,31,48
 Wed,03/09/2008,3,24,5,7,35,9,11
 Sat,06/09/2008,9,4,13,36,6,35,46
 Wed,10/09/2008,19,22,7,48,16,15,38
 Sat,13/09/2008,28,44,21,40,5,29,35
 Wed,17/09/2008,9,29,3,24,11,43,25
 Sat,20/09/2008,20,15,5,24,47,22,45
 Wed,24/09/2008,21,24,35,14,46,1,38
 Sat,27/09/2008,44,21,27,11,38,40,2
 Wed,01/10/2008,6,27,42,29,49,38,30
 Sat,04/10/2008,28,18,17,29,32,40,39
 Wed,08/10/2008,42,48,24,25,9,13,5
 Sat,11/10/2008,23,21,27,28,20,24,33
 Wed,15/10/2008,34,38,8,15,18,1,19
 Sat,18/10/2008,3,12,30,40,39,10,23
 Wed,22/10/2008,1,29,40,12,37,35,25
 Sat,25/10/2008,38,31,1,43,20,46,36
 Wed,29/10/2008,12,27,15,20,10,6,26
 Sat,01/11/2008,33,43,18,25,30,19,4
 Wed,05/11/2008,2,43,34,27,13,11,25
 Sat,08/11/2008,24,27,15,26,34,33,23
 Wed,12/11/2008,1,5,20,27,13,45,14
 Sat,15/11/2008,41,14,38,30,17,37,49
 Wed,19/11/2008,33,5,31,18,27,7,29
 Sat,22/11/2008,34,4,12,35,48,38,27
 Wed,26/11/2008,49,23,6,13,3,27,16
 Sat,29/11/2008,47,39,34,35,43,10,33
 Wed,03/12/2008,34,21,4,44,19,12,38
 Sat,06/12/2008,48,37,39,10,12,20,31
 Wed,10/12/2008,27,29,23,9,11,33,36
 Sat,13/12/2008,4,16,28,37,47,2,5
 Wed,17/12/2008,26,17,15,10,49,46,47
 Sat,20/12/2008,44,11,9,23,3,36,25
 Wed,24/12/2008,37,47,10,24,31,2,38
 Sat,27/12/2008,10,39,42,40,24,7,5
 Wed,31/12/2008,36,3,45,11,15,33,38
 Sat,03/01/2009,39,37,19,49,9,36,10
 Wed,07/01/2009,27,32,8,45,39,1,7
 Sat,10/01/2009,11,5,8,45,38,15,21
 Wed,14/01/2009,18,42,37,28,39,3,40
 Sat,17/01/2009,33,1,7,38,36,9,39
 Wed,21/01/2009,3,32,25,45,28,29,48
 Sat,24/01/2009,26,25,40,39,38,24,3
 Wed,28/01/2009,40,43,39,29,4,37,9
 Sat,31/01/2009,4,38,35,13,15,1,39
 Wed,04/02/2009,24,31,40,33,36,4,25
 Sat,07/02/2009,41,26,7,3,24,25,28
 Wed,11/02/2009,46,38,14,9,47,16,11
 Sat,14/02/2009,17,45,4,2,19,38,15
 Wed,18/02/2009,24,44,29,5,23,39,26
 Sat,21/02/2009,18,42,45,46,26,22,44
 Wed,25/02/2009,19,6,39,32,25,37,21
 Sat,28/02/2009,43,6,33,37,25,42,23
 Wed,04/03/2009,46,3,32,37,25,21,15
 Sat,07/03/2009,30,33,32,44,21,6,35
 Wed,11/03/2009,21,31,6,20,9,34,48
 Sat,14/03/2009,31,16,37,29,9,25,24
 Wed,18/03/2009,39,2,41,5,22,25,27
 Sat,21/03/2009,31,36,32,33,38,1,8
 Wed,25/03/2009,13,37,23,49,26,27,47
 Sat,28/03/2009,31,2,28,47,17,19,14
 Wed,01/04/2009,3,19,14,24,40,5,38
 Sat,04/04/2009,18,39,11,36,32,28,21
 Wed,08/04/2009,25,21,23,48,10,8,3
 Sat,11/04/2009,30,32,24,6,11,45,3
 Wed,15/04/2009,31,23,5,9,39,18,37
 Sat,18/04/2009,33,24,35,49,13,42,37
 Wed,22/04/2009,21,43,42,11,34,45,20
 Sat,25/04/2009,39,41,7,17,14,49,29
 Wed,29/04/2009,42,15,45,35,1,48,38
 Sat,02/05/2009,32,10,25,17,40,34,20
 Wed,06/05/2009,10,8,1,34,20,13,28
 Sat,09/05/2009,37,28,9,6,42,31,12
 Wed,13/05/2009,37,31,19,47,16,13,5
 Sat,16/05/2009,42,1,27,9,5,45,21
 Wed,20/05/2009,45,37,9,10,30,46,29
 Sat,23/05/2009,48,41,32,17,44,12,15
 Wed,27/05/2009,48,31,41,12,24,2,40
 Sat,30/05/2009,43,20,19,2,33,5,32
 Wed,03/06/2009,31,6,33,22,4,35,3
 Sat,06/06/2009,14,6,32,42,35,41,43
 Wed,10/06/2009,30,8,23,21,46,3,26
 Sat,13/06/2009,1,36,48,13,43,18,2
 Wed,17/06/2009,10,36,14,8,28,11,18
 Sat,20/06/2009,3,40,29,4,24,17,46
 Wed,24/06/2009,21,31,17,23,10,20,32
 Sat,27/06/2009,25,9,42,31,17,26,7
 Wed,01/07/2009,38,11,1,2,31,43,46
 Sat,04/07/2009,26,48,16,14,44,39,23
 Wed,08/07/2009,21,35,10,22,49,16,31
 Sat,11/07/2009,10,35,4,28,6,39,8
 Wed,15/07/2009,10,8,41,5,29,39,15
 Sat,18/07/2009,28,9,41,27,39,33,12
 Wed,22/07/2009,22,23,31,35,40,2,20
 Sat,25/07/2009,38,17,30,32,8,40,4
 Wed,29/07/2009,19,20,23,26,13,3,1
 Sat,01/08/2009,49,28,6,27,2,40,14
 Wed,05/08/2009,16,32,18,44,39,1,33
 Sat,08/08/2009,32,9,26,33,17,36,6
 Wed,12/08/2009,27,9,21,39,20,40,14
 Sat,15/08/2009,47,46,16,32,48,31,34
 Wed,19/08/2009,23,41,45,26,10,30,49
 Sat,22/08/2009,36,18,44,43,24,23,21
 Wed,26/08/2009,17,48,27,3,11,9,6
 Sat,29/08/2009,9,18,39,34,47,37,5
 Wed,02/09/2009,28,7,4,2,27,35,21
 Sat,05/09/2009,36,41,22,12,19,26,39
 Wed,09/09/2009,23,35,11,28,39,2,15
 Sat,12/09/2009,18,24,20,43,30,44,47
 Wed,16/09/2009,34,44,23,48,46,18,6
 Sat,19/09/2009,20,18,33,43,31,45,1
 Wed,23/09/2009,23,28,25,46,47,41,27
 Sat,26/09/2009,3,17,43,32,5,40,29
 Wed,30/09/2009,28,41,2,36,15,10,8
 Sat,03/10/2009,21,14,36,46,32,23,17
 Wed,07/10/2009,43,27,26,45,28,46,5
 Sat,10/10/2009,45,43,17,40,37,36,34
 Wed,14/10/2009,11,42,32,35,24,5,20
 Sat,17/10/2009,32,27,11,37,43,25,3
 Wed,21/10/2009,12,19,33,16,6,44,20
 Sat,24/10/2009,5,38,32,31,12,9,3
 Wed,28/10/2009,41,24,25,38,34,43,11
 Sat,31/10/2009,12,44,40,35,26,18,49
 Wed,04/11/2009,49,23,42,39,1,2,5
 Sat,07/11/2009,39,19,45,21,44,49,47
 Wed,11/11/2009,6,38,4,48,12,31,29
 Sat,14/11/2009,20,5,9,1,39,23,38
 Wed,18/11/2009,4,18,19,13,12,1,38
 Sat,21/11/2009,36,40,32,9,24,30,35
 Wed,25/11/2009,23,29,17,11,3,6,44
 Sat,28/11/2009,4,36,47,3,30,27,8
 Wed,02/12/2009,19,47,22,34,2,25,28
 Sat,05/12/2009,20,43,45,8,49,36,12
 Wed,09/12/2009,13,31,40,5,36,41,6
 Sat,12/12/2009,13,23,39,45,3,22,4
 Wed,16/12/2009,20,44,35,2,34,40,49
 Sat,19/12/2009,1,28,20,33,40,45,35
 Wed,23/12/2009,18,15,32,36,37,26,22
 Sat,26/12/2009,8,25,36,23,2,42,30
 Wed,30/12/2009,35,34,29,27,5,14,4
 Sat,02/01/2010,43,30,29,26,47,42,18
 Wed,06/01/2010,49,4,18,45,43,16,23
 Sat,09/01/2010,24,33,34,48,37,20,25
 Wed,13/01/2010,21,16,6,43,14,8,19
 Sat,16/01/2010,14,42,10,27,7,4,25
 Wed,20/01/2010,16,18,17,27,28,2,43
 Sat,23/01/2010,16,19,7,3,8,30,9
 Wed,27/01/2010,27,13,1,4,7,11,12
 Sat,30/01/2010,2,4,19,40,23,3,22
 Wed,03/02/2010,11,3,12,28,21,20,31
 Sat,06/02/2010,22,12,3,29,17,15,5
 Wed,10/02/2010,42,37,5,44,7,15,3
 Sat,13/02/2010,16,44,39,30,22,24,9
 Wed,17/02/2010,3,38,49,22,27,31,45
 Sat,20/02/2010,31,27,34,36,8,24,19
 Wed,24/02/2010,38,3,11,18,49,23,34
 Sat,27/02/2010,45,17,7,44,42,14,47
 Wed,03/03/2010,44,47,35,32,27,18,23
 Sat,06/03/2010,28,13,6,27,34,42,43
 Wed,10/03/2010,23,1,34,13,6,29,37
 Sat,13/03/2010,28,23,49,33,44,25,46
 Wed,17/03/2010,16,30,42,34,41,37,5
 Sat,20/03/2010,11,13,18,5,25,46,26
 Wed,24/03/2010,3,49,28,5,23,42,41
 Sat,27/03/2010,32,38,11,15,42,6,24
 Wed,31/03/2010,29,18,38,44,14,43,13
 Sat,03/04/2010,8,9,31,37,19,28,45
 Wed,07/04/2010,11,8,20,47,33,43,49
 Sat,10/04/2010,9,21,6,11,40,48,27
 Wed,14/04/2010,23,2,6,8,46,44,37
 Sat,17/04/2010,44,29,3,10,36,31,45
 Wed,21/04/2010,2,45,16,33,19,10,30
 Sat,24/04/2010,12,23,40,1,33,4,35
 Wed,28/04/2010,5,19,23,11,38,46,34
 Sat,01/05/2010,30,29,28,6,47,15,19
 Wed,05/05/2010,3,8,47,10,36,6,2
 Sat,08/05/2010,26,48,46,28,32,1,10
 Wed,12/05/2010,19,17,45,11,44,40,16
 Sat,15/05/2010,4,48,26,24,27,1,28
 Wed,19/05/2010,15,36,34,47,24,23,44
 Sat,22/05/2010,47,16,37,49,1,4,27
 Wed,26/05/2010,20,27,5,19,2,4,21
 Sat,29/05/2010,17,48,2,39,42,36,41
 Wed,02/06/2010,25,33,39,12,2,17,1
 Sat,05/06/2010,23,24,22,5,29,26,31
 Wed,09/06/2010,45,26,46,49,33,14,30
 Sat,12/06/2010,1,19,16,33,34,17,9
 Wed,16/06/2010,47,34,40,8,32,4,16
 Sat,19/06/2010,42,47,41,39,37,34,45
 Wed,23/06/2010,9,17,27,13,22,5,30
 Sat,26/06/2010,35,33,18,47,37,26,3
 Wed,30/06/2010,25,35,18,20,36,6,31
 Sat,03/07/2010,48,8,43,31,37,44,14
 Wed,07/07/2010,34,23,36,29,41,45,22
 Sat,10/07/2010,38,3,30,31,47,5,37
 Wed,14/07/2010,15,26,1,40,43,25,16
 Sat,17/07/2010,43,15,32,44,28,45,20
 Wed,21/07/2010,25,16,28,34,8,27,32
 Sat,24/07/2010,35,24,43,33,26,44,27
 Wed,28/07/2010,37,43,1,42,11,33,19
 Sat,31/07/2010,40,45,33,30,24,10,16
 Wed,04/08/2010,43,38,14,17,22,24,21
 Sat,07/08/2010,22,39,13,25,31,16,7
 Wed,11/08/2010,21,4,31,34,25,27,45
 Sat,14/08/2010,31,13,5,17,42,46,4
 Wed,18/08/2010,13,16,40,2,24,25,18
 Sat,21/08/2010,33,19,26,15,36,8,1
 Wed,25/08/2010,5,17,30,12,10,28,47
 Sat,28/08/2010,35,3,49,43,17,32,27
 Wed,01/09/2010,41,27,21,20,7,28,4
 Sat,04/09/2010,16,27,47,19,41,26,34
 Wed,08/09/2010,34,10,49,26,48,8,6
 Sat,11/09/2010,21,20,39,4,35,40,28
 Wed,15/09/2010,2,20,40,33,43,46,14
 Sat,18/09/2010,5,17,32,16,4,20,3
 Wed,22/09/2010,12,29,47,9,41,27,19
 Sat,25/09/2010,33,35,22,19,39,30,5
 Wed,29/09/2010,32,29,38,25,44,21,14
 Sat,02/10/2010,10,26,32,16,40,25,46
 Wed,06/10/2010,18,9,23,35,30,17,14
 Sat,09/10/2010,29,35,5,19,33,11,46
 Wed,13/10/2010,19,27,26,44,18,24,8
 Sat,16/10/2010,30,34,6,48,38,45,32
 Wed,20/10/2010,14,36,30,44,47,31,26
 Sat,23/10/2010,3,35,29,14,2,42,12
 Wed,27/10/2010,11,41,3,48,16,5,32
 Sat,30/10/2010,45,2,33,22,32,37,11
 Wed,03/11/2010,21,13,28,37,39,45,6
 Sat,06/11/2010,39,34,22,30,31,12,36
 Wed,10/11/2010,15,30,40,35,26,41,34
 Sat,13/11/2010,39,11,29,35,5,31,45
 Wed,17/11/2010,29,33,41,27,3,6,8
 Sat,20/11/2010,7,46,17,27,8,6,29
 Wed,24/11/2010,49,11,46,30,38,45,37
 Sat,27/11/2010,47,41,18,10,4,42,8
 Wed,01/12/2010,24,21,27,20,34,22,29
 Sat,04/12/2010,4,19,15,44,49,45,11
 Wed,08/12/2010,23,24,14,16,25,43,48
 Sat,11/12/2010,43,33,11,49,15,24,27
 Wed,15/12/2010,45,6,9,40,33,31,41
 Sat,18/12/2010,49,21,35,9,46,38,40
 Wed,22/12/2010,33,37,13,7,49,48,20
 Sat,25/12/2010,22,15,13,34,33,25,17
 Wed,29/12/2010,3,39,16,26,34,2,49
 Sat,01/01/2011,4,34,9,33,36,45,26
 Wed,05/01/2011,35,46,10,43,4,36,6
 Sat,08/01/2011,32,13,41,35,47,14,46
 Wed,12/01/2011,17,12,47,11,24,19,37
 Sat,15/01/2011,24,7,21,33,8,34,2
 Wed,19/01/2011,41,18,42,34,9,43,33
 Sat,22/01/2011,14,18,24,41,4,44,25
 Wed,26/01/2011,43,14,49,47,20,17,31
 Sat,29/01/2011,47,5,30,36,25,20,15
 Wed,02/02/2011,42,48,46,20,17,2,44
 Sat,05/02/2011,40,34,33,41,47,37,5
 Wed,09/02/2011,39,2,6,8,9,36,29
 Sat,12/02/2011,28,16,30,27,36,24,35
 Wed,16/02/2011,29,26,32,5,15,11,49
 Sat,19/02/2011,26,16,34,32,6,46,33
 Wed,23/02/2011,31,1,39,21,15,8,32
 Sat,26/02/2011,29,20,6,8,34,36,43
 Wed,02/03/2011,1,46,49,25,27,41,4
 Sat,05/03/2011,41,23,43,29,4,13,49
 Wed,09/03/2011,9,41,37,11,49,40,33
 Sat,12/03/2011,38,17,19,7,30,29,40
 Wed,16/03/2011,16,15,47,18,48,2,21
 Sat,19/03/2011,28,26,10,39,34,35,17
 Wed,23/03/2011,23,32,44,18,26,6,34
 Sat,26/03/2011,2,16,44,21,31,9,38
 Wed,30/03/2011,17,16,39,10,21,41,47
 Sat,02/04/2011,44,49,32,12,48,14,25
 Wed,06/04/2011,38,11,41,7,14,13,45
 Sat,09/04/2011,8,6,47,39,17,21,22
 Wed,13/04/2011,14,43,25,33,34,1,15
 Sat,16/04/2011,44,41,4,49,34,40,46
 Wed,20/04/2011,5,8,44,18,9,3,42
 Sat,23/04/2011,44,18,6,5,36,49,10
 Wed,27/04/2011,32,37,6,27,15,44,3
 Sat,30/04/2011,36,44,6,29,1,12,21
 Wed,04/05/2011,7,21,17,3,32,2,1
 Sat,07/05/2011,29,17,24,48,35,18,3
 Wed,11/05/2011,33,38,30,48,34,17,9
 Sat,14/05/2011,8,46,18,48,28,27,44
 Wed,18/05/2011,20,36,42,6,38,15,4
 Sat,21/05/2011,35,17,24,30,23,4,5
 Wed,25/05/2011,48,17,46,7,30,8,34
 Sat,28/05/2011,2,17,43,3,23,40,31
 Wed,01/06/2011,18,2,7,45,9,38,42
 Sat,04/06/2011,32,25,43,44,7,21,27
 Wed,08/06/2011,48,43,19,3,36,40,21
 Sat,11/06/2011,45,11,35,37,9,40,26
 Wed,15/06/2011,9,25,38,29,37,32,28
 Sat,18/06/2011,3,39,38,10,35,8,31
 Wed,22/06/2011,23,45,36,48,22,16,19
 Sat,25/06/2011,9,39,32,30,5,15,31
 Wed,29/06/2011,6,47,13,5,31,21,30
 Sat,02/07/2011,39,48,35,18,10,34,6
 Wed,06/07/2011,32,48,41,35,34,26,1
 Sat,09/07/2011,33,21,49,24,1,2,39
 Wed,13/07/2011,19,49,11,18,15,7,25
 Sat,16/07/2011,4,15,18,40,13,9,30
 Wed,20/07/2011,49,10,42,32,15,6,4
 Sat,23/07/2011,2,45,1,30,11,33,39
 Wed,27/07/2011,22,34,16,42,4,39,35
 Sat,30/07/2011,32,29,40,4,10,34,48
 Wed,03/08/2011,40,18,47,39,19,26,4
 Sat,06/08/2011,1,24,18,28,14,26,19
 Wed,10/08/2011,2,27,43,7,4,44,45
 Sat,13/08/2011,5,30,33,45,31,35,3
 Wed,17/08/2011,48,32,47,19,3,40,37
 Sat,20/08/2011,34,3,30,35,2,18,24
 Wed,24/08/2011,11,27,49,46,47,48,42
 Sat,27/08/2011,6,41,29,7,46,32,49
 Wed,31/08/2011,26,49,47,46,5,43,28
 Sat,03/09/2011,20,17,29,26,36,4,31
 Wed,07/09/2011,4,48,31,29,38,36,35
 Sat,10/09/2011,7,5,47,10,9,22,37
 Wed,14/09/2011,37,42,23,28,38,29,49
 Sat,17/09/2011,41,6,3,44,2,45,10
 Wed,21/09/2011,37,15,32,11,39,33,28
 Sat,24/09/2011,37,10,29,34,47,16,31
 Wed,28/09/2011,44,45,36,19,15,25,43
 Sat,01/10/2011,37,15,41,26,17,4,29
 Wed,05/10/2011,17,9,39,29,30,15,11
 Sat,08/10/2011,16,6,22,34,30,26,45
 Wed,12/10/2011,37,26,40,25,13,24,30
 Sat,15/10/2011,41,7,12,46,34,27,14
 Wed,19/10/2011,13,18,34,49,32,14,20
 Sat,22/10/2011,20,43,27,44,28,34,1
 Wed,26/10/2011,4,23,34,41,38,39,27
 Sat,29/10/2011,49,14,5,28,9,46,45
 Wed,02/11/2011,12,38,11,33,37,49,3
 Sat,05/11/2011,14,24,39,23,16,27,43
 Wed,09/11/2011,27,2,8,32,23,10,44
 Sat,12/11/2011,28,13,12,33,6,38,10
 Wed,16/11/2011,26,40,39,27,10,12,20
 Sat,19/11/2011,32,31,1,34,29,36,45
 Wed,23/11/2011,19,31,48,22,4,11,6
 Sat,26/11/2011,13,36,26,16,25,46,15
 Wed,30/11/2011,30,26,25,24,23,13,4
 Sat,03/12/2011,49,1,35,48,47,30,8
 Wed,07/12/2011,10,31,27,47,32,14,41
 Sat,10/12/2011,30,21,29,39,24,16,20
 Wed,14/12/2011,3,43,30,28,10,25,31
 Sat,17/12/2011,42,1,35,48,39,22,12
 Wed,21/12/2011,30,7,28,34,38,45,6
 Sat,24/12/2011,43,32,36,15,23,1,19
 Wed,28/12/2011,48,11,49,13,17,8,19
 Sat,31/12/2011,11,38,42,37,44,7,2
 Wed,04/01/2012,42,43,30,9,28,26,2
 Sat,07/01/2012,47,8,15,17,14,20,38
 Wed,11/01/2012,40,33,39,9,2,27,45
 Sat,14/01/2012,7,12,10,15,25,42,33
 Wed,18/01/2012,22,43,34,9,31,35,20
 Sat,21/01/2012,17,5,32,39,49,42,19
 Wed,25/01/2012,2,30,8,26,45,39,46
 Sat,28/01/2012,10,25,31,40,28,12,1
 Wed,01/02/2012,7,39,38,17,22,21,3
 Sat,04/02/2012,41,45,7,40,48,4,46
 Wed,08/02/2012,7,13,31,44,36,16,26
 Sat,11/02/2012,24,31,23,1,49,45,6
 Wed,15/02/2012,30,40,28,33,9,44,16
 Sat,18/02/2012,19,22,30,33,41,2,24
 Wed,22/02/2012,35,12,7,49,43,15,8
 Sat,25/02/2012,29,27,26,7,32,25,33
 Wed,29/02/2012,41,29,46,14,49,13,43
 Sat,03/03/2012,31,20,40,28,7,23,42
 Wed,07/03/2012,28,44,8,35,11,2,17
 Sat,10/03/2012,12,37,23,43,3,1,33
 Wed,14/03/2012,15,36,26,31,14,18,48
 Sat,17/03/2012,37,40,1,3,20,16,15
 Wed,21/03/2012,10,14,45,25,39,21,40
 Sat,24/03/2012,24,27,6,39,31,45,32
 Wed,28/03/2012,16,8,39,22,3,38,26
 Sat,31/03/2012,2,49,40,47,18,5,19
 Wed,04/04/2012,44,23,9,40,33,26,31
 Sat,07/04/2012,23,12,42,16,25,31,18
 Wed,11/04/2012,27,20,44,46,41,33,12
 Sat,14/04/2012,5,15,26,1,42,22,40
 Wed,18/04/2012,8,24,22,7,16,28,48
 Sat,21/04/2012,25,41,10,34,47,23,30
 Wed,25/04/2012,40,18,21,44,13,8,42
 Sat,28/04/2012,46,3,1,9,23,37,6
 Wed,02/05/2012,41,18,35,39,22,25,31
 Sat,05/05/2012,26,40,27,17,13,4,36
 Wed,09/05/2012,22,2,7,8,10,23,46
 Sat,12/05/2012,5,1,18,23,21,33,20
 Wed,16/05/2012,6,48,49,5,21,41,37
 Sat,19/05/2012,1,42,46,40,19,39,22
 Wed,23/05/2012,3,49,24,44,4,18,17
 Sat,26/05/2012,2,15,44,7,25,6,45
 Wed,30/05/2012,45,7,33,25,14,48,11
 Sat,02/06/2012,20,25,18,29,34,16,15
 Wed,06/06/2012,27,9,41,20,37,17,3
 Sat,09/06/2012,5,26,37,14,24,44,30
 Wed,13/06/2012,47,29,12,34,25,45,16
 Sat,16/06/2012,19,49,3,37,40,21,35
 Wed,20/06/2012,30,10,12,36,49,6,4
 Sat,23/06/2012,28,30,3,39,25,45,5
 Wed,27/06/2012,39,22,46,47,10,29,9
 Sat,30/06/2012,1,18,19,30,38,24,41
 Wed,04/07/2012,3,38,34,14,9,19,36
 Sat,07/07/2012,30,23,22,45,5,33,6
 Wed,11/07/2012,19,28,29,49,12,38,30
 Sat,14/07/2012,13,27,46,29,43,42,28
 Wed,18/07/2012,38,26,11,34,46,40,7
 Sat,21/07/2012,42,41,20,5,14,40,8
 Wed,25/07/2012,48,15,41,22,8,14,43
 Sat,28/07/2012,44,22,43,29,10,7,26
 Wed,01/08/2012,33,13,20,27,39,24,6
 Sat,04/08/2012,23,8,15,45,21,10,43
 Wed,08/08/2012,36,6,14,19,22,30,23
 Sat,11/08/2012,18,1,5,44,14,34,23
 Wed,15/08/2012,46,10,14,35,37,36,43
 Sat,18/08/2012,38,27,46,21,42,44,41
 Wed,22/08/2012,30,23,11,3,28,48,29
 Sat,25/08/2012,44,48,23,18,31,12,40
 Wed,29/08/2012,32,7,28,12,4,37,14
 Sat,01/09/2012,49,41,39,36,15,30,2
 Wed,05/09/2012,39,27,41,26,22,17,43
 Sat,08/09/2012,8,28,15,26,32,21,29
 Wed,12/09/2012,16,14,41,24,22,21,32
 Sat,15/09/2012,18,35,45,44,14,19,33
 Wed,19/09/2012,48,23,5,14,33,19,40
 Sat,22/09/2012,13,29,31,45,10,36,44
 Wed,26/09/2012,40,8,6,39,43,11,22
 Sat,29/09/2012,6,25,1,8,42,7,39
 Wed,03/10/2012,9,45,3,29,46,11,19
 Sat,06/10/2012,42,27,16,1,11,18,4
 Wed,10/10/2012,29,30,23,19,46,15,2
 Sat,13/10/2012,26,32,36,14,48,30,15
 Wed,17/10/2012,21,39,4,7,49,19,26
 Sat,20/10/2012,40,24,39,37,9,10,36
 Wed,24/10/2012,1,36,10,19,47,48,11
 Sat,27/10/2012,30,20,14,46,33,7,27
 Wed,31/10/2012,41,32,36,30,7,40,45
 Sat,03/11/2012,7,9,5,20,17,45,10
 Wed,07/11/2012,45,35,19,40,36,14,48
 Sat,10/11/2012,10,24,23,30,25,37,45
 Wed,14/11/2012,14,30,15,33,17,29,37
 Sat,17/11/2012,17,21,19,25,20,26,14
 Wed,21/11/2012,22,12,40,36,4,19,44
 Sat,24/11/2012,4,2,39,34,44,27,37
 Wed,28/11/2012,37,48,14,38,45,28,18
 Sat,01/12/2012,38,27,49,31,5,32,1
 Wed,05/12/2012,3,31,48,14,4,49,45
 Sat,08/12/2012,29,33,35,45,36,48,27
 Wed,12/12/2012,44,9,33,15,38,18,16
 Sat,15/12/2012,29,19,22,28,6,23,18
 Wed,19/12/2012,26,41,49,33,48,4,19
 Sat,22/12/2012,34,28,4,44,43,14,13
 Wed,26/12/2012,3,11,49,39,47,17,34
 Sat,29/12/2012,40,31,6,37,8,48,36
 Wed,02/01/2013,37,20,30,21,7,9,42
 Sat,05/01/2013,15,37,10,21,17,47,2
 Wed,09/01/2013,48,39,24,21,5,25,32
 Sat,12/01/2013,3,11,27,24,12,7,13
 Wed,16/01/2013,13,38,47,12,35,5,45
 Sat,19/01/2013,35,5,9,13,39,16,11
 Wed,23/01/2013,10,6,32,24,41,14,29
 Sat,26/01/2013,2,6,21,29,47,34,11
 Wed,30/01/2013,10,9,43,48,47,24,5
 Sat,02/02/2013,2,13,14,21,12,30,39
 Wed,06/02/2013,9,18,10,16,27,42,43
 Sat,09/02/2013,10,8,34,40,27,41,48
 Wed,13/02/2013,6,49,23,29,14,20,48
 Sat,16/02/2013,7,27,48,46,39,20,49
 Wed,20/02/2013,36,45,3,6,44,48,47
 Sat,23/02/2013,31,25,32,2,30,16,36
 Wed,27/02/2013,2,24,14,23,20,30,22
 Sat,02/03/2013,48,31,9,23,35,6,11
 Wed,06/03/2013,9,47,38,14,42,3,19
 Sat,09/03/2013,12,46,36,19,25,44,18
 Wed,13/03/2013,21,6,41,23,8,46,5
 Sat,16/03/2013,12,1,49,27,11,48,19
 Wed,20/03/2013,14,46,43,27,4,11,42
 Sat,23/03/2013,44,3,16,19,37,14,31
 Wed,27/03/2013,22,8,37,44,24,10,2
 Sat,30/03/2013,45,8,40,15,43,24,33
 Wed,03/04/2013,42,32,5,11,48,21,28
 Sat,06/04/2013,41,11,48,47,22,21,36
 Wed,10/04/2013,3,36,27,33,16,42,12
 Sat,13/04/2013,3,27,23,13,49,41,6
 Wed,17/04/2013,12,20,16,14,33,18,35
 Sat,20/04/2013,46,8,34,38,44,42,14
 Wed,24/04/2013,16,18,17,38,11,9,47
 Sat,27/04/2013,25,41,44,13,39,1,26
 Wed,01/05/2013,8,42,12,11,7,39,2
 Sat,04/05/2013,12,44,22,40,11,27,37
 Wed,08/05/2013,31,15,40,33,20,12,38
 Sat,11/05/2013,12,9,24,25,26,43,3
 Wed,15/05/2013,6,20,30,5,35,4,34
 Sat,18/05/2013,49,3,5,48,31,24,15
 Wed,22/05/2013,23,39,35,10,45,46,1
 Sat,25/05/2013,33,30,40,5,26,6,43
 Wed,29/05/2013,33,3,35,5,34,25,14
 Sat,01/06/2013,24,34,11,47,13,32,9
 Wed,05/06/2013,43,35,10,38,41,18,21
 Sat,08/06/2013,8,43,9,17,41,13,14
 Wed,12/06/2013,7,10,2,15,28,17,24
 Sat,15/06/2013,33,16,4,20,3,44,27
 Wed,19/06/2013,9,47,13,6,36,35,31
 Sat,22/06/2013,8,43,24,36,26,28,34
 Wed,26/06/2013,8,34,40,41,11,29,35
 Sat,29/06/2013,45,34,7,13,31,25,4
 Wed,03/07/2013,15,40,41,31,27,49,1
 Sat,06/07/2013,45,27,24,39,49,16,44
 Wed,10/07/2013,9,22,16,10,20,3,35
 Sat,13/07/2013,24,12,36,49,45,15,32
 Wed,17/07/2013,33,43,38,24,42,6,11
 Sat,20/07/2013,39,42,17,19,3,1,31
 Wed,24/07/2013,47,42,22,40,26,30,4
 Sat,27/07/2013,12,39,18,43,13,49,37
 Wed,31/07/2013,38,33,16,44,10,40,32
 Sat,03/08/2013,5,3,9,13,17,37,15
 Wed,07/08/2013,16,28,20,3,26,43,15
 Sat,10/08/2013,35,15,17,46,26,14,18
 Wed,14/08/2013,18,45,38,39,12,49,19
 Sat,17/08/2013,25,15,34,26,33,41,43
 Wed,21/08/2013,29,49,4,47,3,27,23
 Sat,24/08/2013,48,42,20,40,26,5,1
 Wed,28/08/2013,19,47,1,17,5,37,11
 Sat,31/08/2013,14,17,21,31,4,15,48
 Wed,04/09/2013,8,24,6,7,28,13,18
 Sat,07/09/2013,12,11,42,1,13,35,5
 Wed,11/09/2013,31,7,40,41,27,24,33
 Sat,14/09/2013,39,20,24,48,30,18,46
 Wed,18/09/2013,29,2,5,22,17,4,14
 Sat,21/09/2013,36,15,11,45,38,37,9
 Wed,25/09/2013,20,41,30,24,5,7,37
 Sat,28/09/2013,14,12,48,46,10,25,31
 Wed,02/10/2013,30,16,37,21,17,27,15
 Sat,05/10/2013,20,15,19,5,17,47,38
 Wed,09/10/2013,27,34,4,45,11,36,9
 Sat,12/10/2013,33,45,21,5,26,12,35
 Wed,16/10/2013,24,35,15,26,31,12,36
 Sat,19/10/2013,21,19,12,29,31,3,15
 Wed,23/10/2013,37,10,47,27,18,41,33
 Sat,26/10/2013,22,45,20,14,10,49,9
 Wed,30/10/2013,26,34,29,23,20,41,32
 Sat,02/11/2013,36,32,28,37,10,49,27
 Wed,06/11/2013,6,14,5,33,29,18,7
 Sat,09/11/2013,47,6,32,1,2,29,13
 Wed,13/11/2013,15,23,4,36,6,44,11
 Sat,16/11/2013,3,30,19,47,41,21,38
 Wed,20/11/2013,15,5,35,23,39,11,44
 Sat,23/11/2013,38,16,22,35,48,12,15
 Wed,27/11/2013,19,48,15,22,42,25,14
 Sat,30/11/2013,36,19,37,16,9,31,15
 Wed,04/12/2013,12,29,18,16,6,21,26
 Sat,07/12/2013,10,28,12,17,30,42,25
 Wed,11/12/2013,14,1,10,18,37,8,27
 Sat,14/12/2013,24,41,13,21,35,29,8
 Wed,18/12/2013,7,42,25,35,2,40,13
 Sat,21/12/2013,40,33,28,18,12,25,17
 Wed,25/12/2013,8,21,9,24,4,10,31
 Sat,28/12/2013,34,45,24,30,16,25,49
 Wed,01/01/2014,12,22,48,9,16,26,14
 Sat,04/01/2014,44,11,18,41,4,28,8
 Wed,08/01/2014,36,19,45,46,23,31,27
 Sat,11/01/2014,22,23,28,27,46,25,24
 Wed,15/01/2014,32,46,13,11,24,4,19
 Sat,18/01/2014,27,23,31,7,30,12,33
 Wed,22/01/2014,35,18,2,24,6,9,19
 Sat,25/01/2014,49,15,4,30,21,41,11
 Wed,29/01/2014,46,38,29,37,42,9,35
 Sat,01/02/2014,41,34,48,35,27,36,29
 Wed,05/02/2014,28,46,12,33,13,49,29
 Sat,08/02/2014,8,44,39,36,25,27,4
 Wed,12/02/2014,24,30,3,39,20,7,48
 Sat,15/02/2014,33,15,19,22,40,17,27
 Wed,19/02/2014,46,37,48,19,17,35,2
 Sat,22/02/2014,35,49,23,19,39,34,33
 Wed,26/02/2014,10,11,3,24,35,25,43
 Sat,01/03/2014,4,13,29,9,40,10,45
 Wed,05/03/2014,46,8,25,5,4,1,30
 Sat,08/03/2014,26,2,9,44,12,31,5
 Wed,12/03/2014,46,20,12,35,16,11,34
 Sat,15/03/2014,22,25,19,14,48,38,8
 Wed,19/03/2014,4,27,25,21,31,49,26
 Sat,22/03/2014,28,44,17,20,39,43,40
 Wed,26/03/2014,37,40,35,20,33,29,5
 Sat,29/03/2014,47,21,49,16,14,8,29
 Wed,02/04/2014,39,14,20,38,45,16,23
 Sat,05/04/2014,31,7,45,43,20,3,41
 Wed,09/04/2014,8,20,17,41,43,32,9
 Sat,12/04/2014,4,26,47,22,31,17,32
 Wed,16/04/2014,10,6,1,23,40,25,32
 Sat,19/04/2014,44,20,31,13,34,36,11
 Wed,23/04/2014,16,18,39,34,29,35,40
 Sat,26/04/2014,17,23,22,36,33,42,12
 Wed,30/04/2014,45,9,37,25,44,34,6
 Sat,03/05/2014,30,27,1,9,48,7,28
 Wed,07/05/2014,17,44,38,16,49,22,14
 Sat,10/05/2014,10,5,8,17,16,3,46
 Wed,14/05/2014,15,41,36,35,29,26,19
 Sat,17/05/2014,46,19,20,33,10,43,25
 Wed,21/05/2014,48,2,28,29,9,5,36
 Sat,24/05/2014,44,10,31,40,41,35,46
 Wed,28/05/2014,40,45,26,18,36,32,21
 Sat,31/05/2014,9,40,24,39,7,18,4
 Wed,04/06/2014,31,30,19,48,14,47,16
 Sat,07/06/2014,16,44,23,5,10,31,37
 Wed,11/06/2014,13,40,14,11,28,42,48
 Sat,14/06/2014,23,18,22,29,33,9,15
 Wed,18/06/2014,26,10,11,18,23,37,6
 Sat,21/06/2014,17,3,13,27,40,7,19
 Wed,25/06/2014,34,5,19,25,15,36,40
 Sat,28/06/2014,30,43,49,12,28,8,42
 Wed,02/07/2014,43,18,48,1,38,20,42
 Sat,05/07/2014,15,34,8,23,28,24,9
 Wed,09/07/2014,43,12,3,8,39,11,18
 Sat,12/07/2014,23,43,3,28,19,37,34
 Wed,16/07/2014,11,47,22,27,49,4,33
 Sat,19/07/2014,5,25,38,34,14,9,40
 Wed,23/07/2014,43,30,47,20,14,18,35
 Sat,26/07/2014,8,37,26,35,14,22,11
 Wed,30/07/2014,22,11,42,2,24,5,1
 Sat,02/08/2014,13,28,37,23,45,42,25
 Wed,06/08/2014,17,35,21,29,33,46,28
 Sat,09/08/2014,45,47,40,43,36,16,10
 Wed,13/08/2014,11,5,23,9,30,20,45
 Sat,16/08/2014,3,36,1,25,33,42,14
 Wed,20/08/2014,12,24,35,47,15,6,22
 Sat,23/08/2014,11,42,38,7,1,41,45
 Wed,27/08/2014,17,29,5,49,37,36,2
 Sat,30/08/2014,1,20,35,46,19,30,40
 Wed,03/09/2014,35,22,27,23,12,34,25
 Sat,06/09/2014,11,37,32,48,29,40,14
 Wed,10/09/2014,24,31,13,16,18,43,2
 Sat,13/09/2014,30,29,12,15,35,22,44
 Wed,17/09/2014,34,9,41,19,46,22,6
 Sat,20/09/2014,22,6,26,2,33,48,43
 Wed,24/09/2014,33,48,29,38,8,4,15
 Sat,27/09/2014,46,20,3,19,1,7,15
 Wed,01/10/2014,5,4,47,1,18,7,6
 Sat,04/10/2014,24,34,4,18,36,48,10
 Wed,08/10/2014,28,34,27,4,43,29,20
 Sat,11/10/2014,26,2,32,23,8,5,18
 Wed,15/10/2014,19,43,24,6,26,42,23
 Sat,18/10/2014,30,47,40,22,1,33,42
 Wed,22/10/2014,42,5,28,24,36,47,8
 Sat,25/10/2014,43,15,11,17,49,30,3
 Wed,29/10/2014,31,14,13,17,25,49,18
 Sat,01/11/2014,35,3,9,47,28,5,14
 Wed,05/11/2014,21,25,34,5,36,2,28
 Sat,08/11/2014,7,22,27,42,6,35,1
 Wed,12/11/2014,9,5,44,41,13,10,39
 Sat,15/11/2014,42,30,26,28,5,44,40
 Wed,19/11/2014,2,39,36,35,15,38,4
 Sat,22/11/2014,15,5,29,22,3,2,26
 Wed,26/11/2014,49,41,30,29,28,26,31
 Sat,29/11/2014,11,42,18,19,6,38,17
 Wed,03/12/2014,17,35,4,37,19,25,7
 Sat,06/12/2014,19,45,23,49,40,43,8
 Wed,10/12/2014,14,15,47,36,31,42,1
 Sat,13/12/2014,18,33,30,48,34,38,36
 Wed,17/12/2014,19,33,46,2,35,24,12
 Sat,20/12/2014,18,23,32,42,40,22,28
 Wed,24/12/2014,13,47,44,9,48,7,22
 Sat,27/12/2014,46,28,11,23,30,32,49
 Wed,31/12/2014,49,37,38,22,12,18,35
 Sat,03/01/2015,10,18,19,15,17,31,24
 Wed,07/01/2015,20,23,10,5,12,4,24
 Sat,10/01/2015,43,13,14,41,24,16,39
 Wed,14/01/2015,36,17,29,28,33,20,23
 Sat,17/01/2015,49,47,46,42,37,29,4
 Wed,21/01/2015,6,34,45,1,32,37,26
 Sat,24/01/2015,44,8,19,4,49,35,17
 Wed,28/01/2015,3,34,17,4,24,30,36
 Sat,31/01/2015,33,7,39,44,10,16,15
 Wed,04/02/2015,10,46,13,22,40,17,32
 Sat,07/02/2015,17,35,3,6,18,15,22
 Wed,11/02/2015,41,9,8,35,21,10,22
 Sat,14/02/2015,29,46,7,23,20,40,22
 Wed,18/02/2015,49,25,21,34,23,42,30
 Sat,21/02/2015,19,24,48,1,27,38,36
 Wed,25/02/2015,14,12,41,15,40,20,42
 Sat,28/02/2015,19,4,47,10,9,7,43
 Wed,04/03/2015,3,27,8,43,42,19,46
 Sat,07/03/2015,48,2,17,21,26,30,31
 Wed,11/03/2015,21,7,9,24,47,22,25
 Sat,14/03/2015,17,24,29,6,33,36,45
 Wed,18/03/2015,9,48,7,4,17,20,11
 Sat,21/03/2015,7,49,1,37,21,5,30
 Wed,25/03/2015,38,3,43,17,20,24,12
 Sat,28/03/2015,6,44,4,3,23,21,48
 Wed,01/04/2015,22,18,15,11,41,49,37
 Sat,04/04/2015,18,38,31,47,20,1,43
 Wed,08/04/2015,18,31,46,30,28,41,1
 Sat,11/04/2015,33,17,24,22,46,28,19
 Wed,15/04/2015,18,31,39,25,22,1,42
 Sat,18/04/2015,23,45,36,43,1,27,10
 Wed,22/04/2015,42,28,35,15,43,21,23
 Sat,25/04/2015,49,28,30,27,4,11,47
 Wed,29/04/2015,45,4,3,42,25,27,7
 Sat,02/05/2015,30,7,31,42,10,11,36
 Wed,06/05/2015,14,15,11,41,1,19,40
 Sat,09/05/2015,17,48,31,40,5,22,18
 Wed,13/05/2015,33,34,21,1,5,47,31
 Sat,16/05/2015,48,46,15,32,7,11,17
 Wed,20/05/2015,38,6,22,41,39,9,37
 Sat,23/05/2015,34,40,8,30,1,22,25
 Wed,27/05/2015,48,27,12,28,39,41,3
 Sat,30/05/2015,23,38,27,7,49,6,24
 Wed,03/06/2015,40,49,17,43,32,39,2
 Sat,06/06/2015,19,10,33,28,14,24,6
 Wed,10/06/2015,39,29,23,42,30,49,5
 Sat,13/06/2015,39,37,18,23,25,47,17
 Wed,17/06/2015,12,15,21,8,42,2,22
 Sat,20/06/2015,25,32,35,1,6,23,27
 Wed,24/06/2015,35,33,42,28,23,14,4
 Sat,27/06/2015,38,21,2,4,30,8,22
 Wed,01/07/2015,18,4,10,29,13,33,49
 Sat,04/07/2015,14,39,13,46,35,49,3
 Wed,08/07/2015,3,35,10,38,41,40,27
 Sat,11/07/2015,6,12,38,47,36,32,1
 Wed,15/07/2015,4,14,22,29,7,21,41
 Sat,18/07/2015,8,15,33,17,47,41,35
 Wed,22/07/2015,7,38,23,26,33,45,29
 Sat,25/07/2015,20,5,48,15,2,4,37
 Wed,29/07/2015,45,31,42,47,18,21,19
 Sat,01/08/2015,16,42,1,46,27,47,24
 Wed,05/08/2015,8,12,5,41,28,39,18
 Sat,08/08/2015,22,6,44,30,39,28,33
 Wed,12/08/2015,20,25,17,24,6,15,37
 Sat,15/08/2015,8,10,49,4,21,41,28
 Wed,19/08/2015,25,5,7,6,27,33,34
 Sat,22/08/2015,7,44,19,22,28,40,31
 Wed,26/08/2015,48,18,3,49,7,4,32
 Sat,29/08/2015,12,23,33,42,18,43,10
 Wed,02/09/2015,40,27,9,2,29,33,46
 Sat,05/09/2015,24,49,43,40,29,33,22
 Wed,09/09/2015,31,21,20,18,6,29,3
 Sat,12/09/2015,31,28,40,20,46,14,44
 Wed,16/09/2015,37,12,21,43,14,22,36
 Sat,19/09/2015,32,31,44,14,26,28,22
 Wed,23/09/2015,23,36,21,17,9,35,37
 Sat,26/09/2015,41,31,42,17,33,9,26
 Wed,30/09/2015,40,45,8,5,11,17,6
 Sat,03/10/2015,14,44,8,9,35,7,4
 Wed,07/10/2015,30,7,44,11,49,5,25
 Sat,10/10/2015,32,2,53,16,54,3,8
 Wed,14/10/2015,13,7,39,20,27,52,35
 Sat,17/10/2015,30,50,37,40,46,8,36
 Wed,21/10/2015,25,53,21,51,14,13,39
 Sat,24/10/2015,59,58,55,29,31,43,11
 Wed,28/10/2015,46,52,41,26,36,49,9
 Sat,31/10/2015,41,55,26,39,42,59,16
 Wed,04/11/2015,47,13,11,29,25,18,59
 Sat,07/11/2015,49,50,34,43,3,2,38
 Wed,11/11/2015,52,27,51,28,2,17,14
 Sat,14/11/2015,57,55,39,54,2,23,11
 Wed,18/11/2015,9,49,30,46,55,23,37
 Sat,21/11/2015,47,2,8,11,32,10,18
 Wed,25/11/2015,29,43,38,41,18,57,8
 Sat,28/11/2015,12,7,24,52,34,20,18
 Wed,02/12/2015,11,14,9,37,28,42,12
 Sat,05/12/2015,11,10,51,50,56,15,23
 Wed,09/12/2015,8,53,34,14,28,3,32
 Sat,12/12/2015,25,53,57,40,22,15,23
 Wed,16/12/2015,10,12,57,46,48,35,14
 Sat,19/12/2015,14,13,27,48,50,46,42
 Wed,23/12/2015,28,4,41,2,1,19,32
 Sat,26/12/2015,58,44,17,31,21,38,20
 Wed,30/12/2015,31,47,52,55,59,22,23
 Sat,02/01/2016,25,56,12,48,40,29,52
 Wed,06/01/2016,57,30,50,40,8,54,13
 Sat,09/01/2016,58,47,27,46,52,26,48
 Wed,13/01/2016,4,59,46,12,57,38,8
 Sat,16/01/2016,8,25,52,1,12,43,38
 Wed,20/01/2016,38,57,37,36,18,54,14
 Sat,23/01/2016,9,54,41,8,11,10,24
 Wed,27/01/2016,58,42,41,8,38,50,24
 Sat,30/01/2016,1,44,31,6,21,41,42
 Wed,03/02/2016,34,23,37,25,36,54,49
 Sat,06/02/2016,12,10,56,18,34,52,50
 Wed,10/02/2016,13,25,2,39,32,37,48
 Sat,13/02/2016,48,23,16,39,15,59,36
 Wed,17/02/2016,5,15,59,51,33,47,7
 Sat,20/02/2016,57,17,35,2,59,41,42
 Wed,24/02/2016,26,27,18,19,4,14,25
 Sat,27/02/2016,53,14,11,22,56,37,55
 Wed,02/03/2016,39,58,21,26,4,15,20
 Sat,05/03/2016,37,29,19,41,40,11,47
 Wed,09/03/2016,40,49,26,37,35,31,36
 Sat,12/03/2016,13,56,30,21,39,51,1
 Wed,16/03/2016,44,31,42,13,14,58,1
 Sat,19/03/2016,54,27,34,21,40,31,22
 Wed,23/03/2016,14,21,42,35,7,41,43
 Sat,26/03/2016,5,57,51,53,12,43,28
 Wed,30/03/2016,24,5,40,13,31,41,7
 Sat,02/04/2016,14,7,55,20,47,33,15
 Wed,06/04/2016,50,57,31,17,41,15,5
 Sat,09/04/2016,20,51,47,34,25,22,18
 Wed,13/04/2016,17,15,13,19,35,57,21
 Sat,16/04/2016,42,14,2,5,55,51,54
 Wed,20/04/2016,9,12,31,7,1,10,28
 Sat,23/04/2016,44,14,26,2,59,35,24
 Wed,27/04/2016,24,34,57,12,29,39,28
 Sat,30/04/2016,1,5,2,56,38,53,31
 Wed,04/05/2016,20,3,4,21,1,2,22
 Sat,07/05/2016,4,34,14,27,36,17,28
 Wed,11/05/2016,49,23,33,54,22,13,53
 Sat,14/05/2016,9,24,51,12,23,32,16
 Wed,18/05/2016,28,34,1,3,37,46,59
 Sat,21/05/2016,6,28,52,19,30,7,46
 Wed,25/05/2016,6,55,45,44,33,20,16
 Sat,28/05/2016,57,10,52,36,8,40,59
 Wed,01/06/2016,39,27,41,49,36,23,6
 Sat,04/06/2016,7,58,55,34,32,48,30
 Wed,08/06/2016,49,28,58,33,43,55,21
 Sat,11/06/2016,4,55,30,38,17,47,3
 Wed,15/06/2016,19,38,20,2,14,29,27
 Sat,18/06/2016,17,26,10,35,38,31,47
 Wed,22/06/2016,39,36,25,57,11,40,37
 Sat,25/06/2016,13,56,22,14,18,24,16
 Wed,29/06/2016,46,56,21,19,10,45,2
 Sat,02/07/2016,24,43,16,19,9,3,13
 Wed,06/07/2016,38,20,3,39,1,24,4
 Sat,09/07/2016,1,29,3,42,36,22,12
 Wed,13/07/2016,22,30,58,34,1,57,51
 Sat,16/07/2016,32,50,36,14,17,10,41
 Wed,20/07/2016,18,30,37,59,29,46,23
 Sat,23/07/2016,20,54,19,37,59,30,25
 Wed,27/07/2016,26,40,46,24,9,38,30
 Sat,30/07/2016,41,14,51,28,57,26,48
 Wed,03/08/2016,55,41,16,17,22,38,5
 Sat,06/08/2016,39,34,54,53,47,42,8
 Wed,10/08/2016,35,40,59,11,17,36,39
 Sat,13/08/2016,39,31,43,46,12,20,38
 Wed,17/08/2016,27,37,15,4,59,36,55
 Sat,20/08/2016,26,18,35,8,52,41,17
 Wed,24/08/2016,15,10,38,4,59,37,1
 Sat,27/08/2016,23,22,5,34,54,10,8
 Wed,31/08/2016,16,49,47,15,26,45,50
 Sat,03/09/2016,6,28,2,38,17,55,37
 Wed,07/09/2016,30,12,10,44,3,29,11
 Sat,10/09/2016,6,47,17,51,37,46,2
 Wed,14/09/2016,42,58,16,35,23,44,28
 Sat,17/09/2016,25,54,52,10,14,29,37
 Wed,21/09/2016,28,21,56,49,20,33,43
 Sat,24/09/2016,34,11,43,24,47,44,42
 Wed,28/09/2016,29,51,19,53,37,41,55
 Sat,01/10/2016,4,58,5,18,28,43,55
 Wed,05/10/2016,25,44,11,37,43,16,39
 Sat,08/10/2016,20,11,40,42,32,17,27
 Wed,12/10/2016,22,30,36,58,29,2,53
 Sat,15/10/2016,42,14,16,46,51,25,53
 Wed,19/10/2016,4,54,3,59,2,32,12
 Sat,22/10/2016,9,50,45,26,27,19,23
 Wed,26/10/2016,27,52,29,11,53,5,13
 Sat,29/10/2016,29,24,8,58,7,16,42
 Wed,02/11/2016,38,31,5,24,19,14,29
 Sat,05/11/2016,26,49,12,45,8,16,27
 Wed,09/11/2016,30,52,34,13,12,39,38
 Sat,12/11/2016,55,31,3,11,16,44,8
 Wed,16/11/2016,7,33,12,50,51,47,40
 Sat,19/11/2016,37,7,8,28,5,16,40
 Wed,23/11/2016,25,4,38,39,2,8,29
 Sat,26/11/2016,2,49,40,28,1,48,17
 Wed,30/11/2016,55,25,39,45,20,10,22
 Sat,03/12/2016,3,21,9,8,54,19,31
 Wed,07/12/2016,27,44,58,31,16,32,42
 Sat,10/12/2016,11,26,32,33,31,46,20
 Wed,14/12/2016,40,58,7,8,3,9,36
 Sat,17/12/2016,11,32,2,54,18,40,8
 Wed,21/12/2016,22,52,13,35,10,42,27
 Sat,24/12/2016,58,16,19,29,54,46,12
 Wed,28/12/2016,52,5,47,48,54,40,33
 Sat,31/12/2016,54,41,17,51,10,35,25
 Wed,04/01/2017,49,42,10,48,37,29,32
 Sat,07/01/2017,8,33,45,16,51,36,38
 Wed,11/01/2017,29,35,26,46,21,59,10
 Sat,14/01/2017,21,54,36,53,14,19,33
 Wed,18/01/2017,28,20,27,53,14,8,45
 Sat,21/01/2017,52,37,58,4,40,13,51
 Wed,25/01/2017,53,4,23,9,37,20,39
 Sat,28/01/2017,34,23,43,45,21,5,20
 Wed,01/02/2017,15,6,45,8,58,31,39
 Sat,04/02/2017,6,30,27,50,9,40,22
 Wed,08/02/2017,44,41,49,54,23,7,37
 Sat,11/02/2017,15,18,52,42,43,23,28
 Wed,15/02/2017,47,23,56,38,28,17,31
 Sat,18/02/2017,59,11,21,49,13,37,4
 Wed,22/02/2017,1,38,54,31,28,16,5
 Sat,25/02/2017,34,41,38,24,18,49,26
 Wed,01/03/2017,47,2,53,21,7,22,42
 Sat,04/03/2017,56,39,49,38,24,40,21
 Wed,08/03/2017,43,42,19,22,11,49,48
 Sat,11/03/2017,55,15,57,23,6,29,46
 Wed,15/03/2017,27,58,6,39,24,38,55
 Sat,18/03/2017,26,37,8,3,19,41,43
 Wed,22/03/2017,12,6,11,31,27,19,42
 Sat,25/03/2017,54,53,58,48,39,52,28
 Wed,29/03/2017,32,16,5,51,42,6,39
 Sat,01/04/2017,54,11,1,23,2,25,14
 Wed,05/04/2017,10,18,16,32,45,42,30
 Sat,08/04/2017,50,36,47,23,14,45,21
 Wed,12/04/2017,34,52,42,3,16,49,50
 Sat,15/04/2017,31,19,8,16,10,23,48
 Wed,19/04/2017,4,47,27,54,55,59,45
 Sat,22/04/2017,52,37,42,6,4,34,24
 Wed,26/04/2017,47,43,15,12,59,30,41
 Sat,29/04/2017,48,36,24,29,46,30,7
 Wed,03/05/2017,41,24,13,57,34,22,40
 Sat,06/05/2017,48,5,39,34,36,38,30
 Wed,10/05/2017,35,58,17,7,12,37,25
 Sat,13/05/2017,57,7,21,23,14,15,52
 Wed,17/05/2017,3,38,19,20,30,24,41
 Sat,20/05/2017,29,43,7,53,8,13,16
 Wed,24/05/2017,45,59,30,44,3,55,37
 Sat,27/05/2017,39,31,41,54,20,22,33
 Wed,31/05/2017,18,23,52,59,28,56,36
 Sat,03/06/2017,21,47,12,19,51,38,48
 Wed,07/06/2017,6,37,12,41,36,8,50
 Sat,10/06/2017,36,18,35,28,50,10,2
 Wed,14/06/2017,2,14,23,46,34,4,45
 Sat,17/06/2017,24,44,1,16,11,20,42
 Wed,21/06/2017,5,43,3,1,15,11,48
 Sat,24/06/2017,26,39,42,54,16,4,24
 Wed,28/06/2017,10,23,56,2,21,54,44
 Sat,01/07/2017,19,36,52,54,2,59,6
 Wed,05/07/2017,25,57,16,29,27,18,4
 Sat,08/07/2017,27,1,32,50,11,18,25
 Wed,12/07/2017,19,38,40,7,14,45,18
 Sat,15/07/2017,56,8,7,47,14,58,23
 Wed,19/07/2017,14,16,2,25,6,36,42
 Sat,22/07/2017,13,47,21,41,35,5,23
 Wed,26/07/2017,55,5,29,56,10,35,30
 Sat,29/07/2017,26,59,56,55,1,41,36
 Wed,02/08/2017,4,24,6,35,45,52,8
 Sat,05/08/2017,14,49,30,56,24,45,27
 Wed,09/08/2017,9,51,34,59,5,25,44
 Sat,12/08/2017,56,52,27,55,10,49,17
 Wed,16/08/2017,28,7,45,17,44,43,54
 Sat,19/08/2017,55,52,25,46,12,39,3
 Wed,23/08/2017,44,16,8,56,41,21,45
 Sat,26/08/2017,20,41,34,42,52,25,58
 Wed,30/08/2017,59,34,46,58,42,57,38
 Sat,02/09/2017,30,41,35,33,40,59,8
 Wed,06/09/2017,52,50,16,30,34,53,46
 Sat,09/09/2017,4,49,56,58,13,7,6
 Wed,13/09/2017,21,56,4,11,14,29,27
 Sat,16/09/2017,31,37,6,49,1,50,38
 Wed,20/09/2017,25,8,20,58,50,51,45
 Sat,23/09/2017,17,18,56,26,39,54,57
 Wed,27/09/2017,30,45,47,55,35,52,40
 Sat,30/09/2017,50,30,13,54,21,18,20
 Wed,04/10/2017,20,38,32,48,12,54,5
 Sat,07/10/2017,47,20,37,15,30,51,21
 Wed,11/10/2017,55,49,54,38,17,56,13
 Sat,14/10/2017,6,40,43,58,47,22,42
 Wed,18/10/2017,15,22,27,12,11,44,7
 Sat,21/10/2017,41,37,44,59,31,3,32
 Wed,25/10/2017,3,11,58,1,49,37,21
 Sat,28/10/2017,15,55,58,42,8,33,53
 Wed,01/11/2017,19,18,14,13,36,21,53
 Sat,04/11/2017,35,20,29,53,23,6,57
 Wed,08/11/2017,25,42,32,49,17,2,4
 Sat,11/11/2017,16,27,41,49,30,4,54
 Wed,15/11/2017,22,11,36,2,59,51,7
 Sat,18/11/2017,36,58,54,1,24,20,11
 Wed,22/11/2017,27,17,36,37,16,2,42
 Sat,25/11/2017,4,45,56,54,7,29,8
 Wed,29/11/2017,58,43,20,32,53,42,8
 Sat,02/12/2017,9,50,13,32,4,46,52
 Wed,06/12/2017,50,24,52,19,31,3,16
 Sat,09/12/2017,46,54,39,32,37,2,19
 Wed,13/12/2017,6,23,58,14,43,24,40
 Sat,16/12/2017,25,35,45,57,22,46,14
 Wed,20/12/2017,28,46,41,20,38,10,16
 Sat,23/12/2017,56,44,36,47,32,20,41
 Wed,27/12/2017,57,18,58,59,48,36,50
 Sat,30/12/2017,42,58,55,37,47,33,34
 Wed,03/01/2018,30,20,11,19,49,35,44
 Sat,06/01/2018,18,31,32,28,44,51,50
 Wed,10/01/2018,11,55,29,27,40,6,45
 Sat,13/01/2018,18,46,7,6,9,35,5
 Wed,17/01/2018,56,30,55,33,43,37,46
 Sat,20/01/2018,31,28,2,29,10,19,47
 Wed,24/01/2018,59,48,44,22,39,1,5
 Sat,27/01/2018,33,43,49,29,56,45,16
 Wed,31/01/2018,19,21,5,44,42,57,18
 Sat,03/02/2018,29,26,49,8,58,27,38
 Wed,07/02/2018,19,29,40,5,45,34,57
 Sat,10/02/2018,51,3,12,58,29,15,13
 Wed,14/02/2018,33,48,2,46,8,50,5
 Sat,17/02/2018,5,8,53,38,9,10,56
 Wed,21/02/2018,53,35,25,29,30,14,38
 Sat,24/02/2018,35,48,2,40,11,55,7
 Wed,28/02/2018,33,9,30,27,10,45,29
 Sat,03/03/2018,15,50,19,29,42,20,36
 Wed,07/03/2018,57,55,10,8,22,37,29
 Sat,10/03/2018,53,36,59,3,7,42,50
 Wed,14/03/2018,47,19,45,38,7,53,15
 Sat,17/03/2018,13,8,7,45,24,46,39
 Wed,21/03/2018,54,55,2,44,35,51,45
 Sat,24/03/2018,59,43,36,11,3,16,49
 Wed,28/03/2018,7,52,54,6,15,2,45
 Sat,31/03/2018,8,26,20,35,36,6,39
 Wed,04/04/2018,26,43,38,1,15,9,14
 Sat,07/04/2018,31,1,33,55,52,4,13
 Wed,11/04/2018,52,56,21,59,32,25,28
 Sat,14/04/2018,10,42,46,48,40,47,38
 Wed,18/04/2018,59,39,41,4,21,11,58
 Sat,21/04/2018,57,12,9,8,20,2,38
 Wed,25/04/2018,41,18,50,14,40,5,12
 Sat,28/04/2018,38,43,11,44,3,37,20
 Wed,02/05/2018,48,4,26,10,8,38,41
 Sat,05/05/2018,2,9,52,56,14,49,41
 Wed,09/05/2018,18,25,59,30,56,21,5
 Sat,12/05/2018,35,1,30,21,15,44,5
 Wed,16/05/2018,22,48,54,32,4,26,57
 Sat,19/05/2018,48,52,1,34,36,3,22
 Wed,23/05/2018,45,1,17,32,36,15,5
 Sat,26/05/2018,40,14,19,29,9,39,3
 Wed,30/05/2018,32,8,4,5,26,39,16
 Sat,02/06/2018,58,4,43,32,51,38,10
 Wed,06/06/2018,22,35,58,42,12,31,55
 Sat,09/06/2018,17,58,55,20,3,56,57
 Wed,13/06/2018,38,45,33,22,5,15,11
 Sat,16/06/2018,41,10,37,36,46,18,8
 Wed,20/06/2018,43,22,15,35,26,41,1
 Sat,23/06/2018,25,31,15,1,10,47,53
 Wed,27/06/2018,45,41,57,58,54,4,26
 Sat,30/06/2018,28,46,45,49,32,6,50
 Wed,04/07/2018,52,8,13,46,22,58,7
 Sat,07/07/2018,48,18,17,54,29,52,1
 Wed,11/07/2018,33,25,17,46,11,8,13
 Sat,14/07/2018,26,4,41,55,13,8,58
 Wed,18/07/2018,53,34,49,22,51,44,33
 Sat,21/07/2018,25,46,13,16,9,40,52
 Wed,25/07/2018,5,30,23,20,43,19,6
 Sat,28/07/2018,45,11,29,38,31,32,10
 Wed,01/08/2018,46,54,34,17,18,15,4
 Sat,04/08/2018,5,17,23,34,51,25,52
 Wed,08/08/2018,19,20,31,34,8,27,7
 Sat,11/08/2018,37,19,18,1,10,3,57
 Wed,15/08/2018,28,58,3,48,34,41,54
 Sat,18/08/2018,55,6,12,1,13,2,11
 Wed,22/08/2018,47,25,34,21,15,20,36
 Sat,25/08/2018,33,56,9,39,41,22,48
 Wed,29/08/2018,23,54,19,51,30,50,55
 Sat,01/09/2018,38,3,55,22,21,46,50
 Wed,05/09/2018,48,23,59,22,18,12,47
 Sat,08/09/2018,34,53,7,52,19,33,48
 Wed,12/09/2018,13,56,54,12,14,11,36
 Sat,15/09/2018,25,55,48,58,42,50,44
 Wed,19/09/2018,40,20,34,7,26,25,59
 Sat,22/09/2018,16,20,18,55,5,25,36
 Wed,26/09/2018,3,8,37,39,59,47,42
 Sat,29/09/2018,17,58,44,54,36,40,27
 Wed,03/10/2018,45,25,3,11,5,27,18
 Sat,06/10/2018,37,32,39,30,23,26,5
 Wed,10/10/2018,54,10,56,50,49,53,4
 Sat,13/10/2018,58,52,40,19,26,56,38
 Wed,17/10/2018,5,20,51,1,6,54,56
 Sat,20/10/2018,46,12,59,40,18,42,49
 Wed,24/10/2018,9,40,22,32,59,51,17
 Sat,27/10/2018,26,39,31,6,1,25,56
 Wed,31/10/2018,28,24,20,45,5,14,21
 Sat,03/11/2018,45,16,52,47,41,31,53
 Wed,07/11/2018,46,4,59,9,5,40,58
 Sat,10/11/2018,7,38,17,12,44,42,53
 Wed,14/11/2018,4,11,20,48,53,45,16
 Sat,17/11/2018,12,4,5,9,42,17,32
 Wed,21/11/2018,46,53,24,35,31,42,9
 Sat,24/11/2018,32,43,30,42,27,15,10
 Wed,28/11/2018,39,52,45,46,48,36,38
 Sat,01/12/2018,49,5,8,9,12,31,57
 Wed,05/12/2018,1,13,45,56,6,23,41
 Sat,08/12/2018,36,6,48,38,23,43,17
 Wed,12/12/2018,51,46,59,31,3,22,53
 Sat,15/12/2018,43,34,5,35,26,49,19
 Wed,19/12/2018,12,33,56,34,24,39,38
 Sat,22/12/2018,32,24,15,4,17,56,31
 Wed,26/12/2018,7,14,58,45,54,35,1
 Sat,29/12/2018,40,57,45,26,31,38,28
 Wed,02/01/2019,8,40,53,35,10,9,21
 Sat,05/01/2019,28,32,18,25,47,27,6
 Wed,09/01/2019,57,36,51,17,3,42,18
 Sat,12/01/2019,13,49,55,43,32,29,26
 Wed,16/01/2019,54,44,48,12,55,1,8
 Sat,19/01/2019,11,52,22,17,31,15,45
 Wed,23/01/2019,58,41,5,45,30,27,38
 Sat,26/01/2019,42,47,29,56,40,51,45
 Wed,30/01/2019,58,47,7,43,22,31,2
 Sat,02/02/2019,59,1,55,53,6,41,20
 Wed,06/02/2019,44,53,3,16,24,41,15
 Sat,09/02/2019,36,27,31,47,25,38,12
 Wed,13/02/2019,42,45,26,31,4,8,55
 Sat,16/02/2019,51,15,18,43,11,46,12
 Wed,20/02/2019,33,3,17,11,41,51,48
 Sat,23/02/2019,42,48,40,38,9,6,57
 Wed,27/02/2019,51,54,19,31,20,22,16
 Sat,02/03/2019,4,8,16,19,45,33,54
 Wed,06/03/2019,2,12,46,53,43,15,17
 Sat,09/03/2019,46,22,35,27,40,52,2
 Wed,13/03/2019,29,48,46,40,1,11,17
 Sat,16/03/2019,59,37,6,42,32,26,38
 Wed,20/03/2019,58,35,53,56,2,19,12
 Sat,23/03/2019,59,50,26,52,6,30,27
 Wed,27/03/2019,25,39,35,18,50,13,21
 Sat,30/03/2019,35,45,27,3,55,54,24
 Wed,03/04/2019,9,26,5,35,52,17,44
 Sat,06/04/2019,36,43,22,33,8,5,21
 Wed,10/04/2019,42,22,36,49,20,48,30
 Sat,13/04/2019,4,10,38,24,37,15,30
 Wed,17/04/2019,8,51,23,43,28,42,52
 Sat,20/04/2019,54,17,34,11,7,8,4
 Wed,24/04/2019,51,22,41,35,43,29,42
 Sat,27/04/2019,1,26,7,34,52,53,10
 Wed,01/05/2019,10,29,12,35,57,23,9
 Sat,04/05/2019,55,17,39,40,16,35,41
 Wed,08/05/2019,19,56,35,16,31,45,59
 Sat,11/05/2019,45,13,55,49,19,14,24
 Wed,15/05/2019,18,11,50,39,44,8,23
 Sat,18/05/2019,26,54,23,7,31,22,3
 Wed,22/05/2019,37,7,31,27,36,50,18
 Sat,25/05/2019,35,26,54,5,9,43,24
 Wed,29/05/2019,46,27,32,53,3,15,57
 Sat,01/06/2019,26,36,47,8,40,39,42
 Wed,05/06/2019,33,32,56,20,23,11,25
 Sat,08/06/2019,12,55,42,13,37,22,43
 Wed,12/06/2019,36,16,6,37,53,34,50
 Sat,15/06/2019,42,7,54,52,40,47,29
 Wed,19/06/2019,31,22,39,47,26,55,35
 Sat,22/06/2019,6,44,32,9,17,57,11
 Wed,26/06/2019,5,24,32,7,9,44,38
 Sat,29/06/2019,44,32,11,43,47,52,27
 Wed,03/07/2019,29,38,52,27,20,10,57
 Sat,06/07/2019,44,24,56,57,30,50,9
 Wed,10/07/2019,10,54,4,17,11,53,6
 Sat,13/07/2019,32,35,18,58,29,25,12
 Wed,17/07/2019,45,5,8,41,40,43,23
 Sat,20/07/2019,36,14,28,37,23,18,32
 Wed,24/07/2019,37,28,17,2,4,45,22
 Sat,27/07/2019,19,45,48,30,14,58,3
 Wed,31/07/2019,18,20,43,9,42,46,30
 Sat,03/08/2019,44,8,45,30,34,57,31
 Wed,07/08/2019,11,7,58,44,36,52,31
 Sat,10/08/2019,8,5,17,23,9,29,49
 Wed,14/08/2019,24,28,16,53,30,14,23
 Sat,17/08/2019,10,41,58,6,46,9,45
 Wed,21/08/2019,51,53,26,14,58,11,30
 Sat,24/08/2019,46,39,55,45,36,27,38
 Wed,28/08/2019,57,41,1,49,40,52,43
 Sat,31/08/2019,10,16,41,58,5,26,15
 Wed,04/09/2019,45,40,49,11,13,32,39
 Sat,07/09/2019,27,13,37,3,32,30,8
 Wed,11/09/2019,35,38,9,4,26,53,30
 Sat,14/09/2019,26,14,10,19,6,43,28
 Wed,18/09/2019,1,39,57,28,34,25,50
 Sat,21/09/2019,34,33,18,41,23,32,54
 Wed,25/09/2019,4,3,16,39,43,52,47
 Sat,28/09/2019,19,2,42,29,23,21,26
 Wed,02/10/2019,37,47,20,42,13,15,49
 Sat,05/10/2019,32,8,4,12,34,13,58
 Wed,09/10/2019,44,14,22,55,58,40,12
 Sat,12/10/2019,30,27,40,36,42,23,58
 Wed,16/10/2019,29,18,47,5,4,40,57
 Sat,19/10/2019,31,33,52,15,17,8,13
 Wed,23/10/2019,29,5,58,53,30,39,19
 Sat,26/10/2019,56,26,23,59,16,38,32
 Wed,30/10/2019,56,2,41,51,19,8,23
 Sat,02/11/2019,56,28,13,16,34,41,40
 Wed,06/11/2019,17,27,22,25,32,35,5
 Sat,09/11/2019,51,46,16,58,11,2,31
 Wed,13/11/2019,55,9,2,7,1,44,39
 Sat,16/11/2019,2,51,59,25,10,56,17
 Wed,20/11/2019,49,47,17,52,8,31,12
 Sat,23/11/2019,38,25,47,28,58,23,31
 Wed,27/11/2019,7,39,48,55,22,16,50
 Sat,30/11/2019,36,8,24,16,40,57,51
 Wed,04/12/2019,25,31,13,28,9,21,1
 Sat,07/12/2019,57,6,34,20,35,27,39
 Wed,11/12/2019,35,47,14,16,33,7,25
 Sat,14/12/2019,21,2,44,32,23,49,56
 Wed,18/12/2019,56,44,50,36,15,13,45
 Sat,21/12/2019,12,45,36,42,33,27,26
 Wed,25/12/2019,11,54,10,58,45,5,40
 Sat,28/12/2019,55,41,2,12,1,23,9
 Wed,01/01/2020,20,50,13,38,30,55,5
 Sat,04/01/2020,34,13,3,51,50,14,11
 Wed,08/01/2020,23,59,50,42,2,47,32
 Sat,11/01/2020,51,46,57,27,28,55,14
 Wed,15/01/2020,50,15,54,55,52,25,28
 Sat,18/01/2020,41,14,42,35,55,29,11
 Wed,22/01/2020,30,23,19,25,36,29,14
 Sat,25/01/2020,30,54,33,39,55,18,21
 Wed,29/01/2020,40,23,59,7,47,42,58
 Sat,01/02/2020,44,58,47,7,42,59,52
 Wed,05/02/2020,31,20,42,43,48,39,1
 Sat,08/02/2020,59,35,8,42,43,54,21
 Wed,12/02/2020,54,51,3,2,5,27,6
 Sat,15/02/2020,33,11,10,45,54,41,18
 Wed,19/02/2020,7,27,18,48,28,21,10
 Sat,22/02/2020,27,21,36,47,23,25,17
 Wed,26/02/2020,27,19,57,20,52,49,4
 Sat,29/02/2020,25,34,58,32,55,52,9
 Wed,04/03/2020,56,4,7,19,50,14,8
 Sat,07/03/2020,35,5,29,44,36,40,42
 Wed,11/03/2020,45,46,52,39,10,54,12
 Sat,14/03/2020,38,7,47,30,42,22,14
 Wed,18/03/2020,27,11,19,3,7,52,5
 Sat,21/03/2020,34,58,26,56,12,29,41
 Wed,25/03/2020,11,25,39,24,57,53,9
 Sat,28/03/2020,8,49,14,46,27,33,11
 Wed,01/04/2020,17,16,4,52,27,22,30
 Sat,04/04/2020,22,39,45,49,28,4,25
 Wed,08/04/2020,41,4,1,20,19,45,7
 Sat,11/04/2020,44,20,55,31,28,30,50
 Wed,15/04/2020,38,57,54,43,25,37,17
 Sat,18/04/2020,6,43,46,3,31,53,26
 Wed,22/04/2020,50,8,3,47,18,59,12
 Sat,25/04/2020,21,9,25,3,28,59,36
 Wed,29/04/2020,40,36,16,17,32,47,4
 Sat,02/05/2020,39,18,14,44,23,52,47
 Wed,06/05/2020,49,51,29,32,48,23,13
 Sat,09/05/2020,18,7,21,42,50,26,59
 Wed,13/05/2020,31,14,47,38,16,19,20
 Sat,16/05/2020,44,48,20,52,21,4,34
 Wed,20/05/2020,26,24,37,40,57,7,44
 Sat,23/05/2020,59,42,45,37,38,15,54
 Wed,27/05/2020,7,23,4,34,19,38,46
 Sat,30/05/2020,6,8,32,2,33,35,45
 Wed,03/06/2020,2,5,11,14,33,1,48
 Sat,06/06/2020,12,40,17,35,6,3,33
 Wed,10/06/2020,51,55,57,50,20,26,40
 Sat,13/06/2020,51,19,35,21,12,10,42
 Wed,17/06/2020,54,48,33,9,39,2,43
 Sat,20/06/2020,48,30,26,40,7,21,13
 Wed,24/06/2020,57,1,8,50,33,52,41
 Sat,27/06/2020,15,2,37,43,33,19,12
 Wed,01/07/2020,55,24,29,8,27,1,4
 Sat,04/07/2020,48,52,34,57,32,33,13
 Wed,08/07/2020,59,31,5,22,18,50,30
 Sat,11/07/2020,9,17,14,32,58,10,22
 Wed,15/07/2020,37,44,9,29,53,27,49
 Sat,18/07/2020,20,1,32,42,33,24,30
 Wed,22/07/2020,7,45,23,37,2,11,19
 Sat,25/07/2020,14,18,10,13,34,33,15
 Wed,29/07/2020,1,39,24,49,52,46,51
 Sat,01/08/2020,53,13,24,10,56,4,22
 Wed,05/08/2020,28,42,51,58,1,43,36
 Sat,08/08/2020,58,49,40,56,53,2,41
 Wed,12/08/2020,6,37,27,8,31,51,20
 Sat,15/08/2020,16,10,22,14,25,34,21
 Wed,19/08/2020,45,22,32,36,21,50,5
 Sat,22/08/2020,37,51,24,28,23,19,12
 Wed,26/08/2020,24,39,31,4,27,8,45
 Sat,29/08/2020,5,57,10,21,47,51,16
 Wed,02/09/2020,11,58,54,45,55,15,12
 Sat,05/09/2020,47,38,3,28,11,36,32
 Wed,09/09/2020,56,48,50,13,33,11,55
 Sat,12/09/2020,52,37,23,42,5,36,14
 Wed,16/09/2020,47,20,16,33,29,49,45
 Sat,19/09/2020,52,9,13,39,49,53,56
 Wed,23/09/2020,35,28,8,47,51,17,52
 Sat,26/09/2020,55,54,1,38,19,35,45
 Wed,30/09/2020,46,25,10,41,34,55,36
 Sat,03/10/2020,4,24,1,27,13,47,2
 Wed,07/10/2020,37,52,58,12,18,56,53
 Sat,10/10/2020,21,45,36,11,56,49,2
 Wed,14/10/2020,28,31,46,12,50,9,10
 Sat,17/10/2020,38,41,26,51,32,49,46
 Wed,21/10/2020,28,12,27,29,9,44,8
 Sat,24/10/2020,53,18,47,13,19,57,44
 Wed,28/10/2020,18,38,59,27,47,11,14
 Sat,31/10/2020,16,59,1,6,34,49,35
 Wed,04/11/2020,10,32,50,28,35,20,24
 Sat,07/11/2020,3,56,52,33,50,45,44
 Wed,11/11/2020,49,50,36,46,6,59,38
 Sat,14/11/2020,25,37,56,50,39,44,13
 Wed,18/11/2020,54,28,27,41,26,18,45
 Sat,21/11/2020,37,23,54,32,57,49,47
 Wed,25/11/2020,30,18,11,55,44,33,48
 Sat,28/11/2020,35,9,46,45,57,27,32
 Wed,02/12/2020,38,22,39,26,16,47,48
 Sat,05/12/2020,52,59,51,47,13,38,18
 Wed,09/12/2020,7,28,14,8,10,33,26
 Sat,12/12/2020,13,49,38,39,53,56,59
 Wed,16/12/2020,43,38,28,36,2,30,33
 Sat,19/12/2020,4,28,21,10,27,14,23
 Wed,23/12/2020,48,51,42,20,54,52,21
 Sat,26/12/2020,43,44,55,52,26,46,6
 Wed,30/12/2020,17,21,11,49,37,24,45
 Sat,02/01/2021,36,9,39,6,8,57,37
 Wed,06/01/2021,54,36,2,8,51,52,10
 Sat,09/01/2021,9,38,21,30,23,35,53
 Wed,13/01/2021,1,42,8,18,16,12,4
 Sat,16/01/2021,48,38,45,3,53,15,27
 Wed,20/01/2021,13,5,7,57,25,3,37
 Sat,23/01/2021,1,52,49,6,45,25,56
 Wed,27/01/2021,34,45,35,30,50,22,51
 Sat,30/01/2021,36,51,4,28,31,55,42
 Wed,03/02/2021,17,9,21,4,46,26,12
 Sat,06/02/2021,27,32,46,28,39,52,6
 Wed,10/02/2021,29,1,33,15,49,42,54
 Sat,13/02/2021,42,50,37,44,16,15,48
 Wed,17/02/2021,39,6,8,26,5,20,1
 Sat,20/02/2021,36,3,18,56,24,16,10
 Wed,24/02/2021,1,34,17,9,18,16,13
 Sat,27/02/2021,4,49,45,33,39,36,20
 Wed,03/03/2021,2,54,40,23,3,8,52
 Sat,06/03/2021,47,29,16,17,52,56,15
 Wed,10/03/2021,26,42,21,5,1,9,17
 Sat,13/03/2021,8,29,6,17,11,44,20
 Wed,17/03/2021,28,26,36,58,16,7,9
 Sat,20/03/2021,12,36,24,34,51,15,21
 Wed,24/03/2021,23,50,40,2,3,27,30
 Sat,27/03/2021,18,22,26,49,5,3,29
 Wed,31/03/2021,6,58,4,49,56,13,12
 Sat,03/04/2021,40,32,45,8,2,28,5
 Wed,07/04/2021,51,40,57,12,38,58,29
 Sat,10/04/2021,50,20,26,48,49,25,30
 Wed,14/04/2021,48,57,12,20,6,52,34
 Sat,17/04/2021,18,7,23,57,8,21,4
 Wed,21/04/2021,39,4,34,32,6,14,46
 Sat,24/04/2021,29,16,38,32,30,24,1
 Wed,28/04/2021,59,4,48,1,57,27,5
 Sat,01/05/2021,7,40,31,34,32,10,14
 Wed,05/05/2021,56,27,40,55,8,34,43
 Sat,08/05/2021,46,31,12,23,10,37,15
 Wed,12/05/2021,17,40,51,23,52,10,20
 Sat,15/05/2021,57,32,27,19,39,6,50
 Wed,19/05/2021,57,50,58,36,53,18,22
 Sat,22/05/2021,9,20,41,46,43,48,7
 Wed,26/05/2021,33,51,49,36,28,45,48
 Sat,29/05/2021,10,55,46,36,1,16,44
 Wed,02/06/2021,15,17,53,59,33,1,41
 Sat,05/06/2021,3,6,57,39,46,33,17
 Wed,09/06/2021,24,15,43,49,9,34,32
 Sat,12/06/2021,11,36,27,16,52,9,50
 Wed,16/06/2021,48,22,36,28,6,53,13
 Sat,19/06/2021,38,12,18,21,54,44,14
 Wed,23/06/2021,14,53,50,15,33,4,16
 Sat,26/06/2021,24,37,53,41,39,14,19
 Wed,30/06/2021,41,34,38,12,40,27,32
 Sat,03/07/2021,1,31,47,29,12,27,23
 Wed,07/07/2021,40,3,52,2,7,20,14
 Sat,10/07/2021,33,47,9,54,22,19,1
 Wed,14/07/2021,12,35,41,36,29,27,51
 Sat,17/07/2021,35,48,56,33,3,25,1
 Wed,21/07/2021,20,5,37,17,51,45,29
 Sat,24/07/2021,7,6,37,34,28,17,59
 Wed,28/07/2021,34,44,23,26,59,36,43
 Sat,31/07/2021,43,11,13,19,12,58,48
 Wed,04/08/2021,16,27,3,46,34,36,6
 Sat,07/08/2021,10,15,41,51,22,57,58
 Wed,11/08/2021,46,36,39,32,37,13,40
 Sat,14/08/2021,19,1,39,15,2,43,58
 Wed,18/08/2021,10,4,48,50,27,30,54
 Sat,21/08/2021,27,35,18,28,17,57,51
 Wed,25/08/2021,15,30,39,52,59,7,38
 Sat,28/08/2021,24,50,18,34,49,57,41
 Wed,01/09/2021,19,28,3,41,33,43,57
 Sat,04/09/2021,21,14,39,41,36,1,34
 Wed,08/09/2021,13,56,3,14,4,38,52
 Sat,11/09/2021,13,52,2,54,42,38,39
 Wed,15/09/2021,25,20,24,37,34,27,50
 Sat,18/09/2021,53,32,44,45,52,19,12
 Wed,22/09/2021,21,40,44,13,52,33,9
 Sat,25/09/2021,31,13,56,36,15,32,53
 Wed,29/09/2021,17,52,45,15,27,40,28
 Sat,02/10/2021,32,35,36,51,37,40,43
 Wed,06/10/2021,51,16,1,9,30,27,34
 Sat,09/10/2021,52,30,9,48,51,6,55
 Wed,13/10/2021,4,12,56,38,8,15,30
 Sat,16/10/2021,24,21,58,18,37,4,22
 Wed,20/10/2021,43,37,29,23,27,47,11
 Sat,23/10/2021,27,21,28,4,13,37,19
 Wed,27/10/2021,22,8,47,39,20,48,16
 Sat,30/10/2021,18,51,56,59,7,47,17
 Wed,03/11/2021,47,48,6,39,31,58,8
 Sat,06/11/2021,21,7,29,39,34,3,19
 Wed,10/11/2021,18,37,11,20,49,10,5
 Sat,13/11/2021,43,14,28,52,13,16,56
 Wed,17/11/2021,13,55,35,34,24,49,53
 Sat,20/11/2021,32,59,17,16,51,5,53
 Wed,24/11/2021,42,11,39,19,17,4,59
 Sat,27/11/2021,15,48,16,1,24,17,9
 Wed,01/12/2021,4,37,42,7,50,8,36
 Sat,04/12/2021,24,46,33,32,8,25,47
 Wed,08/12/2021,12,52,31,30,34,58,56
 Sat,11/12/2021,15,31,33,13,6,14,38
 Wed,15/12/2021,28,17,15,45,30,2,54
 Sat,18/12/2021,51,45,27,12,23,54,59
 Wed,22/12/2021,20,52,13,45,14,6,54
 Sat,25/12/2021,42,26,15,30,59,24,18
 Wed,29/12/2021,57,28,52,3,42,17,58
 Sat,01/01/2022,41,43,29,56,14,31,42
 Wed,05/01/2022,21,57,28,3,56,5,14
 Sat,08/01/2022,36,46,33,21,43,28,27
 Wed,12/01/2022,59,56,21,39,8,37,32
 Sat,15/01/2022,25,39,13,31,14,37,4
 Wed,19/01/2022,50,57,41,13,56,3,58
 Sat,22/01/2022,25,59,46,20,35,1,28
 Wed,26/01/2022,53,26,57,36,5,58,2
 Sat,29/01/2022,50,12,41,4,47,35,46
 Wed,02/02/2022,48,59,29,50,22,6,3
 Sat,05/02/2022,36,24,8,39,46,56,48
 Wed,09/02/2022,17,57,43,12,53,16,29
 Sat,12/02/2022,28,16,58,26,9,47,49
 Wed,16/02/2022,31,27,21,53,59,50,24
 Sat,19/02/2022,56,44,33,50,34,57,26
 Wed,23/02/2022,22,26,37,33,27,4,20
 Sat,26/02/2022,52,8,5,33,47,37,20
 Wed,02/03/2022,58,55,43,48,49,52,32
 Sat,05/03/2022,51,33,10,29,42,21,48
 Wed,09/03/2022,10,3,38,26,47,41,45
 Sat,12/03/2022,39,23,44,13,7,21,16
 Wed,16/03/2022,28,33,14,23,20,54,12
 Sat,19/03/2022,51,20,50,34,33,24,7
 Wed,23/03/2022,52,15,53,46,3,14,50
 Sat,26/03/2022,13,27,53,35,46,18,40
 Wed,30/03/2022,17,44,58,12,11,14,29
 Sat,02/04/2022,22,57,27,52,30,24,20
 Wed,06/04/2022,23,3,49,30,17,24,59
 Sat,09/04/2022,18,59,44,11,10,29,17
 Wed,13/04/2022,53,40,1,10,7,30,2
 Sat,16/04/2022,6,4,55,58,2,35,44
 Wed,20/04/2022,5,53,24,47,8,50,31
 Sat,23/04/2022,7,10,56,31,48,24,15
 Wed,27/04/2022,57,38,22,10,56,35,46
 Sat,30/04/2022,15,19,41,26,51,57,52
 Wed,04/05/2022,57,10,55,50,29,6,5
 Sat,07/05/2022,5,3,15,6,41,45,39
 Wed,11/05/2022,39,51,21,44,37,34,26
 Sat,14/05/2022,15,21,12,50,39,24,35
 Wed,18/05/2022,18,20,38,40,51,42,45
 Sat,21/05/2022,51,48,57,12,37,25,8
 Wed,25/05/2022,45,31,49,30,37,56,51
 Sat,28/05/2022,24,57,16,34,44,5,20
 Wed,01/06/2022,32,4,30,38,1,6,18
 Sat,04/06/2022,46,59,41,52,19,9,24
 Wed,08/06/2022,25,53,58,11,23,38,52
 Sat,11/06/2022,32,21,59,52,34,20,1
 Wed,15/06/2022,53,3,41,37,38,26,36
 Sat,18/06/2022,14,39,11,59,42,36,21
 Wed,22/06/2022,54,21,40,48,36,46,38
 Sat,25/06/2022,43,13,31,52,23,25,6
 Wed,29/06/2022,26,3,17,21,46,59,39
 Sat,02/07/2022,53,48,33,9,43,23,1
 Wed,06/07/2022,44,25,9,54,36,41,48
 Sat,09/07/2022,40,12,15,6,48,24,45
 Wed,13/07/2022,12,59,39,13,42,19,10
 Sat,16/07/2022,58,32,2,19,12,54,23
 Wed,20/07/2022,36,33,12,32,14,17,9
 Sat,23/07/2022,34,10,41,2,54,13,26
 Wed,27/07/2022,14,37,39,38,1,11,54
 Sat,30/07/2022,33,7,17,16,19,57,12
 Wed,03/08/2022,25,53,29,5,28,58,15
 Sat,06/08/2022,45,41,44,31,15,14,20
 Wed,10/08/2022,24,52,6,40,47,21,30
 Sat,13/08/2022,50,49,15,42,22,54,59
 Wed,17/08/2022,26,37,48,45,20,30,33
 Sat,20/08/2022,3,59,35,9,6,5,38
 Wed,24/08/2022,25,35,32,10,39,14,42
 Sat,27/08/2022,20,7,10,24,30,38,19
 Wed,31/08/2022,13,49,21,54,16,30,8
 Sat,03/09/2022,25,43,9,52,42,46,6
 Wed,07/09/2022,58,27,34,20,42,3,48
 Sat,10/09/2022,7,29,42,6,31,2,9
 Wed,14/09/2022,55,38,46,25,45,57,16
 Sat,17/09/2022,25,22,55,45,28,11,15
 Wed,21/09/2022,34,28,6,45,13,37,24
 Sat,24/09/2022,18,50,14,22,39,15,51
 Wed,28/09/2022,3,15,58,48,20,57,9
 Sat,01/10/2022,4,9,44,58,1,40,21
 Wed,05/10/2022,23,51,54,31,48,36,38
 Sat,08/10/2022,6,32,12,26,46,8,51
 Wed,12/10/2022,24,47,21,20,39,26,37
 Sat,15/10/2022,55,25,11,18,36,13,39
 Wed,19/10/2022,2,59,45,50,18,13,14
 Sat,22/10/2022,58,33,59,42,56,11,34
 Wed,26/10/2022,46,20,13,7,21,53,49
 Sat,29/10/2022,58,37,15,39,7,26,41
 Wed,02/11/2022,40,41,18,4,44,46,54
 Sat,05/11/2022,31,2,13,27,38,41,34
 Wed,09/11/2022,1,31,29,5,44,58,8
 Sat,12/11/2022,4,37,22,48,44,11,39
 Wed,16/11/2022,53,30,27,1,39,18,58
 Sat,19/11/2022,30,17,39,49,5,20,59
 Wed,23/11/2022,42,43,5,16,58,29,37
 Sat,26/11/2022,52,50,17,5,3,1,11
 Wed,30/11/2022,47,50,13,20,17,49,11
 Sat,03/12/2022,19,38,14,16,13,11,23
 Wed,07/12/2022,45,37,9,51,33,21,55
 Sat,10/12/2022,14,34,23,51,19,17,54
 Wed,14/12/2022,39,41,44,49,50,16,6
 Sat,17/12/2022,49,38,56,15,39,22,32
 Wed,21/12/2022,38,19,53,54,34,5,31
 Sat,24/12/2022,59,8,1,46,14,49,19
 Wed,28/12/2022,5,31,57,48,27,19,30
 Sat,31/12/2022,34,57,27,58,56,47,19
 Wed,04/01/2023,58,9,42,1,4,32,26
 Sat,07/01/2023,11,6,45,33,57,7,18
 Wed,11/01/2023,4,56,54,19,46,22,21
 Sat,14/01/2023,47,54,37,39,9,33,24
 Wed,18/01/2023,44,37,23,11,36,26,53
 Sat,21/01/2023,30,57,9,21,7,14,18
 Wed,25/01/2023,23,4,50,7,19,58,8
 Sat,28/01/2023,20,5,30,8,23,50,25
 Wed,01/02/2023,59,16,53,31,28,29,34
 Sat,04/02/2023,27,2,23,31,5,58,56
 Wed,08/02/2023,53,42,28,33,26,13,55
 Sat,11/02/2023,46,5,57,47,37,3,50
 Wed,15/02/2023,50,10,56,42,34,20,14
 Sat,18/02/2023,35,49,9,52,58,53,29
 Wed,22/02/2023,11,34,39,13,23,15,9
 Sat,25/02/2023,32,31,53,45,22,50,35
 Wed,01/03/2023,39,48,36,5,49,28,35
 Sat,04/03/2023,33,16,30,24,44,6,7
 Wed,08/03/2023,41,49,29,59,57,5,22
 Sat,11/03/2023,27,41,28,50,1,19,49
 Wed,15/03/2023,43,2,24,37,12,39,36
 Sat,18/03/2023,54,46,59,13,22,39,58
 Wed,22/03/2023,27,42,33,5,37,58,10
 Sat,25/03/2023,11,43,30,40,13,44,28
 Wed,29/03/2023,32,42,27,52,10,24,37
 Sat,01/04/2023,3,43,40,13,7,47,49
 Wed,05/04/2023,29,4,39,52,30,18,46
 Sat,08/04/2023,19,4,24,20,12,42,17
 Wed,12/04/2023,29,39,16,51,12,45,5
 Sat,15/04/2023,17,58,21,35,3,13,29
 Wed,19/04/2023,22,7,58,25,47,54,37
 Sat,22/04/2023,35,22,29,51,8,31,46
 Wed,26/04/2023,26,29,57,27,19,53,17
 Sat,29/04/2023,56,12,41,35,44,31,59
 Wed,03/05/2023,28,12,42,37,33,49,25
 Sat,06/05/2023,33,36,55,54,3,23,7
 Wed,10/05/2023,9,57,45,22,15,52,12
 Sat,13/05/2023,13,58,32,42,2,54,28
 Wed,17/05/2023,1,51,2,9,4,50,17
 Sat,20/05/2023,7,36,44,34,24,51,20
 Wed,24/05/2023,4,14,3,13,36,10,18
 Sat,27/05/2023,22,5,42,37,49,14,54
 Wed,31/05/2023,41,33,24,19,28,54,48
 Sat,03/06/2023,22,4,59,20,15,13,17
 Wed,07/06/2023,4,56,3,55,35,12,50
 Sat,10/06/2023,39,29,36,13,56,44,3
 Wed,14/06/2023,56,47,23,16,21,2,3
 Sat,17/06/2023,46,13,32,11,28,47,21
 Wed,21/06/2023,7,15,8,4,3,1,54
 Sat,24/06/2023,22,17,39,36,53,18,31
 Wed,28/06/2023,31,32,33,40,56,59,20
 Sat,01/07/2023,1,35,12,22,20,24,34
 Wed,05/07/2023,44,47,10,16,38,15,12
 Sat,08/07/2023,59,23,6,18,15,24,14
 Wed,12/07/2023,57,50,3,30,52,44,45
 Sat,15/07/2023,46,10,11,58,37,45,30
 Wed,19/07/2023,47,41,34,30,39,12,40
 Sat,22/07/2023,14,11,46,35,41,20,2
 Wed,26/07/2023,10,19,27,29,12,50,33
 Sat,29/07/2023,20,56,37,8,21,33,25
 Wed,02/08/2023,21,23,49,5,10,35,16
 Sat,05/08/2023,22,5,38,50,28,58,2
 Wed,09/08/2023,34,16,10,29,48,24,54
 Sat,12/08/2023,39,17,25,24,21,14,44
 Wed,16/08/2023,8,51,10,43,32,59,26
 Sat,19/08/2023,31,28,7,37,17,2,8
 Wed,23/08/2023,23,16,57,32,13,37,15
 Sat,26/08/2023,13,42,12,41,50,45,43
 Wed,30/08/2023,19,59,20,48,25,11,41
 Sat,02/09/2023,9,46,55,11,49,53,16
 Wed,06/09/2023,53,12,22,54,38,3,28
 Sat,09/09/2023,43,39,59,49,15,20,56
 Wed,13/09/2023,7,23,42,29,31,10,6
 Sat,16/09/2023,31,17,7,22,24,59,50
 Wed,20/09/2023,52,9,42,37,18,34,50
 Sat,23/09/2023,34,58,12,37,41,55,13
 Wed,27/09/2023,31,11,8,20,44,10,28
 Sat,30/09/2023,40,14,8,24,1,20,52
 Wed,04/10/2023,55,42,53,3,8,37,46
 Sat,07/10/2023,20,47,10,22,16,52,26
 Wed,11/10/2023,18,25,3,15,23,8,58
 Sat,14/10/2023,31,4,28,27,51,57,48
 Wed,18/10/2023,8,48,6,34,20,7,38
 Sat,21/10/2023,15,37,14,43,54,26,6
 Wed,25/10/2023,47,16,33,20,41,59,21
 Sat,28/10/2023,42,50,25,28,37,38,6
 Wed,01/11/2023,37,36,15,43,42,9,50
 Sat,04/11/2023,37,39,20,57,52,54,43
 Wed,08/11/2023,7,46,17,12,53,1,24
 Sat,11/11/2023,28,26,34,42,12,41,32
 Wed,15/11/2023,40,55,6,16,7,33,4
 Sat,18/11/2023,32,47,23,22,11,3,56
 Wed,22/11/2023,49,14,55,26,56,9,28
 Sat,25/11/2023,9,5,46,31,34,48,49
 Wed,29/11/2023,35,49,19,42,38,31,13
 Sat,02/12/2023,26,33,2,4,11,23,40
 Wed,06/12/2023,2,55,3,43,6,22,47
 Sat,09/12/2023,15,33,59,27,44,46,30
 Wed,13/12/2023,48,34,28,43,31,10,57
 Sat,16/12/2023,4,30,23,50,12,56,8
 Wed,20/12/2023,11,46,4,8,53,50,16
 Sat,23/12/2023,40,56,31,29,17,47,44
 Wed,27/12/2023,23,2,24,29,33,36,42
 Sat,30/12/2023,49,26,29,15,37,53,38
 Wed,03/01/2024,19,1,38,5,59,27,55
 Sat,06/01/2024,23,2,54,43,53,38,41
 Wed,10/01/2024,53,5,25,1,15,45,2
 Sat,13/01/2024,22,46,8,48,44,27,7
 Wed,17/01/2024,48,30,28,10,44,24,35
 Sat,20/01/2024,29,49,20,14,7,38,42
 Wed,24/01/2024,22,49,57,6,27,46,17
 Sat,27/01/2024,22,18,34,47,58,20,16
 Wed,31/01/2024,22,54,11,5,10,27,55
 Sat,03/02/2024,29,25,8,50,19,28,46
 Wed,07/02/2024,40,1,51,2,17,33,42
 Sat,10/02/2024,19,53,24,29,4,43,34
 Wed,14/02/2024,32,45,54,36,11,9,24
 Sat,17/02/2024,19,42,41,5,39,28,43
 Wed,21/02/2024,50,27,58,25,32,54,55
 Sat,24/02/2024,56,4,20,36,3,11,28
 Wed,28/02/2024,50,44,45,39,12,21,51
 Sat,02/03/2024,48,2,59,40,20,34,6
 Wed,06/03/2024,58,32,11,37,48,7,28
 Sat,09/03/2024,53,17,33,15,14,55,43
 Wed,13/03/2024,35,34,26,37,24,28,48
 Sat,16/03/2024,44,11,45,35,18,16,51
 Wed,20/03/2024,10,25,29,14,8,35,32
 Sat,23/03/2024,7,50,43,41,45,15,28
 Wed,27/03/2024,1,27,3,48,42,22,9
 Sat,30/03/2024,16,15,19,37,49,51,17
 Wed,03/04/2024,3,41,48,38,46,32,40
 Sat,06/04/2024,14,10,29,20,12,17,33
 Wed,10/04/2024,56,9,24,19,39,31,55
 Sat,13/04/2024,45,48,31,17,26,33,47
 Wed,17/04/2024,31,11,28,26,35,39,40
 Sat,20/04/2024,54,29,52,26,5,43,32
 Wed,24/04/2024,14,59,56,53,8,18,40
 Sat,27/04/2024,57,2,18,25,15,58,53
 Wed,01/05/2024,22,13,53,44,16,21,36
 Sat,04/05/2024,16,2,7,59,31,54,10
 Wed,08/05/2024,38,4,52,34,13,43,36
 Sat,11/05/2024,34,12,13,50,51,14,22
 Wed,15/05/2024,17,11,52,53,47,25,37
 Sat,18/05/2024,13,48,9,45,46,22,29
 Wed,22/05/2024,35,31,43,7,6,25,12
 Sat,25/05/2024,28,58,6,40,53,30,13
 Wed,29/05/2024,8,1,22,56,25,16,4
 Sat,01/06/2024,16,11,6,21,43,50,9
 Wed,05/06/2024,13,9,1,58,21,33,28
 Sat,08/06/2024,41,23,7,24,10,3,59
 Wed,12/06/2024,59,40,13,42,41,51,5
 Sat,15/06/2024,9,1,25,39,29,34,22
 Wed,19/06/2024,52,7,3,13,15,21,23
 Sat,22/06/2024,9,58,32,5,44,18,34
 Wed,26/06/2024,27,36,37,8,34,56,54
 Sat,29/06/2024,19,7,25,29,31,11,6
 Wed,03/07/2024,42,46,8,50,1,58,51
 Sat,06/07/2024,37,47,59,18,24,11,13
 Wed,10/07/2024,19,48,26,13,9,8,54
 Sat,13/07/2024,49,37,27,22,38,51,59
 Wed,17/07/2024,49,44,7,45,32,2,39
 Sat,20/07/2024,41,19,58,22,55,9,44
 Wed,24/07/2024,34,31,17,3,29,23,46
 Sat,27/07/2024,25,33,40,27,3,45,58
 Wed,31/07/2024,16,33,21,52,58,12,37
 Sat,03/08/2024,20,28,26,6,19,45,7
 Wed,07/08/2024,49,56,42,22,10,11,58
 Sat,10/08/2024,48,2,59,25,42,40,12
 Wed,14/08/2024,36,15,30,45,7,48,27
 Sat,17/08/2024,3,52,10,18,6,59,49
 Wed,21/08/2024,42,9,23,57,37,53,58
 Sat,24/08/2024,17,43,4,30,39,34,45
 Wed,28/08/2024,10,25,49,29,53,4,30
 Sat,31/08/2024,3,2,29,48,52,45,54
 Wed,04/09/2024,41,3,29,6,15,25,17
 Sat,07/09/2024,38,37,33,13,32,50,2
 Wed,11/09/2024,10,23,53,41,57,3,28
 Sat,14/09/2024,55,49,38,27,21,47,54
 Wed,18/09/2024,20,57,51,33,7,50,44
 Sat,21/09/2024,26,48,5,49,57,17,56
 Wed,25/09/2024,4,57,3,55,1,14,2
 Sat,28/09/2024,54,39,38,23,18,36,12
 Wed,02/10/2024,20,59,21,6,4,5,2
 Sat,05/10/2024,13,12,44,20,8,49,19
 Wed,09/10/2024,4,55,20,41,56,7,48
 Sat,12/10/2024,11,2,13,39,17,41,37
 Wed,16/10/2024,11,29,41,42,48,9,43
 Sat,19/10/2024,43,54,47,48,22,44,25
 Wed,23/10/2024,23,27,45,51,9,6,47
 Sat,26/10/2024,30,47,41,44,16,9,13
 Wed,30/10/2024,41,57,27,36,54,43,7
 Sat,02/11/2024,16,50,11,35,12,19,34
 Wed,06/11/2024,6,19,3,14,35,32,17
 Sat,09/11/2024,44,36,56,43,50,33,18
 Wed,13/11/2024,11,41,28,12,29,54,17
 Sat,16/11/2024,16,12,59,31,38,58,41
 Wed,20/11/2024,33,7,2,37,56,27,30
 Sat,23/11/2024,33,8,44,3,13,39,56
 Wed,27/11/2024,59,38,31,15,42,35,6
 Sat,30/11/2024,14,38,24,19,22,21,17
 Wed,04/12/2024,35,39,25,12,19,37,3
 Sat,07/12/2024,12,9,35,42,26,14,18
 Wed,11/12/2024,52,49,35,2,36,32,19
 Sat,14/12/2024,12,19,17,11,1,54,3
 Wed,18/12/2024,18,28,39,20,58,52,38
 Sat,21/12/2024,16,4,54,10,3,40,8
 Wed,25/12/2024,47,35,17,9,51,15,31
 Sat,28/12/2024,16,34,53,54,28,40,55
 Wed,01/01/2025,42,35,54,18,38,31,41
 Sat,04/01/2025,19,35,22,24,27,16,28
 Wed,08/01/2025,17,46,20,7,24,27,21
 Sat,11/01/2025,12,28,10,6,29,2,57
 Wed,15/01/2025,33,55,34,57,38,11,20
 Sat,18/01/2025,39,29,2,13,24,32,46
 Wed,22/01/2025,2,20,12,47,57,5,43
 Sat,25/01/2025,24,38,23,14,54,32,50
 Wed,29/01/2025,29,39,38,31,14,7,56
 Sat,01/02/2025,13,25,35,32,30,1,2
 Wed,05/02/2025,34,27,54,26,51,41,52
 Sat,08/02/2025,6,47,36,28,52,45,51
 Wed,12/02/2025,33,56,8,34,59,50,17
 Sat,15/02/2025,52,17,31,46,57,39,1
 Wed,19/02/2025,7,40,39,43,5,37,8
 Sat,22/02/2025,7,33,3,9,29,51,5
 Wed,26/02/2025,4,1,10,40,26,31,24
 Sat,01/03/2025,6,14,19,41,11,43,53
 Wed,05/03/2025,44,43,8,30,19,18,58
 Sat,08/03/2025,44,29,1,42,19,33,21
 Wed,12/03/2025,4,52,42,38,56,58,44
 Sat,15/03/2025,5,31,6,33,20,4,28
 Wed,19/03/2025,35,6,15,27,43,41,28
 Sat,22/03/2025,10,54,38,55,11,34,26
 Wed,26/03/2025,18,22,17,34,53,58,14
 Sat,29/03/2025,1,7,35,57,17,43,19
 Wed,02/04/2025,40,43,36,30,5,41,53
 Sat,05/04/2025,33,59,57,53,10,26,18
 Wed,09/04/2025,12,46,14,28,31,33,43
 Sat,12/04/2025,4,55,12,10,22,53,31
 Wed,16/04/2025,48,57,39,27,36,59,45
 Sat,19/04/2025,13,11,1,37,2,30,33
 Wed,23/04/2025,42,1,37,24,28,26,44
 Sat,26/04/2025,32,36,59,7,8,11,21
 Wed,30/04/2025,16,40,42,28,23,55,44
 Sat,03/05/2025,18,23,41,17,38,47,9
 Wed,07/05/2025,12,24,21,3,45,41,20
 Sat,10/05/2025,27,13,36,14,33,15,18
 Wed,14/05/2025,14,34,2,52,48,37,29
 Sat,17/05/2025,34,24,18,51,47,35,26
 Wed,21/05/2025,16,36,20,30,5,6,2
 Sat,24/05/2025,9,13,12,26,38,40,4
 Wed,28/05/2025,8,31,28,49,55,33,13
 Sat,31/05/2025,20,33,12,11,16,8,52
 Wed,04/06/2025,9,45,32,2,19,57,31
 Sat,07/06/2025,27,11,30,46,39,17,56
 Wed,11/06/2025,47,53,35,13,42,8,39
 Sat,14/06/2025,42,36,48,59,8,20,46
 Wed,18/06/2025,44,8,15,49,31,38,59
 Sat,21/06/2025,58,31,13,12,10,6,15
 Wed,25/06/2025,21,54,14,49,16,42,41
 Sat,28/06/2025,17,40,22,47,38,16,4
 Wed,02/07/2025,34,51,54,55,11,4,57
 Sat,05/07/2025,45,37,43,9,18,12,15
 Wed,09/07/2025,51,12,15,25,58,6,57
 Sat,12/07/2025,41,11,25,4,51,17,14
 Wed,16/07/2025,6,47,55,12,9,15,56
 Sat,19/07/2025,25,46,5,7,29,40,15
 Wed,23/07/2025,48,3,11,21,16,9,22
 Sat,26/07/2025,28,42,24,57,23,9,18
 Wed,30/07/2025,37,3,21,5,18,7,38
 Sat,02/08/2025,33,1,5,10,30,50,56
 Wed,06/08/2025,17,47,5,58,31,9,35
 Sat,09/08/2025,27,29,2,38,51,44,23
 Wed,13/08/2025,27,41,50,55,16,1,54
 Sat,16/08/2025,15,45,1,11,48,19,37
 Wed,20/08/2025,1,9,44,55,32,10,49
 Sat,23/08/2025,30,54,59,7,38,42,5
 Wed,27/08/2025,47,55,25,45,5,43,58
 Sat,30/08/2025,43,10,19,6,59,20,16
 Wed,03/09/2025,7,22,54,31,15,18,28
 Sat,06/09/2025,10,45,57,37,22,40,24
 Wed,10/09/2025,18,42,38,27,1,9,13
 Sat,13/09/2025,26,36,49,54,53,1,10
 Wed,17/09/2025,36,24,18,9,7,30,42
 Sat,20/09/2025,59,16,53,36,13,30,22
 Wed,24/09/2025,3,23,30,16,47,38,25
 Sat,27/09/2025,23,28,37,24,41,15,59
 Wed,01/10/2025,28,31,59,51,13,39,27
 Sat,04/10/2025,8,12,33,49,59,6,42
 Wed,08/10/2025,56,48,57,21,42,2,51
 Sat,11/10/2025,11,51,31,54,17,25,53
 Wed,15/10/2025,48,29,33,58,36,38,52
 Sat,18/10/2025,39,43,59,58,6,52,19
 Wed,22/10/2025,3,35,36,34,26,24,9
 Sat,25/10/2025,40,28,4,59,9,42,55
 Wed,29/10/2025,54,24,35,9,33,30,32
 Sat,01/11/2025,18,36,17,51,39,31,29
 Wed,05/11/2025,43,15,20,42,2,59,16
 Sat,08/11/2025,2,45,46,47,42,3,44
 Wed,12/11/2025,31,34,54,9,57,17,7
 Sat,15/11/2025,44,52,11,27,9,48,25
 Wed,19/11/2025,36,50,51,15,18,57,10
 Sat,22/11/2025,14,43,9,59,49,11,35
 Wed,26/11/2025,49,21,54,55,10,56,40
 Sat,29/11/2025,38,6,9,2,16,48,46
 Wed,03/12/2025,19,57,13,6,48,58,1
 Sat,06/12/2025,32,10,17,5,42,7,40
 Wed,10/12/2025,46,9,35,26,4,42,38
 Sat,13/12/2025,41,18,22,24,56,53,59
 Wed,17/12/2025,58,43,51,50,20,15,36
 Sat,20/12/2025,34,45,25,2,27,52,47
 Wed,24/12/2025,16,38,12,15,48,35,49
 Sat,27/12/2025,55,20,51,36,43,40,21
 Wed,31/12/2025,3,38,20,27,46,29,14
 Sat,03/01/2026,34,48,38,6,20,47,4
 Wed,07/01/2026,33,50,9,20,45,3,12
 Sat,10/01/2026,5,22,13,53,6,18,9
 Wed,14/01/2026,22,44,35,54,2,5,23
 Sat,17/01/2026,58,12,30,32,26,39,4
 Wed,21/01/2026,28,24,5,56,46,49,19
 Sat,24/01/2026,8,23,4,1,57,34,29
 Wed,28/01/2026,59,45,50,33,52,58,15
 Sat,31/01/2026,17,40,37,8,25,7,11
 Wed,04/02/2026,29,2,57,51,19,1,5
 Sat,07/02/2026,46,25,7,52,27,59,40
 Wed,11/02/2026,53,30,47,5,28,11,52
 Sat,14/02/2026,50,56,27,10,54,13,14
 Wed,18/02/2026,12,11,1,18,13,49,33
 Sat,21/02/2026,40,33,14,2,37,24,19
 Wed,25/02/2026,57,54,41,36,31,34,27
 Sat,28/02/2026,12,31,15,28,32,22,23
 Wed,04/03/2026,46,56,20,33,43,50,45
 Sat,07/03/2026,9,39,47,37,40,51,19
 Wed,11/03/2026,18,40,54,2,25,3,14
 Sat,14/03/2026,10,58,44,36,30,45,59
 Wed,18/03/2026,14,56,16,47,18,22,54
 Sat,21/03/2026,28,10,5,18,34,53,46
 Wed,25/03/2026,22,34,40,32,31,19,43
 Sat,28/03/2026,47,35,9,52,24,40,18
 Wed,01/04/2026,27,35,7,23,40,16,48
 Sat,04/04/2026,32,16,15,42,23,46,52
 Wed,08/04/2026,34,43,36,29,27,59,37
 Sat,11/04/2026,15,10,17,35,7,14,31
 Wed,15/04/2026,49,56,22,45,53,54,25
 Sat,18/04/2026,15,47,12,1,4,39,48
 Wed,22/04/2026,12,18,49,6,56,29,7
 Sat,25/04/2026,32,3,14,19,53,10,23
 Wed,29/04/2026,4,52,32,14,38,22,27
 Sat,02/05/2026,4,29,12,6,3,40,19
 Wed,06/05/2026,7,31,33,37,39,56,20
 Sat,09/05/2026,3,11,13,14,43,49,5
 Wed,13/05/2026,9,12,15,16,37,39,14
 Sat,16/05/2026,4,21,23,27,36,57,20
 Wed,20/05/2026,9,20,24,51,52,59,31
 Sat,23/05/2026,4,5,6,7,11,33,35
 Wed,27/05/2026,33,36,38,46,47,50,35
 Sat,30/05/2026,4,17,18,20,23,56,33
 Wed,03/06/2026,7,10,20,55,57,59,44
 Sat,06/06/2026,8,10,26,30,35,42,50
 Wed,10/06/2026,1,12,25,29,40,41,16
 Wed,10/06/2026,2,5,12,42,47,54,51
 Sat,13/06/2026,12,15,31,32,48,58,44
 Sat,13/06/2026,15,17,37,54,55,56,6
 Wed,17/06/2026,26,31,36,41,45,51,16
 Wed,17/06/2026,2,14,18,40,48,55,56
 Sat,20/06/2026,15,28,30,33,39,58,44
 Sat,20/06/2026,17,21,52,53,54,57,6
 Wed,24/06/2026,7,8,12,23,28,43,10
 Wed,24/06/2026,3,32,34,38,48,53,16
 Sat,27/06/2026,22,34,41,43,54,56,24
 Sat,27/06/2026,12,18,40,43,44,45,29
 Wed,01/07/2026,13,33,35,40,43,54,56
 Wed,01/07/2026,5,8,26,33,39,42,54
 Sat,04/07/2026,7,20,33,48,57,59,47
 Sat,04/07/2026,14,20,22,38,39,41,49
 Wed,08/07/2026,30,35,39,45,46,53,37
 Wed,08/07/2026,23,25,31,32,34,54,45
 Sat,11/07/2026,9,13,22,36,40,45,41
 Sat,11/07/2026,2,13,22,40,42,58,54
 Wed,15/07/2026,4,13,14,17,23,31,56
 Wed,15/07/2026,4,40,43,51,55,57,34
 Sat,18/07/2026,22,32,34,47,52,55,10
 Sat,18/07/2026,20,29,30,42,46,55,38
 Wed,22/07/2026,3,9,12,23,32,53,46
 Wed,22/07/2026,5,17,25,43,56,58,11
 Sat,25/07/2026,2,6,29,36,55,59,50
 Sat,25/07/2026,9,22,26,49,53,56,34
 Wed,29/07/2026,5,10,22,38,56,58,54
 Wed,29/07/2026,20,22,31,32,40,55,1
 Sat,01/08/2026,16,19,32,33,34,44,29
 Sat,01/08/2026,2,22,35,43,45,48,27
 Wed,05/08/2026,24,26,27,39,47,50,8
 Wed,05/08/2026,12,14,16,22,29,59,58
 Sat,08/08/2026,14,18,26,45,50,53,43
 Sat,08/08/2026,5,10,26,28,45,47,14
 Wed,12/08/2026,3,14,22,24,34,54,52
 Wed,12/08/2026,14,25,35,39,51,59,44
