Date,Num1,Num2,Num3,Num4,Num5,Num6,Bonus,Encore,Gold_Ball_Draw_Number,Classic_Jackpot_CAD,Gold_Ball_Jackpot_CAD
25/12/1982,11,18,22,28,35,37,42
18/12/1982,7,13,23,32,33,45,36
11/12/1982,4,9,10,11,43,46,3
04/12/1982,6,17,24,36,38,46,29
27/11/1982,5,17,21,28,30,43,36
20/11/1982,3,4,19,33,34,48,39
13/11/1982,4,11,23,24,25,45,41
06/11/1982,8,14,16,18,31,48,45
30/10/1982,11,18,19,31,37,45,41
23/10/1982,7,18,23,25,37,45,39
16/10/1982,11,23,25,28,29,36,27
09/10/1982,13,16,18,34,35,36,26
02/10/1982,4,14,18,40,43,44,5
25/09/1982,9,12,13,14,44,48,18
18/09/1982,8,18,36,39,41,47,31
11/09/1982,25,28,29,30,35,44,3
04/09/1982,7,14,17,20,37,47,34
28/08/1982,11,17,19,20,36,43,9
21/08/1982,7,9,21,33,38,42,45
14/08/1982,4,15,30,37,46,48,3
07/08/1982,5,10,23,27,37,38,33
31/07/1982,7,16,17,31,40,48,26
24/07/1982,18,25,28,33,36,42,7
17/07/1982,8,20,21,25,31,41,33
10/07/1982,5,14,21,31,34,47,45
03/07/1982,3,9,10,13,20,43,34
26/06/1982,1,6,23,24,27,39,34
19/06/1982,8,33,36,37,39,41,9
12/06/1982,3,11,12,14,41,43,13
31/12/1983,7,22,25,27,30,35,45
24/12/1983,1,2,13,21,42,48,7
17/12/1983,7,9,20,28,35,41,16
10/12/1983,1,14,22,25,40,42,19
03/12/1983,3,5,19,26,32,43,30
26/11/1983,3,12,16,21,33,49,44
19/11/1983,4,14,16,30,33,38,22
12/11/1983,1,2,7,13,22,31,5
05/11/1983,18,20,23,26,33,49,31
29/10/1983,1,5,7,8,11,13,3
22/10/1983,8,14,25,32,34,35,16
15/10/1983,2,3,23,26,27,40,4
08/10/1983,13,23,37,43,48,49,27
01/10/1983,1,15,20,22,24,49,40
24/09/1983,1,6,15,34,42,44,49
17/09/1983,9,21,22,29,48,49,28
10/09/1983,23,30,32,33,35,44,2
03/09/1983,1,6,13,15,22,27,10
27/08/1983,9,16,18,20,26,43,38
20/08/1983,9,12,20,21,37,43,49
13/08/1983,1,2,8,23,46,48,20
06/08/1983,9,11,27,28,37,46,29
30/07/1983,3,6,7,33,34,36,15
23/07/1983,22,23,25,26,35,41,39
16/07/1983,11,14,18,31,35,49,42
09/07/1983,16,19,22,29,44,48,31
02/07/1983,5,9,27,39,40,43,17
25/06/1983,4,11,14,20,26,30,39
18/06/1983,9,19,28,36,45,46,3
11/06/1983,7,19,26,28,45,49,34
04/06/1983,4,14,24,31,33,35,29
28/05/1983,2,29,31,40,45,48,41
21/05/1983,6,7,10,32,36,38,46
14/05/1983,7,10,11,16,28,40,6
07/05/1983,2,13,41,42,44,47,12
30/04/1983,18,26,29,35,36,49,25
23/04/1983,3,17,20,30,35,48,26
16/04/1983,1,3,19,31,32,47,37
09/04/1983,20,24,28,35,42,46,27
02/04/1983,4,10,23,38,41,46,43
26/03/1983,21,24,25,32,39,49,40
19/03/1983,2,10,11,31,43,49,29
12/03/1983,11,15,25,38,41,43,37
05/03/1983,2,7,21,22,30,33,3
26/02/1983,11,12,19,25,29,44,48
19/02/1983,11,13,15,16,24,31,9
12/02/1983,10,14,25,31,44,47,17
05/02/1983,3,5,6,33,38,39,8
29/01/1983,8,22,26,27,34,42,14
22/01/1983,5,10,30,35,36,45,13
15/01/1983,8,34,37,39,41,47,18
08/01/1983,11,19,25,31,32,36,44
01/01/1983,25,26,31,35,45,48,12
29/12/1984,16,19,27,30,44,45,11
22/12/1984,6,18,21,31,35,48,9
15/12/1984,9,12,16,20,36,39,4
08/12/1984,7,13,24,31,39,40,8
01/12/1984,3,14,18,25,36,45,30
24/11/1984,5,30,34,36,43,49,17
17/11/1984,8,35,44,46,48,49,22
10/11/1984,20,22,27,34,44,48,41
03/11/1984,6,7,17,21,43,49,8
27/10/1984,1,16,25,36,39,42,5
20/10/1984,5,10,11,28,41,44,19
13/10/1984,3,14,24,31,35,46,17
06/10/1984,5,10,26,31,37,44,7
29/09/1984,21,22,29,36,38,41,20
22/09/1984,4,11,12,16,36,43,30
15/09/1984,7,8,10,15,31,37,43
08/09/1984,23,25,29,38,39,43,17
01/09/1984,3,24,27,33,41,44,4
25/08/1984,5,11,12,16,24,28,34
18/08/1984,12,13,15,35,38,39,4
11/08/1984,5,6,10,20,40,43,26
04/08/1984,1,10,18,27,35,38,30
28/07/1984,2,5,29,35,37,38,39
21/07/1984,2,7,34,36,37,40,15
14/07/1984,6,16,26,28,41,49,34
07/07/1984,6,11,20,23,25,35,37
30/06/1984,13,15,27,28,40,48,30
23/06/1984,7,16,28,34,45,47,23
16/06/1984,26,27,37,41,43,45,13
09/06/1984,6,17,29,32,39,40,47
02/06/1984,9,16,31,38,43,45,5
26/05/1984,1,3,40,43,45,46,7
19/05/1984,1,4,14,17,21,26,31
12/05/1984,6,16,19,20,25,43,40
05/05/1984,1,5,6,18,31,35,3
28/04/1984,16,24,25,28,32,44,2
21/04/1984,8,13,16,18,19,49,11
14/04/1984,3,12,31,33,45,49,6
07/04/1984,13,27,35,38,44,47,21
31/03/1984,12,19,22,23,29,36,25
24/03/1984,8,27,28,29,43,44,15
17/03/1984,6,26,28,36,37,48,23
10/03/1984,2,17,41,42,44,47,29
03/03/1984,13,26,27,38,46,47,6
25/02/1984,23,27,40,43,44,47,33
18/02/1984,4,12,16,31,44,48,41
11/02/1984,22,29,36,44,46,47,24
04/02/1984,20,26,28,30,45,48,25
28/01/1984,15,24,27,32,34,49,25
21/01/1984,1,5,14,24,25,38,27
14/01/1984,2,12,29,31,44,46,40
07/01/1984,1,7,14,31,41,43,12
28/12/1985,17,21,22,25,39,47,44
25/12/1985,1,7,11,14,19,38,32
21/12/1985,6,9,14,26,36,46,42
18/12/1985,1,7,19,36,42,49,45
14/12/1985,9,10,17,21,38,48,30
11/12/1985,9,19,20,32,33,37,39
07/12/1985,4,26,29,34,39,40,18
04/12/1985,4,5,20,29,31,47,1
30/11/1985,4,17,19,25,32,39,2
27/11/1985,19,24,26,34,41,43,27
23/11/1985,2,7,12,27,29,44,21
20/11/1985,31,32,36,38,39,44,20
16/11/1985,4,13,18,23,24,40,45
13/11/1985,5,9,23,28,40,46,49
09/11/1985,9,11,13,29,36,45,12
06/11/1985,16,20,26,34,38,47,27
02/11/1985,11,19,25,26,36,45,6
30/10/1985,19,24,32,36,38,41,47
26/10/1985,16,26,32,35,43,46,40
23/10/1985,1,6,11,27,33,41,9
19/10/1985,22,27,30,39,41,44,38
16/10/1985,1,3,8,18,35,47,30
12/10/1985,3,6,13,18,31,40,10
09/10/1985,7,8,11,19,25,39,3
05/10/1985,4,6,22,27,31,33,45
02/10/1985,1,26,33,34,38,46,31
28/09/1985,7,9,21,28,29,35,10
25/09/1985,5,9,12,33,45,47,32
21/09/1985,3,11,16,20,21,24,44
18/09/1985,8,12,19,33,41,45,24
14/09/1985,11,23,43,46,47,49,1
11/09/1985,4,9,14,15,44,45,32
07/09/1985,30,32,35,40,43,44,23
31/08/1985,3,9,13,15,27,30,42
24/08/1985,6,19,22,27,36,40,3
17/08/1985,4,21,32,38,43,45,41
10/08/1985,7,11,14,18,34,45,44
03/08/1985,2,8,9,18,31,42,32
27/07/1985,3,8,21,24,30,42,19
20/07/1985,7,9,11,16,43,46,34
13/07/1985,4,5,10,22,30,35,18
06/07/1985,5,24,26,36,41,45,35
29/06/1985,2,10,39,46,47,48,35
22/06/1985,1,7,15,20,31,45,22
15/06/1985,4,21,23,27,45,47,14
08/06/1985,9,11,19,27,30,46,12
01/06/1985,13,16,19,24,33,48,17
25/05/1985,9,12,24,30,31,47,39
18/05/1985,19,21,32,39,43,45,20
11/05/1985,6,15,20,22,26,46,21
04/05/1985,1,2,5,7,40,44,35
27/04/1985,4,14,27,37,40,44,46
20/04/1985,4,8,14,21,30,49,13
13/04/1985,7,20,24,46,48,49,41
06/04/1985,8,21,27,34,41,46,31
30/03/1985,8,16,20,30,31,48,12
23/03/1985,14,23,31,33,35,47,18
16/03/1985,3,6,18,21,33,34,49
09/03/1985,6,7,8,35,36,43,33
02/03/1985,17,19,27,30,36,43,1
23/02/1985,1,2,7,9,20,43,33
16/02/1985,3,7,15,24,38,41,29
09/02/1985,2,5,21,24,29,46,25
02/02/1985,5,18,22,23,25,26,2
26/01/1985,6,30,33,39,41,49,47
19/01/1985,7,24,35,37,45,47,23
12/01/1985,9,34,38,39,43,44,1
05/01/1985,7,17,18,24,29,48,34
31/12/1986,8,11,16,20,27,44,36
27/12/1986,3,15,16,20,26,34,32
24/12/1986,1,10,19,24,37,41,48
20/12/1986,7,14,16,34,46,48,49
17/12/1986,16,21,25,35,37,40,44
13/12/1986,3,6,7,14,27,43,33
10/12/1986,14,23,25,30,33,35,17
06/12/1986,6,8,24,37,45,48,11
03/12/1986,4,15,25,31,33,47,26
29/11/1986,2,4,6,21,27,42,17
26/11/1986,14,20,22,26,35,44,40
22/11/1986,5,13,18,32,34,39,21
19/11/1986,2,7,8,22,34,47,3
15/11/1986,4,23,24,34,39,47,45
12/11/1986,1,17,26,33,36,43,30
08/11/1986,2,3,6,11,31,42,1
05/11/1986,23,25,26,27,38,46,4
01/11/1986,19,22,24,36,38,41,33
29/10/1986,13,17,21,22,24,46,27
25/10/1986,1,3,16,41,42,46,31
22/10/1986,3,16,34,36,45,48,13
18/10/1986,8,29,32,39,43,45,49
15/10/1986,10,21,24,25,39,49,23
11/10/1986,7,12,26,33,37,48,21
08/10/1986,3,17,20,22,24,49,25
04/10/1986,8,14,16,24,26,38,21
01/10/1986,2,17,24,30,34,39,18
27/09/1986,4,5,11,19,34,38,27
24/09/1986,2,12,38,40,42,48,45
20/09/1986,8,9,11,15,19,25,10
17/09/1986,9,21,30,32,39,41,27
13/09/1986,10,14,16,43,44,49,29
10/09/1986,3,13,18,22,42,43,46
06/09/1986,8,9,19,35,39,48,20
03/09/1986,20,27,41,44,47,49,34
30/08/1986,4,11,25,32,45,46,10
27/08/1986,7,11,18,33,38,40,32
23/08/1986,1,4,19,31,45,47,36
20/08/1986,6,7,9,21,38,43,45
16/08/1986,14,25,35,40,41,43,12
13/08/1986,4,5,34,35,40,43,15
09/08/1986,5,8,14,21,33,34,10
06/08/1986,1,5,7,10,23,40,47
02/08/1986,8,14,21,24,38,47,23
30/07/1986,3,26,39,44,48,49,13
26/07/1986,3,14,29,34,46,49,48
23/07/1986,3,13,17,24,32,35,47
19/07/1986,7,25,28,32,37,43,16
16/07/1986,7,17,29,31,38,47,27
12/07/1986,7,17,20,30,33,43,39
09/07/1986,16,24,25,36,44,45,18
05/07/1986,7,10,12,32,44,48,21
02/07/1986,5,16,18,31,46,49,42
28/06/1986,1,4,20,33,34,37,38
25/06/1986,1,5,15,33,35,47,24
21/06/1986,1,8,10,34,42,45,14
18/06/1986,2,14,18,28,32,43,31
14/06/1986,3,21,29,37,40,47,30
11/06/1986,5,14,24,27,36,43,26
07/06/1986,3,16,21,41,45,46,49
04/06/1986,3,4,5,14,17,31,37
31/05/1986,8,16,17,37,40,41,19
28/05/1986,3,18,21,31,34,37,48
24/05/1986,2,21,26,28,41,49,5
21/05/1986,20,25,36,39,43,45,26
17/05/1986,1,25,34,41,44,49,37
14/05/1986,8,16,19,26,33,45,10
10/05/1986,4,10,17,26,39,47,19
07/05/1986,9,16,22,40,42,47,15
03/05/1986,12,18,30,38,39,47,6
30/04/1986,2,9,13,18,20,29,42
26/04/1986,8,10,24,27,35,43,22
23/04/1986,4,5,7,25,38,42,43
19/04/1986,7,17,26,28,42,48,43
16/04/1986,9,28,29,32,41,49,33
12/04/1986,17,18,23,32,36,39,10
09/04/1986,5,19,22,30,39,45,48
05/04/1986,18,29,32,34,35,46,2
02/04/1986,5,10,17,21,31,36,40
29/03/1986,15,22,28,29,42,46,36
26/03/1986,2,4,25,28,38,46,9
22/03/1986,5,8,17,20,21,42,44
19/03/1986,19,25,34,40,42,46,18
15/03/1986,8,9,34,41,44,47,21
12/03/1986,9,10,20,22,41,42,23
08/03/1986,7,24,28,31,37,43,41
05/03/1986,1,7,17,28,41,45,39
01/03/1986,7,12,13,14,35,43,20
26/02/1986,11,15,26,33,40,49,38
22/02/1986,9,16,19,25,34,36,23
19/02/1986,5,17,23,35,45,48,39
15/02/1986,20,22,30,43,46,48,44
12/02/1986,1,12,15,19,22,30,36
08/02/1986,2,5,7,36,38,42,32
05/02/1986,6,26,29,31,32,41,36
01/02/1986,4,5,9,19,29,31,45
29/01/1986,3,9,11,37,45,46,6
25/01/1986,24,26,29,40,44,46,16
22/01/1986,2,19,26,27,44,47,8
18/01/1986,11,17,23,26,30,34,4
15/01/1986,1,10,13,19,25,33,45
11/01/1986,4,12,21,40,42,45,2
08/01/1986,9,10,12,18,32,48,31
04/01/1986,6,20,23,29,32,37,18
01/01/1986,3,6,18,31,38,49,42
30/12/1987,1,13,17,18,45,48,49
26/12/1987,1,17,26,37,39,49,46
23/12/1987,16,29,30,39,43,44,31
19/12/1987,12,13,18,22,32,33,19
16/12/1987,12,25,37,41,42,48,1
12/12/1987,2,9,11,31,37,40,41
09/12/1987,20,29,33,39,41,48,7
05/12/1987,1,5,25,30,31,48,23
02/12/1987,15,22,30,35,37,49,26
28/11/1987,4,8,9,24,43,47,17
25/11/1987,13,26,33,45,46,49,10
21/11/1987,1,7,11,12,29,39,16
18/11/1987,18,36,40,43,45,49,33
14/11/1987,1,13,19,32,33,38,47
11/11/1987,10,17,18,37,39,43,2
07/11/1987,6,16,26,30,32,43,19
04/11/1987,3,4,7,8,16,34,26
31/10/1987,9,16,17,24,35,41,10
28/10/1987,7,18,27,30,39,40,32
24/10/1987,3,24,25,38,39,44,36
21/10/1987,1,3,5,14,27,44,10
17/10/1987,4,14,15,23,40,49,2
14/10/1987,16,20,25,32,33,42,31
10/10/1987,8,9,17,28,33,36,10
07/10/1987,3,4,6,13,14,48,40
03/10/1987,14,18,23,25,28,30,36
30/09/1987,4,9,10,11,28,30,32
26/09/1987,21,22,28,36,41,49,23
23/09/1987,4,8,10,16,22,41,7
19/09/1987,3,7,21,24,29,48,28
16/09/1987,3,4,6,15,35,40,45
12/09/1987,4,22,23,28,29,36,38
09/09/1987,15,23,35,38,46,47,13
05/09/1987,8,11,15,31,32,33,35
02/09/1987,11,13,17,20,45,49,22
29/08/1987,1,15,16,26,29,37,9
26/08/1987,3,8,28,32,36,48,29
22/08/1987,19,23,27,28,35,49,12
19/08/1987,4,17,19,30,41,44,38
15/08/1987,10,14,21,31,34,49,44
12/08/1987,1,4,13,16,30,31,36
08/08/1987,14,18,26,39,41,49,38
05/08/1987,17,29,32,41,42,43,37
01/08/1987,1,4,20,28,44,47,21
29/07/1987,10,26,31,36,39,46,2
25/07/1987,2,11,22,23,32,40,47
22/07/1987,1,8,26,32,43,49,35
18/07/1987,3,8,40,46,47,48,43
15/07/1987,4,17,29,38,39,45,31
11/07/1987,10,24,28,33,38,46,43
08/07/1987,5,13,14,18,37,40,16
04/07/1987,4,19,26,32,44,46,36
01/07/1987,3,12,15,18,21,33,5
27/06/1987,1,15,31,32,37,42,38
24/06/1987,3,15,40,41,43,47,38
20/06/1987,5,20,22,25,36,48,9
17/06/1987,10,17,24,34,37,41,33
13/06/1987,8,16,29,32,40,46,28
10/06/1987,6,8,15,17,20,23,45
06/06/1987,4,10,19,32,39,41,36
03/06/1987,4,7,11,35,40,41,10
30/05/1987,3,12,18,22,31,36,37
27/05/1987,16,18,21,23,34,38,32
23/05/1987,1,27,34,40,41,44,35
20/05/1987,6,8,10,18,22,45,1
16/05/1987,1,9,16,17,38,42,30
13/05/1987,1,5,21,36,44,45,22
09/05/1987,3,9,32,38,40,47,49
06/05/1987,5,16,19,25,46,48,38
02/05/1987,9,11,15,21,32,42,35
29/04/1987,5,7,10,20,37,38,27
25/04/1987,1,27,29,34,42,48,33
22/04/1987,27,31,33,34,39,46,44
18/04/1987,9,10,11,21,28,37,33
15/04/1987,15,26,29,34,46,47,37
11/04/1987,18,25,27,28,40,46,11
08/04/1987,14,16,18,29,31,35,33
04/04/1987,2,8,29,32,40,47,5
01/04/1987,4,28,38,39,43,45,44
28/03/1987,13,16,40,41,47,48,5
25/03/1987,3,5,6,11,20,44,48
21/03/1987,1,15,22,38,42,45,18
18/03/1987,2,18,22,30,31,33,12
14/03/1987,2,4,12,30,35,46,34
11/03/1987,1,21,24,27,30,37,39
07/03/1987,11,16,22,25,34,37,5
04/03/1987,6,17,24,26,31,32,37
28/02/1987,2,11,16,23,29,45,37
25/02/1987,2,5,24,25,36,46,23
21/02/1987,9,16,21,27,40,44,11
18/02/1987,2,10,20,26,35,48,16
14/02/1987,12,15,16,25,29,37,13
11/02/1987,11,12,29,33,43,46,22
07/02/1987,14,15,16,31,32,39,5
04/02/1987,2,15,21,42,47,49,41
31/01/1987,6,12,15,24,36,49,48
28/01/1987,15,18,27,44,46,47,33
24/01/1987,12,16,20,27,41,42,37
21/01/1987,2,11,19,34,42,44,49
17/01/1987,7,15,16,18,31,44,46
14/01/1987,4,21,23,33,34,36,31
10/01/1987,7,9,17,18,26,35,46
07/01/1987,1,3,29,35,37,47,45
03/01/1987,3,11,16,23,47,49,25
31/12/1988,3,25,28,29,35,47,16
28/12/1988,1,8,17,20,32,44,16
24/12/1988,23,31,34,45,47,48,7
21/12/1988,3,10,20,30,44,49,43
17/12/1988,4,15,19,20,36,48,16
14/12/1988,6,23,24,26,33,36,41
10/12/1988,8,16,22,31,32,39,43
07/12/1988,4,17,22,28,30,47,46
03/12/1988,1,14,15,30,37,49,19
30/11/1988,4,20,33,47,48,49,45
26/11/1988,2,18,23,35,37,42,1
23/11/1988,22,33,38,39,44,49,43
19/11/1988,4,5,24,25,36,39,47
16/11/1988,1,18,19,31,45,49,41
12/11/1988,13,15,24,28,41,46,21
09/11/1988,4,6,15,32,34,35,8
05/11/1988,16,31,40,42,45,49,21
02/11/1988,3,7,23,28,31,49,9
29/10/1988,1,24,32,36,48,49,47
26/10/1988,13,16,17,19,35,45,3
22/10/1988,2,3,8,24,32,48,28
19/10/1988,8,12,16,20,21,44,49
15/10/1988,2,13,27,29,35,38,44
12/10/1988,1,7,9,21,46,47,36
08/10/1988,7,23,27,29,44,49,18
05/10/1988,3,12,14,29,31,33,23
01/10/1988,6,20,35,42,47,49,38
28/09/1988,2,4,6,11,42,44,26
24/09/1988,3,7,18,21,41,44,32
21/09/1988,8,9,10,18,30,39,22
17/09/1988,2,4,15,24,28,41,34
14/09/1988,10,27,30,33,36,48,9
10/09/1988,4,16,17,18,22,44,41
07/09/1988,2,5,13,23,35,45,48
03/09/1988,6,20,22,27,32,41,37
31/08/1988,6,31,34,37,39,48,15
27/08/1988,17,20,23,27,36,47,37
24/08/1988,5,8,16,32,34,43,6
20/08/1988,6,19,33,35,43,44,34
17/08/1988,5,32,34,40,45,47,15
13/08/1988,11,24,35,45,46,48,40
10/08/1988,7,15,17,29,40,47,36
06/08/1988,5,28,29,32,43,45,20
03/08/1988,1,3,20,22,30,44,33
30/07/1988,2,7,10,14,23,42,17
27/07/1988,1,4,31,33,36,39,32
23/07/1988,12,14,20,33,38,43,18
20/07/1988,9,13,19,23,34,40,1
16/07/1988,1,8,13,28,31,44,39
13/07/1988,8,9,15,22,25,31,7
09/07/1988,8,10,25,31,43,47,41
06/07/1988,6,13,19,22,25,27,16
02/07/1988,26,32,33,35,38,44,12
29/06/1988,6,10,26,39,41,47,8
25/06/1988,8,22,28,31,32,38,39
22/06/1988,2,18,24,25,27,30,46
18/06/1988,3,5,14,30,35,40,32
15/06/1988,5,9,15,21,27,47,4
11/06/1988,3,8,16,22,27,44,23
08/06/1988,2,6,22,27,34,37,12
04/06/1988,15,19,28,32,35,42,45
01/06/1988,2,20,24,34,43,49,41
28/05/1988,2,5,28,31,42,45,9
25/05/1988,2,13,28,40,41,43,36
21/05/1988,3,7,15,19,31,34,43
18/05/1988,4,5,6,13,24,31,44
14/05/1988,2,6,20,34,39,44,37
11/05/1988,12,14,17,21,23,29,3
07/05/1988,1,14,27,37,39,42,30
04/05/1988,2,5,9,23,38,43,3
30/04/1988,1,12,20,23,31,49,11
27/04/1988,17,33,38,39,46,49,1
23/04/1988,5,14,18,24,42,49,6
20/04/1988,1,2,7,11,34,43,5
16/04/1988,18,21,30,39,40,49,15
13/04/1988,9,17,19,28,40,46,15
09/04/1988,6,12,18,24,32,35,22
06/04/1988,10,19,24,31,39,47,32
02/04/1988,6,10,21,30,36,49,40
30/03/1988,9,12,19,35,36,44,48
26/03/1988,27,30,31,33,38,42,28
23/03/1988,3,8,29,31,43,48,11
19/03/1988,10,28,31,34,39,47,49
16/03/1988,1,16,19,35,39,40,11
12/03/1988,1,26,36,42,44,46,20
09/03/1988,4,10,18,19,37,40,41
05/03/1988,11,13,14,24,40,48,45
02/03/1988,8,10,26,34,42,44,33
27/02/1988,3,4,16,18,25,43,47
24/02/1988,7,10,15,20,27,29,30
20/02/1988,10,18,27,28,42,48,17
17/02/1988,5,14,23,27,36,37,28
13/02/1988,10,11,12,24,25,36,9
10/02/1988,8,18,33,37,40,42,44
06/02/1988,4,7,8,12,42,43,49
03/02/1988,5,29,30,33,41,49,1
30/01/1988,5,18,21,25,44,47,10
27/01/1988,2,4,23,36,44,49,22
23/01/1988,3,12,19,35,47,49,22
20/01/1988,3,8,12,23,30,43,31
16/01/1988,8,27,29,36,37,39,47
13/01/1988,7,19,29,38,43,45,37
09/01/1988,16,17,23,28,32,45,34
06/01/1988,8,13,22,23,26,47,42
02/01/1988,17,20,31,38,39,49,34
30/12/1989,11,12,26,27,29,34,18
27/12/1989,7,26,28,34,38,47,18
23/12/1989,3,5,10,36,42,45,28
20/12/1989,4,11,17,20,25,49,40
16/12/1989,1,7,15,18,27,40,13
13/12/1989,2,9,22,25,47,49,38
09/12/1989,10,16,31,42,47,49,48
06/12/1989,20,24,32,36,41,43,30
02/12/1989,5,8,25,42,43,45,26
29/11/1989,2,14,37,42,44,48,46
25/11/1989,5,7,19,24,37,41,39
22/11/1989,6,7,18,21,24,32,31
18/11/1989,17,20,34,39,41,49,24
15/11/1989,2,20,27,29,41,43,16
11/11/1989,9,16,18,25,37,47,35
08/11/1989,9,17,28,36,44,46,2
04/11/1989,4,17,26,33,43,49,25
01/11/1989,14,16,20,22,34,42,39
28/10/1989,1,14,28,36,47,49,43
25/10/1989,4,21,24,32,34,47,25
21/10/1989,20,26,29,33,40,45,38
18/10/1989,1,24,28,40,46,49,39
14/10/1989,1,17,20,37,42,44,38
11/10/1989,1,4,26,27,35,45,29
07/10/1989,2,7,12,15,18,48,42
04/10/1989,7,9,10,40,44,48,29
30/09/1989,5,20,26,39,45,46,43
27/09/1989,1,16,20,21,25,33,45
23/09/1989,3,6,7,19,27,32,20
20/09/1989,1,13,21,31,36,48,26
16/09/1989,4,6,11,17,27,44,41
13/09/1989,3,7,15,17,41,43,33
09/09/1989,18,22,39,40,43,47,48
06/09/1989,13,15,18,37,42,49,33
02/09/1989,1,14,27,42,46,49,8
30/08/1989,11,20,25,30,34,38,48
26/08/1989,4,12,14,32,44,45,33
23/08/1989,5,9,15,17,29,35,7
19/08/1989,6,7,18,27,32,39,34
16/08/1989,9,12,13,32,34,35,47
12/08/1989,3,4,13,21,22,46,7
09/08/1989,13,22,24,34,37,44,47
05/08/1989,3,14,21,28,30,45,48
02/08/1989,5,13,19,26,37,38,42
29/07/1989,8,12,34,38,43,46,36
26/07/1989,1,5,6,9,22,44,46
22/07/1989,9,15,21,34,45,46,5
19/07/1989,14,20,25,33,35,48,27
15/07/1989,12,13,19,20,39,42,47
12/07/1989,1,8,15,25,31,41,47
08/07/1989,10,13,18,28,31,42,35
05/07/1989,1,2,7,14,41,49,21
01/07/1989,3,5,15,16,17,31,2
28/06/1989,2,4,13,16,17,40,41
24/06/1989,6,10,18,26,27,41,4
21/06/1989,1,5,21,29,37,42,19
17/06/1989,18,23,24,25,31,32,3
14/06/1989,6,13,24,30,32,33,35
10/06/1989,10,12,17,33,36,40,2
07/06/1989,14,26,29,33,35,37,8
03/06/1989,2,10,16,27,38,47,29
31/05/1989,1,12,34,42,44,45,49
27/05/1989,1,18,20,26,31,39,35
24/05/1989,4,13,16,32,35,40,25
20/05/1989,6,14,17,19,28,30,29
17/05/1989,12,22,25,32,38,40,31
13/05/1989,10,18,24,32,44,47,38
10/05/1989,18,19,22,36,41,42,13
06/05/1989,4,9,23,25,30,35,46
03/05/1989,7,9,13,26,28,34,14
29/04/1989,2,20,23,25,27,46,18
26/04/1989,4,16,19,23,34,41,11
22/04/1989,3,17,18,28,34,49,12
19/04/1989,6,8,10,37,42,46,41
15/04/1989,5,7,26,28,32,37,12
12/04/1989,10,28,30,37,40,44,21
08/04/1989,5,13,19,27,41,45,29
05/04/1989,18,25,29,32,34,44,3
01/04/1989,2,10,37,40,42,44,30
29/03/1989,1,9,25,34,35,42,48
25/03/1989,9,17,18,32,34,42,33
22/03/1989,6,8,15,32,44,49,3
18/03/1989,6,17,30,34,41,48,47
15/03/1989,7,10,15,18,19,23,36
11/03/1989,1,8,14,19,27,31,30
08/03/1989,13,21,30,37,43,46,40
04/03/1989,8,15,22,36,41,42,9
01/03/1989,11,18,23,33,47,49,46
25/02/1989,4,11,27,31,36,49,21
22/02/1989,2,6,14,28,44,47,15
18/02/1989,2,18,31,33,35,37,41
15/02/1989,1,30,36,37,38,40,2
11/02/1989,6,9,11,17,20,27,43
08/02/1989,8,10,11,27,31,43,26
04/02/1989,6,19,22,28,32,38,34
01/02/1989,1,4,11,16,23,33,41
28/01/1989,3,7,19,23,26,35,39
25/01/1989,7,9,11,24,31,49,1
21/01/1989,10,25,29,31,39,49,43
18/01/1989,6,9,14,16,19,28,26
14/01/1989,14,21,34,40,44,47,15
11/01/1989,11,17,20,31,33,35,22
07/01/1989,4,14,28,32,33,44,12
04/01/1989,1,13,14,45,46,48,27
29/12/1990,7,25,28,37,44,48,11
26/12/1990,16,19,25,32,38,47,30
22/12/1990,2,3,13,26,36,38,40
19/12/1990,20,27,34,39,42,47,14
15/12/1990,21,26,29,33,35,43,25
12/12/1990,5,9,23,27,28,39,42
08/12/1990,1,19,21,23,24,46,7
05/12/1990,10,17,22,26,34,45,38
01/12/1990,3,5,14,26,34,41,12
28/11/1990,12,21,28,34,38,39,25
24/11/1990,3,5,13,14,31,40,23
21/11/1990,6,10,20,30,31,39,2
17/11/1990,4,16,24,28,35,46,5
14/11/1990,21,26,29,31,46,47,14
10/11/1990,5,10,19,29,35,42,7
07/11/1990,19,30,32,39,42,49,28
03/11/1990,1,11,16,27,32,49,37
31/10/1990,3,10,14,16,17,39,11
27/10/1990,3,16,18,24,31,44,22
24/10/1990,1,9,14,20,43,48,44
20/10/1990,6,14,15,19,26,28,49
17/10/1990,9,13,14,33,39,40,8
13/10/1990,1,6,8,30,32,44,17
10/10/1990,10,14,34,37,40,49,42
06/10/1990,17,18,32,34,39,46,8
03/10/1990,17,20,36,40,43,47,26
29/09/1990,6,9,12,33,34,48,3
26/09/1990,4,5,7,18,33,42,39
22/09/1990,8,9,17,22,43,45,16
19/09/1990,7,8,10,20,31,49,27
15/09/1990,9,22,30,39,42,45,41
12/09/1990,14,23,29,35,39,47,44
08/09/1990,17,18,21,37,38,39,36
05/09/1990,7,12,37,38,40,46,18
01/09/1990,4,10,17,20,24,39,49
29/08/1990,1,10,16,25,43,48,37
25/08/1990,14,20,25,43,44,46,33
22/08/1990,2,7,12,17,19,23,39
18/08/1990,13,19,41,44,46,48,12
15/08/1990,17,19,20,31,40,44,21
11/08/1990,1,6,21,27,43,49,46
08/08/1990,11,23,29,30,44,49,41
04/08/1990,13,22,26,40,46,49,4
01/08/1990,2,8,13,23,27,44,21
28/07/1990,10,16,26,34,37,43,5
25/07/1990,2,16,28,39,41,46,25
21/07/1990,9,27,28,36,37,46,12
18/07/1990,10,12,18,39,43,49,40
14/07/1990,5,17,27,31,33,48,38
11/07/1990,13,15,16,24,38,40,27
07/07/1990,11,14,15,25,38,42,45
04/07/1990,2,8,11,25,45,47,24
30/06/1990,9,17,21,28,29,30,1
27/06/1990,5,7,12,17,26,47,10
23/06/1990,22,27,32,37,42,47,31
20/06/1990,13,14,19,20,29,47,33
16/06/1990,12,24,35,42,45,47,21
13/06/1990,7,10,37,45,46,47,13
09/06/1990,8,13,25,30,38,39,24
06/06/1990,2,9,16,22,34,40,14
02/06/1990,1,3,30,36,42,43,23
30/05/1990,7,11,17,28,38,42,32
26/05/1990,4,8,9,39,40,46,11
23/05/1990,3,4,13,25,29,41,33
19/05/1990,5,7,20,26,31,36,14
16/05/1990,3,22,23,31,33,47,28
12/05/1990,5,19,21,34,43,49,32
09/05/1990,7,15,16,26,29,47,42
05/05/1990,2,3,7,22,38,48,21
02/05/1990,2,5,11,27,31,43,30
28/04/1990,12,20,22,28,36,43,32
25/04/1990,27,29,30,33,44,45,25
21/04/1990,1,4,8,27,34,40,42
18/04/1990,9,22,24,27,36,46,7
14/04/1990,11,24,39,41,43,45,20
11/04/1990,6,13,31,35,38,40,15
07/04/1990,13,25,38,40,42,47,11
04/04/1990,7,10,31,37,46,49,24
31/03/1990,6,23,25,31,39,41,12
28/03/1990,2,19,20,26,32,37,45
24/03/1990,5,31,33,34,36,38,25
21/03/1990,7,17,34,38,45,46,30
17/03/1990,11,17,28,35,38,40,46
14/03/1990,2,11,30,34,38,44,49
10/03/1990,4,9,22,27,42,45,34
07/03/1990,1,3,14,33,37,49,16
03/03/1990,3,13,28,31,40,44,41
28/02/1990,10,16,32,35,36,42,15
24/02/1990,1,23,26,37,43,49,2
21/02/1990,13,16,21,26,35,46,18
17/02/1990,17,18,21,22,23,45,7
14/02/1990,11,14,25,28,44,47,30
10/02/1990,15,21,24,27,42,47,36
07/02/1990,11,12,28,30,39,48,16
03/02/1990,7,8,11,16,41,47,44
31/01/1990,1,10,11,15,22,29,42
27/01/1990,1,5,6,10,33,49,36
24/01/1990,19,21,24,29,46,48,27
20/01/1990,15,24,36,41,42,46,8
17/01/1990,3,22,27,46,48,49,19
13/01/1990,12,18,22,33,35,44,2
10/01/1990,2,5,33,35,47,49,44
06/01/1990,5,6,21,22,31,33,46
03/01/1990,2,14,40,41,43,46,16
28/12/1991,22,32,35,39,44,46,48
25/12/1991,2,11,25,34,46,49,47
21/12/1991,19,21,22,23,37,45,1
18/12/1991,17,19,28,35,36,42,39
14/12/1991,17,18,20,29,31,43,2
11/12/1991,19,21,32,35,38,47,29
07/12/1991,5,6,33,41,44,49,9
04/12/1991,6,12,23,30,34,43,7
30/11/1991,14,15,24,36,45,46,27
27/11/1991,1,3,4,23,36,38,15
23/11/1991,15,38,43,45,48,49,4
20/11/1991,7,11,13,36,43,44,23
16/11/1991,4,6,20,26,31,33,11
13/11/1991,7,9,17,21,39,49,23
09/11/1991,7,13,17,19,23,39,18
06/11/1991,5,17,25,26,41,42,30
02/11/1991,6,15,35,42,47,48,9
30/10/1991,2,3,18,30,34,40,13
26/10/1991,7,24,32,33,34,35,17
23/10/1991,13,21,27,46,47,48,15
19/10/1991,12,25,36,37,40,42,19
16/10/1991,4,8,10,13,29,43,12
12/10/1991,17,34,39,41,43,47,21
09/10/1991,5,8,17,32,43,44,39
05/10/1991,1,18,36,40,44,47,9
02/10/1991,31,36,40,43,48,49,33
28/09/1991,1,3,24,27,43,45,15
25/09/1991,10,17,23,29,30,43,19
21/09/1991,1,2,7,9,21,42,27
18/09/1991,4,5,27,38,43,45,12
14/09/1991,5,12,21,32,46,47,14
11/09/1991,2,9,19,24,32,41,8
07/09/1991,1,5,18,34,35,37,27
04/09/1991,1,5,6,15,20,22,13
31/08/1991,1,3,6,22,25,39,48
28/08/1991,23,27,33,46,47,49,35
24/08/1991,4,8,9,41,45,47,19
21/08/1991,9,15,17,31,33,34,10
17/08/1991,13,15,18,21,38,44,39
14/08/1991,23,25,28,30,32,49,18
10/08/1991,6,7,19,27,37,45,9
07/08/1991,2,7,11,15,42,49,19
03/08/1991,4,23,25,36,38,43,34
31/07/1991,7,12,14,16,35,39,21
27/07/1991,9,30,31,33,37,43,27
24/07/1991,7,15,19,32,33,34,20
20/07/1991,10,11,22,28,30,33,41
17/07/1991,2,8,9,20,23,43,4
13/07/1991,3,9,24,26,33,47,4
10/07/1991,7,10,23,26,27,32,41
06/07/1991,6,10,32,37,40,48,26
03/07/1991,6,11,15,25,40,46,12
29/06/1991,3,5,10,12,13,40,43
26/06/1991,8,10,17,26,37,41,30
22/06/1991,20,24,35,36,40,45,43
19/06/1991,4,8,30,39,40,45,46
15/06/1991,3,9,17,24,39,43,2
12/06/1991,14,20,32,35,40,41,38
08/06/1991,11,13,26,28,36,41,34
05/06/1991,11,18,26,33,47,49,34
01/06/1991,7,8,13,25,38,44,40
29/05/1991,8,18,20,26,29,37,17
25/05/1991,2,23,28,32,33,47,44
22/05/1991,16,26,30,33,43,49,17
18/05/1991,16,18,20,26,37,38,3
15/05/1991,5,10,27,29,35,45,36
11/05/1991,6,30,31,32,35,47,14
08/05/1991,16,25,30,38,46,48,9
04/05/1991,8,12,25,30,43,49,45
01/05/1991,10,21,35,36,42,44,40
27/04/1991,14,19,20,27,40,45,11
24/04/1991,9,18,22,26,32,36,19
20/04/1991,6,19,25,39,44,47,1
17/04/1991,10,15,22,25,27,40,30
13/04/1991,16,24,26,27,39,45,8
10/04/1991,1,3,7,23,28,42,26
06/04/1991,4,10,19,24,41,45,27
03/04/1991,3,4,9,29,38,47,31
30/03/1991,1,8,18,19,29,33,41
27/03/1991,7,14,17,22,30,47,21
23/03/1991,13,17,22,28,31,41,48
20/03/1991,2,5,6,8,32,46,49
16/03/1991,21,22,29,31,42,47,36
13/03/1991,4,5,15,18,25,41,11
09/03/1991,8,13,22,34,43,45,16
06/03/1991,16,17,23,28,43,49,29
02/03/1991,6,7,12,37,45,48,28
27/02/1991,4,6,18,33,42,44,20
23/02/1991,10,11,17,29,38,47,28
20/02/1991,4,16,18,28,31,38,46
16/02/1991,6,7,23,30,38,45,13
13/02/1991,3,5,23,24,34,47,31
09/02/1991,9,11,21,28,29,37,38
06/02/1991,12,15,17,28,38,43,33
02/02/1991,5,10,16,20,29,42,6
30/01/1991,1,13,17,23,30,40,14
26/01/1991,8,28,30,31,32,35,26
23/01/1991,18,23,29,38,41,44,36
19/01/1991,5,7,10,15,24,29,43
16/01/1991,17,33,34,37,41,47,12
12/01/1991,11,22,24,37,39,49,27
09/01/1991,2,5,9,17,22,38,12
05/01/1991,7,9,21,25,26,46,13
02/01/1991,2,14,19,20,26,49,8
30/12/1992,11,23,30,31,34,46,17
26/12/1992,11,13,16,17,19,20,37
23/12/1992,7,14,32,36,39,44,43
19/12/1992,8,9,13,27,28,38,7
16/12/1992,2,11,32,33,48,49,3
12/12/1992,15,18,29,30,37,47,44
09/12/1992,1,5,10,16,44,45,23
05/12/1992,3,21,23,41,43,46,1
02/12/1992,2,16,22,24,27,45,42
28/11/1992,10,19,20,35,38,43,48
25/11/1992,18,28,29,30,46,49,7
21/11/1992,5,6,7,12,35,39,29
18/11/1992,3,7,11,29,45,48,8
14/11/1992,2,6,7,8,30,37,47
11/11/1992,12,19,28,31,41,47,16
07/11/1992,8,9,14,38,42,49,41
04/11/1992,12,14,19,26,40,42,3
31/10/1992,22,28,29,30,36,47,16
28/10/1992,3,11,13,15,20,39,32
24/10/1992,11,22,25,33,42,49,28
21/10/1992,7,18,26,35,38,48,49
17/10/1992,2,13,15,24,33,35,39
14/10/1992,3,12,35,42,43,45,13
10/10/1992,8,12,22,39,40,44,17
07/10/1992,8,17,25,26,38,42,14
03/10/1992,11,15,16,22,27,34,12
30/09/1992,14,35,40,43,46,47,11
26/09/1992,16,17,20,21,29,35,41
23/09/1992,19,21,34,36,47,49,42
19/09/1992,4,12,31,41,43,49,24
16/09/1992,1,4,30,40,42,48,49
12/09/1992,1,3,14,17,38,40,20
09/09/1992,5,10,31,35,37,41,20
05/09/1992,11,14,16,17,29,41,35
02/09/1992,1,15,32,35,38,49,14
29/08/1992,3,9,18,32,41,47,30
26/08/1992,4,13,26,35,41,46,6
22/08/1992,6,14,23,29,44,48,13
19/08/1992,9,10,21,28,30,41,1
15/08/1992,16,21,25,26,38,47,24
12/08/1992,3,4,20,22,33,46,19
08/08/1992,15,27,30,31,34,43,12
05/08/1992,1,2,12,20,21,47,42
01/08/1992,6,7,21,28,38,39,42
29/07/1992,5,6,7,14,16,46,37
25/07/1992,3,8,12,19,42,44,33
22/07/1992,16,20,22,31,40,43,42
18/07/1992,8,13,23,31,39,41,7
15/07/1992,5,21,30,33,36,41,18
11/07/1992,13,15,18,23,26,46,39
08/07/1992,1,2,3,4,13,48,20
04/07/1992,7,8,24,39,40,46,20
01/07/1992,13,23,29,39,46,47,3
27/06/1992,19,29,30,31,32,36,12
24/06/1992,7,18,21,26,31,37,42
20/06/1992,9,11,32,34,35,48,42
17/06/1992,9,12,17,25,30,35,4
13/06/1992,20,21,32,39,42,43,47
10/06/1992,3,19,29,31,34,42,14
06/06/1992,9,15,16,33,35,41,38
03/06/1992,9,32,34,36,43,49,24
30/05/1992,2,12,19,21,35,49,44
27/05/1992,11,30,32,34,42,44,36
23/05/1992,2,16,18,25,27,45,28
20/05/1992,21,23,31,34,38,44,8
16/05/1992,1,2,15,26,39,49,25
13/05/1992,19,20,25,27,31,38,10
09/05/1992,14,21,25,28,36,37,39
06/05/1992,14,17,21,25,27,39,32
02/05/1992,4,5,6,13,22,40,36
29/04/1992,7,15,28,29,33,41,13
25/04/1992,1,24,26,28,29,32,39
22/04/1992,5,9,22,33,34,48,35
18/04/1992,2,26,31,33,38,40,28
15/04/1992,7,12,19,22,32,48,13
11/04/1992,6,7,8,10,26,38,9
08/04/1992,29,34,35,39,40,43,30
04/04/1992,16,18,26,27,29,34,8
01/04/1992,2,5,24,25,31,35,33
28/03/1992,4,6,15,38,41,48,5
25/03/1992,12,22,29,32,33,36,27
21/03/1992,4,12,13,14,27,28,10
18/03/1992,2,12,24,26,38,42,13
14/03/1992,2,14,16,25,30,33,11
11/03/1992,1,7,28,31,40,44,46
07/03/1992,7,18,21,26,34,36,46
04/03/1992,9,12,21,22,35,44,41
29/02/1992,14,15,26,34,35,42,6
26/02/1992,16,18,27,28,29,31,4
22/02/1992,1,12,20,25,29,43,37
19/02/1992,7,9,10,17,38,44,32
15/02/1992,9,15,22,38,41,45,33
12/02/1992,3,16,18,21,25,48,30
08/02/1992,5,16,17,18,31,38,19
05/02/1992,2,8,12,15,39,49,48
01/02/1992,26,30,32,34,40,47,28
29/01/1992,1,3,7,8,35,44,16
25/01/1992,6,12,18,19,31,47,49
22/01/1992,12,30,40,46,47,49,22
18/01/1992,8,17,25,26,45,46,42
15/01/1992,1,11,20,23,28,32,4
11/01/1992,7,8,23,26,46,48,47
08/01/1992,7,16,20,28,32,41,24
04/01/1992,11,14,38,43,44,46,19
01/01/1992,4,7,16,21,47,48,5
29/12/1993,2,6,15,29,31,37,47
25/12/1993,1,7,13,24,40,46,45
22/12/1993,4,9,17,26,32,37,22
18/12/1993,5,22,25,27,30,44,14
15/12/1993,11,25,28,29,33,43,20
11/12/1993,9,15,32,37,42,46,41
08/12/1993,7,9,19,28,34,45,12
04/12/1993,25,29,30,32,33,42,31
01/12/1993,1,4,15,27,32,45,38
27/11/1993,11,14,16,19,44,46,2
24/11/1993,1,19,22,23,24,34,47
20/11/1993,12,15,25,34,37,49,42
17/11/1993,8,28,30,33,37,46,24
13/11/1993,5,6,12,13,34,45,22
10/11/1993,6,27,33,41,47,48,7
06/11/1993,7,8,13,16,17,36,41
03/11/1993,13,15,23,26,32,33,28
30/10/1993,5,13,22,23,28,38,7
27/10/1993,2,7,8,15,21,40,25
23/10/1993,3,22,31,32,33,39,5
20/10/1993,11,17,22,30,40,41,37
16/10/1993,4,7,20,32,45,48,23
13/10/1993,4,23,24,34,41,48,47
09/10/1993,2,8,10,12,23,44,40
06/10/1993,23,26,29,41,42,46,18
02/10/1993,7,18,25,34,39,47,16
29/09/1993,11,19,20,36,38,47,35
25/09/1993,10,26,27,35,41,46,11
22/09/1993,11,12,27,29,31,38,18
18/09/1993,4,5,21,24,36,38,8
15/09/1993,4,9,12,27,28,48,15
11/09/1993,3,7,12,16,30,31,44
08/09/1993,4,21,23,29,33,40,41
04/09/1993,1,21,23,25,29,44,45
01/09/1993,2,18,31,33,43,47,13
28/08/1993,12,19,21,28,30,39,46
25/08/1993,16,19,20,25,35,42,30
21/08/1993,17,18,20,39,40,41,42
18/08/1993,20,22,37,42,43,46,24
14/08/1993,9,16,26,30,32,36,29
11/08/1993,2,6,15,26,36,40,28
07/08/1993,4,9,17,31,33,38,34
04/08/1993,5,18,19,26,30,40,46
31/07/1993,4,14,20,21,29,36,3
28/07/1993,2,4,8,9,22,34,48
24/07/1993,15,23,27,31,41,42,45
21/07/1993,1,6,16,38,41,48,27
17/07/1993,2,4,14,32,39,43,6
14/07/1993,16,24,25,27,29,40,19
10/07/1993,13,30,37,39,42,44,1
07/07/1993,23,27,31,39,41,42,7
03/07/1993,8,10,32,36,37,44,9
30/06/1993,12,18,27,29,31,43,20
26/06/1993,16,17,23,35,39,45,18
23/06/1993,5,24,38,40,44,48,10
19/06/1993,5,17,31,34,36,38,11
16/06/1993,3,8,12,20,26,39,24
12/06/1993,1,3,13,21,32,45,37
09/06/1993,18,27,28,34,38,45,19
05/06/1993,17,23,32,33,40,47,27
02/06/1993,1,3,19,32,37,47,23
29/05/1993,12,17,33,34,40,48,36
26/05/1993,5,6,9,39,43,47,32
22/05/1993,10,12,22,27,31,32,29
19/05/1993,3,25,29,37,44,45,43
15/05/1993,3,6,22,31,35,43,7
12/05/1993,9,20,24,38,44,48,37
08/05/1993,1,3,8,27,39,48,11
05/05/1993,3,13,16,18,19,46,39
01/05/1993,4,18,39,40,42,43,17
28/04/1993,4,7,11,18,46,47,36
24/04/1993,8,20,30,38,41,43,16
21/04/1993,4,6,17,31,34,49,2
17/04/1993,12,21,23,31,33,45,18
14/04/1993,11,18,20,25,35,39,19
10/04/1993,32,36,43,44,45,47,10
07/04/1993,8,28,30,37,41,43,14
03/04/1993,1,2,8,12,41,45,15
31/03/1993,6,20,24,29,32,42,17
27/03/1993,7,14,26,28,30,42,13
24/03/1993,9,15,25,27,28,41,46
20/03/1993,6,11,13,21,27,41,35
17/03/1993,5,12,15,26,36,46,23
13/03/1993,1,7,18,19,27,41,9
10/03/1993,3,6,9,39,46,47,1
06/03/1993,1,2,14,25,29,46,28
03/03/1993,22,24,28,33,38,46,31
27/02/1993,1,8,16,18,19,38,26
24/02/1993,4,5,8,10,32,39,28
20/02/1993,12,14,32,40,43,49,38
17/02/1993,4,12,16,22,32,40,35
13/02/1993,12,16,17,20,34,39,43
10/02/1993,13,19,29,31,32,48,47
06/02/1993,19,29,33,34,39,41,26
03/02/1993,1,24,28,34,44,47,43
30/01/1993,1,6,13,14,19,34,8
27/01/1993,7,15,31,41,46,47,17
23/01/1993,12,21,25,34,45,48,39
20/01/1993,11,12,18,20,36,43,44
16/01/1993,16,31,38,39,41,42,30
13/01/1993,3,11,16,23,24,26,25
09/01/1993,6,14,18,21,34,35,22
06/01/1993,3,16,20,22,37,39,31
02/01/1993,7,15,19,28,29,30,43
31/12/1994,10,12,30,32,34,38,39
28/12/1994,10,21,22,27,28,43,17
24/12/1994,1,10,18,19,27,42,44
21/12/1994,16,17,26,30,40,43,22
17/12/1994,11,23,30,39,40,41,16
14/12/1994,8,12,30,33,34,44,31
10/12/1994,9,15,27,33,36,39,35
07/12/1994,7,15,31,36,38,39,48
03/12/1994,2,14,31,36,44,49,25
30/11/1994,12,32,41,42,46,49,39
26/11/1994,9,13,14,31,45,46,33
23/11/1994,5,7,9,10,13,49,28
19/11/1994,6,14,23,27,38,40,21
16/11/1994,23,29,33,34,38,42,43
12/11/1994,21,28,35,40,45,47,19
09/11/1994,6,19,20,31,43,48,33
05/11/1994,6,7,16,22,37,38,11
02/11/1994,19,25,26,41,44,45,20
29/10/1994,11,13,18,33,39,41,31
26/10/1994,18,19,20,23,30,42,28
22/10/1994,6,9,14,29,38,46,5
19/10/1994,4,9,18,22,34,42,2
15/10/1994,10,11,32,36,45,46,43
12/10/1994,6,7,9,17,19,44,47
08/10/1994,9,19,31,32,38,40,8
05/10/1994,10,15,17,20,22,37,25
01/10/1994,7,12,13,19,20,27,2
28/09/1994,1,19,24,26,31,32,10
24/09/1994,8,11,14,18,25,43,37
21/09/1994,23,24,25,29,34,48,20
17/09/1994,4,20,31,35,43,46,36
14/09/1994,15,20,36,37,48,49,21
10/09/1994,3,7,8,21,27,37,40
07/09/1994,2,3,13,27,30,49,7
03/09/1994,1,2,34,35,45,47,49
31/08/1994,1,14,19,34,42,49,32
27/08/1994,1,7,14,18,26,33,10
24/08/1994,7,9,19,25,42,44,11
20/08/1994,14,18,26,31,34,40,5
17/08/1994,18,21,23,24,28,41,19
13/08/1994,8,9,16,18,22,37,33
10/08/1994,1,12,14,34,39,48,3
06/08/1994,3,8,11,12,21,48,43
03/08/1994,13,16,18,27,28,41,32
30/07/1994,10,21,22,35,42,45,26
27/07/1994,3,8,12,26,29,42,13
23/07/1994,4,11,16,26,28,38,47
20/07/1994,10,17,19,31,35,48,13
16/07/1994,21,27,28,32,38,42,22
13/07/1994,6,8,12,44,46,47,36
09/07/1994,17,30,33,42,45,48,43
06/07/1994,30,34,37,38,40,49,16
02/07/1994,12,24,28,34,35,42,14
29/06/1994,10,13,14,34,39,48,23
25/06/1994,9,14,21,26,27,35,38
22/06/1994,8,10,31,34,40,41,49
18/06/1994,2,3,31,36,46,48,7
15/06/1994,2,20,22,23,24,31,38
11/06/1994,10,13,31,32,39,46,18
08/06/1994,18,21,24,31,35,39,14
04/06/1994,13,17,33,39,42,46,29
01/06/1994,12,13,16,29,44,45,40
28/05/1994,11,16,35,37,46,49,34
25/05/1994,5,22,27,35,38,47,37
21/05/1994,4,10,25,33,36,46,30
18/05/1994,1,4,8,30,31,33,21
14/05/1994,8,22,29,42,46,48,39
11/05/1994,2,3,17,38,40,42,1
07/05/1994,2,5,7,9,21,24,22
04/05/1994,9,11,22,27,37,42,43
30/04/1994,4,11,17,28,30,32,23
27/04/1994,11,24,40,42,44,45,49
23/04/1994,8,12,18,24,30,44,22
20/04/1994,10,20,26,35,42,43,48
16/04/1994,9,10,18,21,25,47,45
13/04/1994,9,16,22,27,38,48,35
09/04/1994,4,9,30,31,45,49,32
06/04/1994,5,17,20,27,28,31,47
02/04/1994,8,31,33,34,45,46,37
30/03/1994,13,15,23,28,46,49,21
26/03/1994,11,13,20,29,34,49,30
23/03/1994,5,8,32,33,47,49,46
19/03/1994,12,13,15,37,38,42,23
16/03/1994,22,24,37,38,46,49,35
12/03/1994,1,15,24,36,37,43,13
09/03/1994,10,13,14,34,36,42,40
05/03/1994,2,10,25,38,41,42,7
02/03/1994,5,10,14,35,43,47,26
26/02/1994,1,11,26,28,30,31,10
23/02/1994,5,7,11,31,35,46,30
19/02/1994,10,14,21,36,37,38,47
16/02/1994,7,22,25,39,45,48,37
12/02/1994,2,12,27,36,39,41,1
09/02/1994,17,19,20,21,35,41,42
05/02/1994,1,2,13,17,31,41,22
02/02/1994,9,10,30,31,37,44,4
29/01/1994,5,8,37,42,47,48,49
26/01/1994,13,14,27,31,38,40,12
22/01/1994,4,13,30,37,41,46,6
19/01/1994,4,14,17,20,21,33,1
15/01/1994,11,15,27,30,46,49,19
12/01/1994,10,24,26,30,40,47,6
08/01/1994,1,4,22,23,34,35,37
05/01/1994,2,12,19,21,24,43,26
01/01/1994,5,11,25,29,38,39,23
30/12/1995,7,15,23,27,30,49,32
27/12/1995,8,18,26,30,39,49,3
23/12/1995,4,6,8,22,23,25,12
20/12/1995,4,11,12,14,27,30,8
16/12/1995,4,7,21,36,39,40,8
13/12/1995,7,15,20,23,40,49,16
09/12/1995,8,14,15,21,48,49,34
06/12/1995,5,12,22,26,29,31,40
02/12/1995,9,19,21,23,31,49,22
29/11/1995,14,22,26,38,42,43,36
25/11/1995,3,5,8,9,37,38,29
22/11/1995,5,12,34,35,37,49,14
18/11/1995,16,21,22,26,35,49,13
15/11/1995,12,26,27,34,41,43,10
11/11/1995,6,9,21,31,40,42,30
08/11/1995,2,6,18,28,32,44,20
04/11/1995,20,30,40,41,43,44,32
01/11/1995,2,20,22,30,33,43,42
28/10/1995,8,19,27,34,36,45,3
25/10/1995,3,5,12,38,41,44,18
21/10/1995,4,25,33,35,40,45,26
18/10/1995,3,4,8,15,30,31,28
14/10/1995,9,17,29,38,39,42,4
11/10/1995,1,9,18,33,36,48,29
07/10/1995,12,17,23,32,44,49,42
04/10/1995,19,29,37,41,45,48,39
30/09/1995,12,13,18,19,36,48,23
27/09/1995,12,17,19,22,42,48,4
23/09/1995,3,5,21,32,43,46,4
20/09/1995,8,13,17,18,27,32,20
16/09/1995,7,10,30,36,38,49,25
13/09/1995,2,3,13,16,22,48,49
09/09/1995,2,6,12,18,38,42,28
06/09/1995,7,18,21,23,32,46,38
02/09/1995,4,12,28,31,45,46,6
30/08/1995,20,21,27,36,37,47,3
26/08/1995,1,16,23,32,35,45,10
23/08/1995,4,7,13,20,27,30,37
19/08/1995,7,24,36,40,46,48,27
16/08/1995,19,20,28,30,31,43,35
12/08/1995,16,18,20,30,32,42,11
09/08/1995,3,7,17,21,32,46,35
05/08/1995,13,21,27,30,38,43,39
02/08/1995,2,11,23,33,43,46,16
29/07/1995,8,13,16,37,39,46,34
26/07/1995,16,18,29,31,41,47,28
22/07/1995,9,12,27,30,36,37,13
19/07/1995,6,11,17,26,27,47,1
15/07/1995,5,11,17,25,34,49,23
12/07/1995,13,32,35,38,40,44,47
08/07/1995,7,18,20,27,42,48,3
05/07/1995,5,17,24,25,28,49,30
01/07/1995,7,9,20,26,32,38,25
28/06/1995,3,30,31,33,34,41,1
24/06/1995,4,13,15,19,30,46,43
21/06/1995,1,4,5,9,27,42,13
17/06/1995,5,6,14,32,44,45,21
14/06/1995,9,14,26,32,33,48,47
10/06/1995,6,10,23,40,46,49,36
07/06/1995,13,14,28,33,34,48,9
03/06/1995,19,33,34,35,40,41,12
31/05/1995,17,25,27,30,32,36,49
27/05/1995,18,19,29,31,35,43,10
24/05/1995,2,5,9,14,44,46,42
20/05/1995,5,12,24,29,38,41,47
17/05/1995,1,3,7,27,34,41,21
13/05/1995,1,9,23,34,37,43,6
10/05/1995,12,15,19,25,26,32,10
06/05/1995,3,7,13,17,32,48,14
03/05/1995,5,16,17,32,45,48,10
29/04/1995,1,3,8,11,22,30,5
26/04/1995,3,17,19,21,27,46,29
22/04/1995,5,19,30,33,36,39,23
19/04/1995,3,4,11,12,28,31,8
15/04/1995,2,6,8,17,25,40,23
12/04/1995,16,17,19,32,35,42,33
08/04/1995,4,8,36,41,45,46,18
05/04/1995,6,15,23,24,34,42,4
01/04/1995,18,20,21,30,34,46,25
29/03/1995,2,4,6,26,27,44,31
25/03/1995,17,18,34,41,43,48,47
22/03/1995,3,9,16,19,32,47,17
18/03/1995,5,8,24,32,47,48,1
15/03/1995,1,8,22,34,38,43,20
11/03/1995,10,31,32,35,38,46,45
08/03/1995,9,13,24,28,30,44,42
04/03/1995,6,10,12,39,41,49,35
01/03/1995,1,19,20,36,46,49,24
25/02/1995,6,9,13,31,35,47,16
22/02/1995,15,16,19,30,35,39,17
18/02/1995,6,19,27,33,43,47,41
15/02/1995,6,15,28,38,43,47,14
11/02/1995,6,17,23,28,35,47,45
08/02/1995,16,18,21,22,27,47,5
04/02/1995,2,22,25,26,32,46,17
01/02/1995,10,32,35,37,39,47,17
28/01/1995,2,7,8,20,28,34,46
25/01/1995,7,8,31,35,37,41,42
21/01/1995,6,9,13,23,26,41,37
18/01/1995,3,8,15,18,26,34,25
14/01/1995,15,25,30,33,45,46,1
11/01/1995,3,5,10,28,41,47,42
07/01/1995,5,7,11,30,43,49,15
04/01/1995,21,22,24,31,33,34,41
28/12/1996,8,21,22,31,33,45,39
25/12/1996,13,17,27,31,40,42,34
21/12/1996,9,12,23,33,41,47,5
18/12/1996,7,8,12,18,23,36,19
14/12/1996,14,15,32,38,40,46,3
11/12/1996,1,3,6,11,27,47,18
07/12/1996,2,6,27,35,41,42,4
04/12/1996,9,17,29,32,41,42,18
30/11/1996,4,13,21,23,30,40,3
27/11/1996,4,9,21,26,48,49,45
23/11/1996,3,5,6,8,14,48,1
20/11/1996,4,8,23,26,30,46,45
16/11/1996,2,12,21,34,41,43,36
13/11/1996,2,7,9,31,44,46,26
09/11/1996,7,21,25,31,42,47,20
06/11/1996,4,7,36,39,47,48,20
02/11/1996,10,16,17,23,36,48,19
30/10/1996,14,19,21,25,34,48,20
26/10/1996,1,8,9,14,37,45,10
23/10/1996,4,5,10,21,24,44,14
19/10/1996,5,13,19,31,40,43,11
16/10/1996,6,13,14,15,20,42,21
12/10/1996,8,20,38,40,42,44,10
09/10/1996,15,16,19,27,31,39,1
05/10/1996,5,22,30,31,37,38,23
02/10/1996,7,18,21,29,36,37,27
28/09/1996,20,30,32,39,41,42,26
25/09/1996,7,21,32,33,38,42,10
21/09/1996,2,3,13,17,23,42,31
18/09/1996,13,26,30,38,43,46,6
14/09/1996,1,15,27,29,35,47,39
11/09/1996,12,14,20,21,39,43,48
07/09/1996,11,14,15,21,30,32,37
04/09/1996,1,14,17,24,41,42,34
31/08/1996,1,5,8,14,38,45,25
28/08/1996,7,13,24,39,41,49,16
24/08/1996,12,28,32,43,47,48,16
21/08/1996,18,25,26,31,34,42,36
17/08/1996,1,19,24,33,44,45,48
14/08/1996,2,8,12,24,34,39,4
10/08/1996,4,14,15,19,23,38,49
07/08/1996,2,21,25,30,35,41,1
03/08/1996,5,12,31,33,39,49,22
31/07/1996,4,13,21,23,37,38,1
27/07/1996,21,26,27,34,40,48,39
24/07/1996,8,12,19,25,27,40,44
20/07/1996,3,5,8,37,38,46,24
17/07/1996,1,8,10,15,40,41,16
13/07/1996,1,2,10,24,29,39,30
10/07/1996,11,20,21,26,39,43,1
06/07/1996,7,13,21,22,33,38,30
03/07/1996,16,18,19,23,32,33,29
29/06/1996,8,9,14,27,40,49,5
26/06/1996,8,15,23,39,40,45,25
22/06/1996,3,28,36,37,43,47,20
19/06/1996,23,32,34,37,42,43,24
15/06/1996,7,20,23,27,38,41,5
12/06/1996,1,14,20,25,27,31,21
08/06/1996,5,15,40,41,45,49,27
05/06/1996,19,20,38,39,44,45,1
01/06/1996,2,3,9,16,27,43,21
29/05/1996,3,9,29,31,44,49,26
25/05/1996,11,12,20,21,39,45,32
22/05/1996,1,12,18,23,47,49,24
18/05/1996,16,39,40,44,48,49,29
15/05/1996,12,14,16,41,45,48,47
11/05/1996,13,18,21,31,38,44,3
08/05/1996,4,20,23,26,32,46,3
04/05/1996,27,38,39,43,44,49,34
01/05/1996,30,32,39,40,42,44,29
27/04/1996,10,23,38,42,44,49,19
24/04/1996,11,12,13,14,39,47,24
20/04/1996,1,16,17,30,44,49,37
17/04/1996,1,15,20,34,36,39,45
13/04/1996,3,15,21,30,34,47,37
10/04/1996,11,16,18,27,42,43,36
06/04/1996,5,7,21,34,38,45,10
03/04/1996,23,30,35,44,46,48,20
30/03/1996,4,22,25,44,46,48,3
27/03/1996,20,21,30,39,41,47,17
23/03/1996,9,15,26,40,43,48,41
20/03/1996,3,6,10,15,42,47,25
16/03/1996,12,17,19,23,24,40,14
13/03/1996,3,8,13,21,32,49,28
09/03/1996,4,7,10,13,39,46,49
06/03/1996,2,9,17,25,30,40,49
02/03/1996,2,3,24,25,43,45,18
28/02/1996,1,3,7,25,33,34,22
24/02/1996,8,13,24,28,32,41,18
21/02/1996,8,34,38,43,46,47,5
17/02/1996,4,7,15,34,37,41,46
14/02/1996,9,13,20,30,34,36,12
10/02/1996,13,24,27,31,46,48,9
07/02/1996,28,32,34,41,45,48,23
03/02/1996,17,31,36,38,45,49,11
31/01/1996,4,9,13,22,24,30,31
27/01/1996,8,13,26,28,34,37,19
24/01/1996,1,3,5,16,20,26,31
20/01/1996,6,19,28,35,38,42,45
17/01/1996,1,9,27,33,37,41,26
13/01/1996,3,5,11,19,29,40,8
10/01/1996,1,12,27,28,41,44,25
06/01/1996,2,5,9,18,34,41,27
03/01/1996,1,10,16,24,39,48,30
31/12/1997,10,13,29,30,37,41,40
27/12/1997,6,12,24,29,34,45,17
24/12/1997,29,32,33,46,47,48,17
20/12/1997,7,13,18,26,27,47,2
17/12/1997,2,5,9,10,22,35,27
13/12/1997,2,16,22,23,36,45,48
10/12/1997,3,17,19,29,37,42,41
06/12/1997,5,6,18,23,28,47,9
03/12/1997,5,20,34,38,39,47,12
29/11/1997,3,4,5,9,14,18,11
26/11/1997,7,10,12,15,23,47,5
22/11/1997,10,15,25,31,33,35,8
19/11/1997,10,23,28,38,43,45,36
15/11/1997,11,28,29,34,38,40,48
12/11/1997,4,5,14,30,32,34,27
08/11/1997,11,15,16,25,31,44,30
05/11/1997,13,15,27,31,43,44,2
01/11/1997,3,17,18,21,23,28,39
29/10/1997,1,20,23,31,34,44,24
25/10/1997,1,11,22,28,30,43,6
22/10/1997,5,11,14,19,27,29,17
18/10/1997,10,13,16,21,26,35,38
15/10/1997,17,23,24,39,45,49,25
11/10/1997,2,3,14,17,25,49,27
08/10/1997,2,3,11,15,34,47,25
04/10/1997,23,26,29,31,33,42,44
01/10/1997,1,3,16,29,31,46,12
27/09/1997,2,10,23,31,39,49,5
24/09/1997,10,12,34,37,39,41,4
20/09/1997,9,11,32,38,39,40,48
17/09/1997,15,23,39,40,44,46,22
13/09/1997,6,11,20,24,38,42,8
10/09/1997,7,12,20,35,36,38,21
06/09/1997,13,23,27,39,41,49,24
03/09/1997,13,14,18,23,24,27,7
30/08/1997,16,19,22,34,37,40,45
27/08/1997,12,13,16,34,44,49,42
23/08/1997,28,29,36,39,45,46,11
20/08/1997,6,14,25,30,31,36,4
16/08/1997,3,4,6,20,31,35,19
13/08/1997,7,15,25,32,44,48,46
09/08/1997,1,2,5,11,17,19,27
06/08/1997,1,6,8,10,14,49,12
02/08/1997,1,7,14,16,32,41,24
30/07/1997,4,5,10,20,23,47,33
26/07/1997,14,19,22,24,35,47,12
23/07/1997,4,12,36,44,45,47,21
19/07/1997,4,5,25,37,39,44,17
16/07/1997,6,15,16,36,39,46,38
12/07/1997,12,16,20,23,36,47,38
09/07/1997,4,31,32,35,37,48,30
05/07/1997,2,3,11,14,27,30,38
02/07/1997,17,25,29,30,34,40,45
28/06/1997,3,10,19,27,32,33,8
25/06/1997,3,8,10,23,31,47,46
21/06/1997,17,21,25,26,33,48,3
18/06/1997,5,25,33,37,39,43,48
14/06/1997,7,16,18,25,32,33,40
11/06/1997,20,21,22,34,36,43,6
07/06/1997,1,4,10,22,27,42,5
04/06/1997,1,2,16,19,20,38,34
31/05/1997,3,8,13,30,37,47,46
28/05/1997,2,3,19,32,36,47,25
24/05/1997,13,23,26,27,30,44,1
21/05/1997,3,12,21,24,37,45,28
17/05/1997,11,21,25,27,28,37,9
14/05/1997,5,15,17,32,41,45,42
10/05/1997,3,5,6,20,29,33,9
07/05/1997,8,20,23,25,36,43,35
03/05/1997,2,8,16,31,34,36,13
30/04/1997,2,16,20,36,45,47,32
26/04/1997,3,14,19,26,35,45,37
23/04/1997,22,28,36,42,46,49,43
19/04/1997,4,14,18,35,36,48,27
16/04/1997,9,14,19,28,37,46,48
12/04/1997,11,15,27,39,43,44,4
09/04/1997,11,14,15,16,28,42,39
05/04/1997,2,3,15,19,44,45,34
02/04/1997,1,3,12,14,17,46,38
29/03/1997,9,20,27,34,38,46,35
26/03/1997,4,27,32,38,40,45,20
22/03/1997,4,15,20,27,41,45,40
19/03/1997,12,16,20,22,26,38,36
15/03/1997,5,21,29,31,45,49,41
12/03/1997,12,16,25,26,28,41,43
08/03/1997,13,31,32,40,45,48,16
05/03/1997,3,20,22,30,44,45,5
01/03/1997,11,24,28,40,46,47,39
26/02/1997,5,6,21,26,42,48,28
22/02/1997,1,3,7,13,39,46,4
19/02/1997,9,21,25,27,40,42,14
15/02/1997,6,9,16,27,46,48,38
12/02/1997,8,13,25,30,43,45,21
08/02/1997,20,21,25,31,43,45,2
05/02/1997,4,5,7,8,16,39,3
01/02/1997,4,8,23,35,40,46,5
29/01/1997,1,8,19,27,32,39,33
25/01/1997,6,27,30,31,34,47,35
22/01/1997,6,14,16,27,30,43,42
18/01/1997,8,10,18,31,41,48,39
15/01/1997,2,8,13,16,26,31,23
11/01/1997,4,13,17,28,44,47,23
08/01/1997,19,24,30,35,37,44,40
04/01/1997,23,28,33,38,47,49,9
01/01/1997,1,23,25,26,33,44,24
30/12/1998,10,13,16,19,25,31,23
26/12/1998,2,8,10,14,18,44,23
23/12/1998,3,15,17,18,24,44,23
19/12/1998,6,12,17,26,38,44,14
16/12/1998,11,12,16,19,26,37,33
12/12/1998,10,11,20,29,43,45,39
09/12/1998,17,18,19,36,41,42,25
05/12/1998,4,12,15,18,19,32,27
02/12/1998,1,3,5,6,24,39,16
28/11/1998,3,22,25,33,39,41,21
25/11/1998,6,16,17,28,45,49,3
21/11/1998,2,9,21,24,35,46,5
18/11/1998,1,2,6,22,36,47,41
14/11/1998,4,21,23,31,43,45,25
11/11/1998,3,5,6,12,14,30,19
07/11/1998,14,27,31,38,45,47,44
04/11/1998,15,20,21,22,26,35,31
31/10/1998,3,11,24,37,38,39,42
28/10/1998,9,10,23,35,42,49,28
24/10/1998,19,20,21,27,34,43,3
21/10/1998,4,8,15,30,41,45,26
17/10/1998,10,14,15,17,23,25,26
14/10/1998,6,22,28,32,42,45,10
10/10/1998,3,8,21,23,33,49,37
07/10/1998,1,6,14,18,25,34,41
03/10/1998,1,6,17,20,33,44,26
30/09/1998,10,15,22,25,32,34,37
26/09/1998,13,15,28,31,35,45,4
23/09/1998,1,13,26,28,29,41,43
19/09/1998,13,15,26,32,34,36,33
16/09/1998,8,21,23,29,30,37,3
12/09/1998,5,9,10,15,21,41,42
09/09/1998,10,30,37,44,47,49,11
05/09/1998,4,6,29,32,33,38,1
02/09/1998,9,20,26,34,44,49,18
29/08/1998,8,20,22,36,47,49,45
26/08/1998,1,4,22,26,37,47,7
22/08/1998,12,17,21,23,38,44,14
19/08/1998,1,4,8,9,47,48,24
15/08/1998,12,13,15,37,41,49,45
12/08/1998,15,16,38,39,41,45,8
08/08/1998,3,20,21,33,35,45,26
05/08/1998,1,4,14,17,31,44,27
01/08/1998,10,11,19,34,45,46,28
29/07/1998,1,4,14,21,22,29,31
25/07/1998,10,11,33,38,39,45,44
22/07/1998,2,3,22,31,34,45,37
18/07/1998,6,16,17,23,34,35,49
15/07/1998,5,31,37,38,43,49,14
11/07/1998,10,13,27,28,31,49,47
08/07/1998,10,26,28,35,38,39,3
04/07/1998,2,19,23,29,46,47,40
01/07/1998,9,12,25,31,36,48,39
27/06/1998,6,20,26,40,42,46,5
24/06/1998,1,5,22,42,47,49,20
20/06/1998,2,6,16,24,34,38,8
17/06/1998,6,15,23,30,34,43,5
13/06/1998,12,16,20,27,43,44,41
10/06/1998,1,2,6,10,16,21,19
06/06/1998,5,6,31,33,44,49,43
03/06/1998,2,27,32,35,41,47,4
30/05/1998,1,5,12,13,16,21,20
27/05/1998,4,9,15,20,37,43,47
23/05/1998,1,21,26,31,32,47,25
20/05/1998,10,11,20,22,31,39,21
16/05/1998,4,20,25,28,35,42,31
13/05/1998,4,15,23,30,35,49,41
09/05/1998,7,14,27,32,46,49,33
06/05/1998,7,17,24,32,34,43,13
02/05/1998,5,12,13,15,30,49,22
29/04/1998,3,17,28,30,47,48,35
25/04/1998,2,8,20,28,39,40,21
22/04/1998,8,19,35,42,43,48,29
18/04/1998,2,23,24,28,31,35,29
15/04/1998,10,12,27,31,37,42,25
11/04/1998,8,29,34,37,39,47,12
08/04/1998,9,12,15,29,32,37,48
04/04/1998,8,12,33,36,40,45,13
01/04/1998,5,20,29,42,45,49,28
28/03/1998,16,22,27,29,36,42,26
25/03/1998,1,7,9,11,37,40,23
21/03/1998,8,12,15,23,38,45,20
18/03/1998,15,23,28,39,45,48,2
14/03/1998,6,7,19,34,36,41,49
11/03/1998,3,6,8,30,40,43,20
07/03/1998,26,34,36,41,46,48,44
04/03/1998,8,12,17,28,38,40,20
28/02/1998,7,20,22,23,44,49,18
25/02/1998,22,26,29,31,36,39,21
21/02/1998,6,22,25,26,37,43,28
18/02/1998,7,14,18,25,32,37,36
14/02/1998,4,10,16,21,33,36,24
11/02/1998,2,13,19,32,38,47,5
07/02/1998,7,18,20,21,32,40,11
04/02/1998,10,16,28,37,42,47,21
31/01/1998,6,10,26,28,37,42,17
28/01/1998,1,2,30,31,34,49,40
24/01/1998,5,9,14,21,25,42,7
21/01/1998,2,3,10,16,27,37,45
17/01/1998,5,14,23,28,34,47,18
14/01/1998,8,18,20,22,39,40,9
10/01/1998,3,6,9,16,30,49,11
07/01/1998,2,9,19,37,39,46,5
03/01/1998,6,20,24,33,42,47,25
29/12/1999,6,10,15,17,28,44,49
25/12/1999,2,8,42,45,47,49,28
22/12/1999,22,23,32,34,36,47,45
18/12/1999,7,32,35,36,47,48,15
15/12/1999,2,20,24,25,35,45,14
11/12/1999,4,9,11,16,17,44,31
08/12/1999,7,14,24,27,29,49,5
04/12/1999,3,8,9,33,39,49,35
01/12/1999,6,9,12,21,27,32,10
27/11/1999,8,11,14,34,41,42,1
24/11/1999,1,19,22,29,35,48,16
20/11/1999,2,10,14,24,31,45,23
17/11/1999,21,26,27,32,42,44,17
13/11/1999,5,14,20,22,40,43,38
10/11/1999,2,8,20,28,41,42,25
06/11/1999,15,16,22,33,34,43,11
03/11/1999,5,26,30,34,41,44,4
30/10/1999,18,20,27,34,39,43,21
27/10/1999,2,3,22,32,33,34,5
23/10/1999,9,19,36,40,42,48,22
20/10/1999,5,14,17,32,40,46,42
16/10/1999,15,16,23,38,41,46,40
13/10/1999,24,37,41,44,45,47,31
09/10/1999,1,2,14,25,41,44,39
06/10/1999,15,19,27,29,42,48,22
02/10/1999,13,20,23,31,44,49,17
29/09/1999,3,4,13,34,35,36,49
25/09/1999,2,19,36,45,46,47,22
22/09/1999,2,11,24,29,42,46,23
18/09/1999,4,7,25,30,42,47,41
15/09/1999,3,5,13,20,27,29,36
11/09/1999,2,3,6,15,39,44,33
08/09/1999,9,18,22,25,42,49,44
04/09/1999,2,12,40,42,45,47,28
01/09/1999,1,10,17,20,33,45,8
28/08/1999,17,26,36,39,44,47,4
25/08/1999,4,19,27,28,32,36,15
21/08/1999,11,14,16,21,32,39,36
18/08/1999,4,7,13,31,36,37,28
14/08/1999,6,8,12,13,18,46,3
11/08/1999,19,27,33,41,43,46,42
07/08/1999,4,10,23,25,39,42,11
04/08/1999,4,11,19,21,23,40,44
31/07/1999,5,14,26,31,38,48,6
28/07/1999,7,24,28,37,48,49,8
24/07/1999,4,7,10,25,35,38,13
21/07/1999,4,7,12,17,24,32,21
17/07/1999,8,14,39,41,42,49,13
14/07/1999,5,9,12,42,48,49,36
10/07/1999,17,23,30,36,48,49,42
07/07/1999,12,16,20,26,43,44,24
03/07/1999,2,5,11,15,31,36,41
30/06/1999,5,20,26,34,37,46,12
26/06/1999,5,21,29,30,36,42,11
23/06/1999,9,15,22,37,40,49,33
19/06/1999,10,29,31,32,38,47,21
16/06/1999,9,11,12,17,33,42,30
12/06/1999,10,22,37,38,41,42,43
09/06/1999,9,12,22,26,29,32,4
05/06/1999,13,23,24,37,46,47,10
02/06/1999,3,14,22,37,46,48,43
29/05/1999,2,10,12,15,18,36,14
26/05/1999,14,16,31,34,36,44,13
22/05/1999,2,8,12,27,37,39,11
19/05/1999,2,5,18,36,37,47,13
15/05/1999,2,14,28,30,38,45,1
12/05/1999,2,5,18,29,35,37,24
08/05/1999,3,4,9,24,46,49,8
05/05/1999,1,26,29,37,40,43,38
01/05/1999,6,12,18,20,30,45,40
28/04/1999,11,14,16,17,19,26,35
24/04/1999,2,9,16,35,41,48,29
21/04/1999,13,20,22,32,39,43,5
17/04/1999,24,28,29,31,36,40,25
14/04/1999,17,20,28,34,40,42,11
10/04/1999,4,23,33,34,36,47,16
07/04/1999,2,25,38,42,45,48,20
03/04/1999,11,22,24,31,32,36,2
31/03/1999,3,12,18,28,31,36,14
27/03/1999,15,21,32,34,36,38,13
24/03/1999,22,26,32,38,45,46,10
20/03/1999,2,12,16,19,36,37,18
17/03/1999,7,9,12,30,41,44,24
13/03/1999,5,24,30,33,37,40,31
10/03/1999,7,9,10,13,15,34,47
06/03/1999,14,32,35,47,48,49,13
03/03/1999,2,3,5,10,26,27,35
27/02/1999,12,24,25,29,39,42,3
24/02/1999,2,17,19,20,26,41,11
20/02/1999,9,16,27,28,32,45,43
17/02/1999,8,15,27,40,45,46,34
13/02/1999,7,12,30,35,44,49,39
10/02/1999,9,26,32,41,48,49,7
06/02/1999,6,11,20,28,33,49,47
03/02/1999,10,17,19,23,25,35,6
30/01/1999,4,22,23,38,42,43,49
27/01/1999,12,29,38,46,48,49,7
23/01/1999,4,5,9,17,30,41,20
20/01/1999,1,10,16,38,44,45,20
16/01/1999,1,3,5,27,30,45,4
13/01/1999,1,2,6,10,14,29,3
09/01/1999,1,3,18,23,24,35,29
06/01/1999,6,11,30,36,37,48,24
02/01/1999,6,28,33,34,36,48,27
30/12/2000,7,9,17,27,31,48,41
27/12/2000,6,9,17,33,43,45,37
23/12/2000,11,15,24,30,31,33,25
20/12/2000,13,41,42,45,46,49,48
16/12/2000,4,17,27,33,34,45,42
13/12/2000,14,16,18,19,34,40,45
09/12/2000,9,19,21,30,38,40,33
06/12/2000,2,14,21,25,32,47,22
02/12/2000,3,6,20,24,36,47,34
29/11/2000,6,13,23,24,31,42,27
25/11/2000,12,23,24,31,45,46,33
22/11/2000,4,32,36,37,40,49,42
18/11/2000,5,9,23,28,29,48,26
15/11/2000,24,25,28,36,37,42,40
11/11/2000,21,26,29,42,44,49,33
08/11/2000,12,21,33,39,47,49,46
04/11/2000,5,6,11,20,25,47,34
01/11/2000,9,13,21,23,36,47,15
28/10/2000,3,10,23,40,43,46,42
25/10/2000,7,12,16,29,37,43,49
21/10/2000,38,43,44,45,46,47,17
18/10/2000,2,9,11,23,27,45,17
14/10/2000,1,10,14,19,38,45,18
11/10/2000,5,6,21,35,38,46,15
07/10/2000,6,24,25,40,41,44,16
04/10/2000,7,14,19,40,43,49,13
30/09/2000,15,18,20,24,31,41,1
27/09/2000,1,24,29,35,40,45,34
23/09/2000,2,20,22,31,37,49,27
20/09/2000,3,6,21,30,36,40,14
16/09/2000,15,20,36,37,46,49,45
13/09/2000,2,10,27,29,31,49,46
09/09/2000,9,11,19,22,24,42,12
06/09/2000,20,27,31,40,42,45,32
02/09/2000,4,6,12,27,28,46,18
30/08/2000,18,19,29,40,43,49,13
26/08/2000,10,23,35,41,43,47,16
23/08/2000,6,8,14,17,32,47,10
19/08/2000,2,11,14,22,25,34,6
16/08/2000,10,15,16,32,33,41,9
12/08/2000,3,13,14,18,29,40,48
09/08/2000,9,21,39,42,45,49,25
05/08/2000,11,33,37,40,45,46,17
02/08/2000,2,3,12,27,31,47,11
29/07/2000,5,12,19,35,37,43,2
26/07/2000,2,3,25,37,39,40,46
22/07/2000,1,12,18,23,42,47,26
19/07/2000,15,17,32,42,43,45,9
15/07/2000,4,20,28,34,42,49,25
12/07/2000,16,21,31,35,42,44,25
08/07/2000,5,10,12,38,40,41,11
05/07/2000,11,15,19,27,40,48,16
01/07/2000,10,15,17,20,31,44,4
28/06/2000,3,13,22,23,24,25,7
24/06/2000,1,17,21,27,40,44,36
21/06/2000,11,15,29,31,34,46,7
17/06/2000,5,7,9,33,41,48,43
14/06/2000,5,6,21,26,33,40,22
10/06/2000,1,4,16,22,32,37,33
07/06/2000,7,10,27,42,43,47,44
03/06/2000,4,8,18,32,38,45,30
31/05/2000,2,5,11,25,32,34,39
27/05/2000,11,14,18,27,30,42,22
24/05/2000,22,23,24,27,30,45,33
20/05/2000,3,5,8,14,27,31,18
17/05/2000,1,13,23,36,37,48,16
13/05/2000,2,10,11,27,33,37,7
10/05/2000,13,19,23,40,45,49,15
06/05/2000,11,12,19,34,36,45,6
03/05/2000,12,19,33,36,40,44,24
29/04/2000,1,6,19,25,33,48,27
26/04/2000,5,24,28,35,38,42,36
22/04/2000,7,14,20,24,28,39,31
19/04/2000,12,16,32,44,47,49,42
15/04/2000,1,18,25,41,47,48,3
12/04/2000,10,29,34,42,46,47,40
08/04/2000,5,10,24,27,30,45,2
05/04/2000,5,9,12,20,25,27,39
01/04/2000,3,16,32,39,46,49,19
29/03/2000,10,11,12,19,41,48,34
25/03/2000,10,30,31,35,43,44,46
22/03/2000,3,8,17,24,27,43,10
18/03/2000,4,16,19,26,35,43,47
15/03/2000,4,5,26,29,30,34,22
11/03/2000,3,12,26,34,37,41,38
08/03/2000,11,21,27,29,39,45,34
04/03/2000,10,14,16,19,23,36,2
01/03/2000,4,10,14,19,22,27,18
26/02/2000,3,5,10,41,43,45,8
23/02/2000,1,5,29,32,37,43,44
19/02/2000,7,9,13,25,27,47,14
16/02/2000,11,18,25,28,34,44,14
12/02/2000,7,22,25,35,40,42,11
09/02/2000,3,11,16,24,36,49,45
05/02/2000,4,20,24,44,46,47,14
02/02/2000,8,20,34,36,41,43,31
29/01/2000,6,7,22,33,36,40,9
26/01/2000,12,17,25,44,45,47,43
22/01/2000,4,14,18,36,39,44,11
19/01/2000,2,6,27,40,41,47,37
15/01/2000,1,9,15,26,47,48,13
12/01/2000,6,14,20,32,37,44,24
08/01/2000,6,16,27,30,34,35,13
05/01/2000,3,12,22,35,40,47,19
01/01/2000,2,34,36,41,43,45,4
29/12/2001,25,26,34,36,43,46,9
26/12/2001,3,6,9,10,13,20,29
22/12/2001,14,27,34,38,44,45,24
19/12/2001,10,17,19,20,25,35,11
15/12/2001,1,8,18,31,34,37,27
12/12/2001,18,30,31,32,43,44,37
08/12/2001,2,3,4,18,28,43,15
05/12/2001,10,13,31,43,47,48,44
01/12/2001,2,3,6,7,18,36,14
28/11/2001,1,21,29,42,45,47,8
24/11/2001,2,7,21,33,39,46,15
21/11/2001,2,8,12,18,24,35,43
17/11/2001,4,15,21,31,41,49,43
14/11/2001,1,20,27,42,46,48,32
10/11/2001,3,13,17,26,33,35,23
07/11/2001,2,5,13,18,29,42,35
03/11/2001,4,8,14,26,29,43,16
31/10/2001,12,15,29,30,45,47,8
27/10/2001,18,21,25,26,32,48,38
24/10/2001,4,12,21,26,43,46,16
20/10/2001,9,10,22,38,43,44,20
17/10/2001,18,21,25,34,36,45,11
13/10/2001,14,17,22,32,36,49,16
10/10/2001,9,25,42,43,46,47,16
06/10/2001,1,18,27,28,43,47,11
03/10/2001,19,20,22,28,40,42,1
29/09/2001,2,11,16,18,21,33,5
26/09/2001,2,6,12,17,39,47,8
22/09/2001,10,19,27,29,33,36,23
19/09/2001,10,24,25,30,40,48,21
15/09/2001,4,22,24,32,42,43,18
12/09/2001,7,15,34,38,43,45,29
08/09/2001,4,22,25,27,39,45,31
05/09/2001,8,9,21,34,42,43,5
01/09/2001,7,8,18,23,47,48,49
29/08/2001,7,9,22,23,37,42,36
25/08/2001,1,7,18,23,29,43,4
22/08/2001,5,13,15,28,31,34,18
18/08/2001,5,19,26,29,40,42,14
15/08/2001,14,22,27,32,40,47,26
11/08/2001,12,14,16,23,24,45,11
08/08/2001,16,19,29,35,36,38,47
04/08/2001,1,11,15,33,36,49,5
01/08/2001,6,33,39,41,42,44,25
28/07/2001,15,26,29,41,46,48,23
25/07/2001,6,8,13,24,34,46,12
21/07/2001,1,11,22,27,33,49,10
18/07/2001,5,10,13,19,22,47,30
14/07/2001,8,21,25,35,40,41,5
11/07/2001,9,23,27,31,35,48,1
07/07/2001,5,17,29,31,33,46,20
04/07/2001,3,5,9,31,40,41,47
30/06/2001,3,8,15,32,46,48,44
27/06/2001,1,3,19,27,30,48,11
23/06/2001,3,15,24,36,42,47,49
20/06/2001,2,3,13,17,23,32,39
16/06/2001,14,19,20,21,24,28,32
13/06/2001,7,18,22,30,36,43,24
09/06/2001,1,14,23,25,30,41,43
06/06/2001,3,10,17,22,24,40,46
02/06/2001,5,6,11,17,29,37,32
30/05/2001,9,11,12,22,37,48,8
26/05/2001,2,19,25,30,41,45,21
23/05/2001,5,9,15,21,42,43,32
19/05/2001,7,8,18,29,34,44,37
16/05/2001,11,17,29,34,37,45,19
12/05/2001,3,6,25,26,42,44,2
09/05/2001,3,5,7,10,30,43,23
05/05/2001,19,20,23,39,40,43,47
02/05/2001,1,31,38,43,45,46,40
28/04/2001,9,15,26,28,33,39,8
25/04/2001,11,18,20,27,39,46,45
21/04/2001,16,17,19,27,30,37,6
18/04/2001,11,16,20,25,46,48,5
14/04/2001,3,12,14,30,33,40,36
11/04/2001,2,8,11,24,30,36,5
07/04/2001,2,11,25,27,40,44,28
04/04/2001,1,16,17,24,31,32,15
31/03/2001,1,12,13,28,32,44,47
28/03/2001,12,19,32,34,39,43,35
24/03/2001,1,27,31,33,35,47,41
21/03/2001,4,20,21,27,42,47,43
17/03/2001,9,17,19,22,29,37,24
14/03/2001,6,20,31,36,38,44,4
10/03/2001,5,7,8,12,23,28,39
07/03/2001,19,20,22,24,38,42,41
03/03/2001,1,2,4,18,28,35,8
28/02/2001,6,9,17,18,20,39,27
24/02/2001,5,12,25,34,35,45,36
21/02/2001,5,10,23,36,40,44,18
17/02/2001,9,13,27,28,38,42,20
14/02/2001,12,13,14,32,41,43,6
10/02/2001,9,11,36,38,46,47,12
07/02/2001,9,23,29,38,39,43,45
03/02/2001,15,17,21,22,43,45,34
31/01/2001,3,19,29,34,38,45,40
27/01/2001,26,30,32,37,41,47,8
24/01/2001,14,25,26,33,36,44,7
20/01/2001,4,9,10,19,26,36,30
17/01/2001,3,9,11,28,29,47,37
13/01/2001,3,5,33,40,45,46,21
10/01/2001,17,25,40,42,45,49,33
06/01/2001,17,30,37,41,43,48,34
03/01/2001,5,7,12,37,39,46,22
28/12/2002,12,14,15,27,28,39,34
25/12/2002,1,17,19,22,36,44,21
21/12/2002,26,29,35,45,48,49,27
18/12/2002,10,11,26,34,40,44,5
14/12/2002,7,19,21,30,36,44,39
11/12/2002,5,8,13,37,40,43,26
07/12/2002,1,14,26,30,33,38,21
04/12/2002,1,3,4,11,34,40,47
30/11/2002,1,2,12,30,37,43,47
27/11/2002,7,9,11,26,35,48,28
23/11/2002,7,10,15,19,24,29,25
20/11/2002,21,29,32,38,40,42,47
16/11/2002,20,24,26,27,33,41,8
13/11/2002,6,7,16,25,40,48,17
09/11/2002,12,13,30,31,44,49,45
06/11/2002,2,8,19,31,43,48,46
02/11/2002,4,8,11,21,27,48,3
30/10/2002,5,6,13,22,29,46,8
26/10/2002,5,6,14,29,33,47,43
23/10/2002,7,11,24,29,32,36,42
19/10/2002,10,14,20,28,32,40,33
16/10/2002,2,14,23,36,46,47,25
12/10/2002,6,18,23,24,28,46,38
09/10/2002,12,21,23,26,34,47,3
05/10/2002,12,13,16,20,24,26,1
02/10/2002,1,14,16,18,38,49,13
28/09/2002,5,16,17,31,38,45,1
25/09/2002,2,24,33,34,36,37,48
21/09/2002,3,19,29,34,35,36,11
18/09/2002,4,14,39,42,46,48,26
14/09/2002,6,16,23,31,34,39,24
11/09/2002,2,8,12,15,28,49,21
07/09/2002,3,4,8,12,24,28,31
04/09/2002,2,8,10,14,31,39,30
31/08/2002,6,7,10,11,14,47,28
28/08/2002,2,11,20,29,30,48,38
24/08/2002,2,7,21,43,44,46,29
21/08/2002,4,7,13,25,37,45,33
17/08/2002,14,20,22,41,43,49,16
14/08/2002,11,28,33,37,40,46,16
10/08/2002,13,16,18,27,43,45,25
07/08/2002,2,16,21,22,28,47,18
03/08/2002,4,14,24,27,30,40,38
31/07/2002,9,11,27,33,40,42,25
27/07/2002,1,5,13,22,28,43,9
24/07/2002,2,4,8,15,22,49,31
20/07/2002,9,26,28,30,37,41,11
17/07/2002,3,10,16,36,39,46,42
13/07/2002,19,27,29,30,40,45,4
10/07/2002,1,5,7,10,26,49,19
06/07/2002,10,21,23,28,31,39,7
03/07/2002,25,27,28,36,37,40,17
29/06/2002,8,22,41,43,48,49,46
26/06/2002,2,10,20,25,44,48,27
22/06/2002,12,15,18,23,24,46,9
19/06/2002,5,10,34,35,36,45,18
15/06/2002,20,29,38,39,42,46,23
12/06/2002,3,4,15,18,34,47,45
08/06/2002,2,12,19,38,43,48,13
05/06/2002,1,2,9,15,20,38,13
01/06/2002,7,8,12,37,46,48,41
29/05/2002,2,6,8,15,24,44,21
25/05/2002,12,28,31,34,36,42,30
22/05/2002,4,8,9,26,34,43,48
18/05/2002,13,15,24,34,42,47,23
15/05/2002,1,4,14,20,41,44,9
11/05/2002,9,33,36,40,46,47,35
08/05/2002,1,10,30,37,44,49,39
04/05/2002,15,23,38,39,44,49,18
01/05/2002,1,6,25,31,33,43,49
27/04/2002,3,8,12,36,40,47,21
24/04/2002,7,22,35,36,41,49,40
20/04/2002,18,20,27,32,34,36,3
17/04/2002,19,35,36,39,44,48,11
13/04/2002,15,27,35,38,44,46,23
10/04/2002,3,5,24,26,33,46,11
06/04/2002,1,11,14,18,20,38,37
03/04/2002,3,8,29,40,43,44,17
30/03/2002,1,18,26,34,42,48,7
27/03/2002,17,26,30,34,43,48,46
23/03/2002,2,4,9,31,36,40,3
20/03/2002,3,11,12,17,29,41,23
16/03/2002,2,17,24,26,35,47,41
13/03/2002,12,14,20,23,43,47,3
09/03/2002,4,6,16,38,44,45,9
06/03/2002,7,18,20,26,28,31,13
02/03/2002,3,11,13,28,40,47,16
27/02/2002,4,7,16,36,39,40,13
23/02/2002,7,28,38,39,44,48,6
20/02/2002,4,15,21,29,30,35,8
16/02/2002,16,29,34,40,46,48,3
13/02/2002,1,2,6,24,40,47,7
09/02/2002,7,14,20,30,35,36,10
06/02/2002,1,5,14,15,20,43,32
02/02/2002,11,17,22,26,43,48,27
30/01/2002,2,4,6,11,37,47,22
26/01/2002,3,27,31,34,35,40,22
23/01/2002,1,7,8,33,40,44,28
19/01/2002,7,9,22,35,40,47,36
16/01/2002,13,17,18,28,37,44,32
12/01/2002,1,7,13,30,34,36,38
09/01/2002,8,12,15,23,28,39,43
05/01/2002,4,19,20,35,41,46,27
02/01/2002,8,9,15,22,26,39,30
31/12/2003,13,14,17,20,39,40,23
27/12/2003,5,9,17,31,37,44,3
24/12/2003,5,12,21,28,30,45,38
20/12/2003,4,18,20,31,39,48,9
17/12/2003,5,14,17,25,34,44,11
13/12/2003,5,7,10,30,34,35,1
10/12/2003,2,13,14,24,29,42,17
06/12/2003,7,21,31,38,42,48,14
03/12/2003,3,11,27,31,33,35,1
29/11/2003,13,17,26,27,29,45,6
26/11/2003,3,5,7,25,40,47,42
22/11/2003,2,16,25,34,37,48,13
19/11/2003,9,10,13,23,28,29,33
15/11/2003,18,27,33,34,44,47,42
12/11/2003,3,4,41,44,45,48,18
08/11/2003,2,23,28,43,47,49,29
05/11/2003,5,6,13,34,35,43,18
01/11/2003,8,18,29,31,41,43,34
29/10/2003,8,9,22,29,37,49,33
25/10/2003,8,13,16,19,33,49,26
22/10/2003,11,17,26,31,40,44,34
18/10/2003,10,25,26,38,46,49,37
15/10/2003,1,10,14,16,25,39,46
11/10/2003,6,9,21,25,27,32,13
08/10/2003,3,11,18,34,37,41,5
04/10/2003,3,28,29,32,37,45,34
01/10/2003,1,11,17,41,42,45,13
27/09/2003,7,8,16,37,43,44,15
24/09/2003,3,5,11,34,38,47,25
20/09/2003,1,6,23,35,36,39,18
17/09/2003,6,11,13,30,31,37,34
13/09/2003,12,21,26,37,43,49,25
10/09/2003,1,15,24,34,40,48,12
06/09/2003,11,27,41,45,46,49,22
03/09/2003,13,15,16,18,26,33,9
30/08/2003,3,6,37,38,45,47,11
27/08/2003,7,14,20,23,38,46,32
23/08/2003,2,6,19,27,35,47,1
20/08/2003,12,16,20,29,36,47,24
16/08/2003,11,15,17,19,32,39,30
13/08/2003,5,6,13,16,27,30,44
09/08/2003,5,7,10,13,27,29,43
06/08/2003,4,16,27,31,37,38,44
02/08/2003,6,13,23,26,33,34,7
30/07/2003,4,6,12,18,41,48,8
26/07/2003,11,22,26,35,41,46,8
23/07/2003,2,7,15,36,37,49,9
19/07/2003,4,13,33,36,41,47,46
16/07/2003,14,21,26,33,35,46,42
12/07/2003,4,8,13,21,29,35,3
09/07/2003,4,6,9,13,46,48,31
05/07/2003,4,15,26,37,41,45,40
02/07/2003,5,8,12,14,25,37,6
28/06/2003,7,9,19,20,25,44,34
25/06/2003,10,14,15,27,41,47,36
21/06/2003,12,22,25,34,39,40,32
18/06/2003,1,11,29,30,42,44,10
14/06/2003,7,8,21,22,27,29,47
11/06/2003,3,9,24,37,46,49,14
07/06/2003,17,20,23,30,40,47,11
04/06/2003,18,19,29,33,40,47,43
31/05/2003,14,18,22,23,31,45,32
28/05/2003,6,16,20,29,33,45,39
24/05/2003,6,12,15,25,31,47,46
21/05/2003,3,7,16,26,38,47,10
17/05/2003,11,17,29,39,41,48,25
14/05/2003,7,32,37,38,44,45,40
10/05/2003,5,13,15,20,24,42,41
07/05/2003,4,20,28,33,43,48,8
03/05/2003,5,12,31,35,37,46,9
30/04/2003,6,7,19,29,43,47,24
26/04/2003,3,17,20,30,32,35,6
23/04/2003,6,9,14,29,34,45,49
19/04/2003,4,12,40,43,48,49,27
16/04/2003,8,18,21,26,42,48,31
12/04/2003,5,7,9,25,28,48,27
09/04/2003,8,10,15,16,31,46,25
05/04/2003,15,21,31,36,44,49,5
02/04/2003,1,25,32,33,34,35,7
29/03/2003,5,7,18,30,37,46,19
26/03/2003,4,6,7,18,46,47,36
22/03/2003,5,24,31,37,38,47,10
19/03/2003,2,20,30,43,44,47,4
15/03/2003,7,15,29,33,40,45,39
12/03/2003,16,18,21,22,32,33,5
08/03/2003,8,20,22,24,33,44,30
05/03/2003,6,8,19,27,45,46,34
01/03/2003,5,17,22,34,40,47,45
26/02/2003,1,5,18,19,24,28,30
22/02/2003,2,6,17,34,46,48,49
19/02/2003,3,24,27,29,32,45,6
15/02/2003,3,11,12,25,32,38,36
12/02/2003,8,23,29,34,40,47,4
08/02/2003,15,23,24,28,30,41,5
05/02/2003,7,9,33,35,45,47,36
01/02/2003,1,5,29,43,44,48,16
29/01/2003,1,6,29,34,41,46,10
25/01/2003,9,14,17,32,39,49,36
22/01/2003,18,22,26,29,35,37,24
18/01/2003,4,6,11,25,30,44,21
15/01/2003,15,17,25,36,38,45,14
11/01/2003,5,9,26,28,32,41,40
08/01/2003,1,2,12,16,28,41,11
04/01/2003,5,13,21,30,37,46,18
01/01/2003,2,5,32,34,38,49,7
29/12/2004,6,11,21,37,40,46,35
25/12/2004,4,13,16,32,35,37,34
22/12/2004,11,17,35,38,43,47,42
18/12/2004,3,18,27,32,37,40,42
15/12/2004,1,17,32,35,38,48,26
11/12/2004,2,9,40,43,47,48,39
08/12/2004,5,11,25,28,35,49,46
04/12/2004,16,24,26,30,39,42,6
01/12/2004,4,23,26,35,36,40,48
27/11/2004,12,15,30,38,47,48,27
24/11/2004,15,17,19,20,35,38,31
20/11/2004,28,30,38,44,45,48,18
17/11/2004,13,24,30,41,43,47,17
13/11/2004,4,6,7,17,31,36,27
10/11/2004,2,9,19,33,35,45,12
06/11/2004,1,6,16,34,37,41,12
03/11/2004,10,18,19,37,43,48,12
30/10/2004,18,26,29,39,43,45,9
27/10/2004,29,30,33,34,37,46,47
23/10/2004,1,8,13,24,27,43,36
20/10/2004,2,3,13,14,31,36,9
16/10/2004,1,3,11,40,42,48,35
13/10/2004,6,15,22,30,31,48,1
09/10/2004,16,23,33,35,43,49,6
06/10/2004,20,26,29,31,40,49,18
02/10/2004,4,9,14,27,35,48,32
29/09/2004,10,12,14,27,34,36,26
25/09/2004,15,17,20,21,44,47,26
22/09/2004,13,30,32,33,42,46,5
18/09/2004,7,11,15,39,42,48,40
15/09/2004,1,3,15,16,22,39,37
11/09/2004,7,10,21,29,32,43,27
08/09/2004,10,26,37,40,42,47,5
04/09/2004,2,4,5,44,46,47,3
01/09/2004,1,2,21,30,31,38,46
28/08/2004,17,19,23,24,28,38,12
25/08/2004,9,16,22,23,33,45,46
21/08/2004,28,30,31,37,39,46,34
18/08/2004,3,4,13,21,27,29,19
14/08/2004,13,29,31,36,37,42,25
11/08/2004,4,16,18,28,30,38,35
07/08/2004,3,12,23,30,36,37,35
04/08/2004,6,7,9,11,30,43,4
31/07/2004,3,21,31,40,43,49,23
28/07/2004,4,8,25,29,36,37,14
24/07/2004,6,13,17,19,24,29,35
21/07/2004,19,21,24,25,45,46,39
17/07/2004,10,18,23,26,41,43,42
14/07/2004,7,19,32,35,36,43,12
10/07/2004,4,26,30,31,48,49,23
07/07/2004,2,7,26,35,39,43,17
03/07/2004,1,11,14,20,31,40,26
30/06/2004,2,21,31,32,41,49,7
26/06/2004,1,7,8,10,18,36,42
23/06/2004,4,6,15,22,27,40,26
19/06/2004,1,33,40,41,45,48,46
16/06/2004,4,22,30,39,46,47,49
12/06/2004,4,10,28,29,30,46,2
09/06/2004,7,23,24,27,41,42,49
05/06/2004,12,13,17,26,43,45,11
02/06/2004,1,4,20,21,26,43,7
29/05/2004,24,29,30,31,34,46,38
26/05/2004,14,35,37,44,46,48,13
22/05/2004,1,11,12,15,32,46,20
19/05/2004,5,16,24,26,46,48,11
15/05/2004,21,24,30,32,40,41,7
12/05/2004,1,10,26,29,40,45,18
08/05/2004,4,7,24,39,43,44,23
05/05/2004,5,13,16,20,28,31,4
01/05/2004,8,21,24,26,34,38,14
28/04/2004,16,30,36,39,45,47,22
24/04/2004,4,6,15,22,23,27,25
21/04/2004,12,24,32,36,39,47,43
17/04/2004,11,13,18,20,24,29,8
14/04/2004,9,12,14,19,31,43,32
10/04/2004,20,33,36,45,46,47,39
07/04/2004,1,10,18,20,30,40,34
03/04/2004,3,17,22,25,40,46,27
31/03/2004,2,3,17,18,19,46,30
27/03/2004,7,19,31,43,45,49,36
24/03/2004,5,15,19,24,26,46,43
20/03/2004,9,13,21,25,38,41,33
17/03/2004,2,23,25,33,34,41,3
13/03/2004,9,27,32,38,39,49,46
10/03/2004,2,17,35,41,46,48,5
06/03/2004,12,17,25,26,43,44,2
03/03/2004,1,2,7,16,43,44,20
28/02/2004,3,15,17,26,27,46,38
25/02/2004,1,9,25,27,37,40,45
21/02/2004,4,5,26,33,38,44,49
18/02/2004,21,22,26,27,40,47,3
14/02/2004,1,5,12,17,31,44,36
11/02/2004,4,10,14,19,21,28,12
07/02/2004,3,14,26,27,35,44,28
04/02/2004,8,22,37,38,45,47,43
31/01/2004,1,20,23,36,38,49,7
28/01/2004,3,14,20,23,25,45,12
24/01/2004,3,8,17,20,26,47,38
21/01/2004,1,7,26,40,43,45,46
17/01/2004,2,12,25,40,41,47,14
14/01/2004,1,7,12,24,44,49,5
10/01/2004,13,16,18,21,32,33,26
07/01/2004,2,6,13,20,42,48,37
03/01/2004,9,13,24,36,44,45,30
31/12/2005,10,13,31,33,34,35,22
28/12/2005,6,7,10,29,42,44,25
24/12/2005,16,17,18,23,28,33,27
21/12/2005,4,9,25,27,31,33,44
17/12/2005,4,13,18,19,42,43,45
14/12/2005,4,19,24,31,35,43,7
10/12/2005,6,18,23,37,40,45,48
07/12/2005,2,8,12,19,23,41,49
03/12/2005,16,19,21,25,35,45,24
30/11/2005,5,18,22,28,29,32,17
26/11/2005,15,21,31,35,41,46,22
23/11/2005,4,6,10,17,33,49,37
19/11/2005,1,6,8,11,23,46,13
16/11/2005,11,14,36,40,43,45,25
12/11/2005,1,14,24,30,35,45,9
09/11/2005,7,30,36,39,42,49,9
05/11/2005,4,30,39,42,45,46,38
02/11/2005,9,13,14,40,43,49,32
29/10/2005,4,14,19,25,26,49,21
26/10/2005,5,11,20,30,37,43,31
22/10/2005,3,21,25,26,31,40,41
19/10/2005,11,19,33,35,39,40,32
15/10/2005,1,20,31,32,45,46,39
12/10/2005,11,15,23,34,35,36,28
08/10/2005,5,13,15,17,24,27,29
05/10/2005,1,12,15,16,21,35,40
01/10/2005,9,14,19,23,43,45,20
28/09/2005,4,11,21,27,38,41,36
24/09/2005,15,20,32,39,40,47,30
21/09/2005,15,17,24,26,34,35,8
17/09/2005,4,7,13,33,40,47,37
14/09/2005,2,6,18,25,30,32,11
10/09/2005,6,8,26,33,35,42,41
07/09/2005,2,3,16,37,45,49,22
03/09/2005,8,12,22,37,42,46,24
31/08/2005,1,18,30,33,36,47,23
27/08/2005,2,32,39,42,45,46,49
24/08/2005,3,22,25,32,36,41,9
20/08/2005,4,14,17,23,26,38,47
17/08/2005,4,7,24,27,28,41,37
13/08/2005,10,17,21,40,44,45,39
10/08/2005,4,10,16,22,39,42,43
06/08/2005,6,22,28,36,41,48,24
03/08/2005,4,5,6,10,23,35,18
30/07/2005,10,16,21,29,38,45,25
27/07/2005,8,19,22,30,34,47,18
23/07/2005,12,22,25,30,33,38,17
20/07/2005,2,7,22,27,45,48,42
16/07/2005,14,22,23,32,43,49,34
13/07/2005,1,7,8,14,32,33,26
09/07/2005,3,8,10,23,26,28,22
06/07/2005,5,7,23,25,31,49,16
02/07/2005,2,18,22,38,39,44,10
29/06/2005,19,42,43,44,46,47,26
25/06/2005,2,10,11,17,26,44,25
22/06/2005,9,10,13,30,33,39,32
18/06/2005,5,6,7,36,38,46,20
15/06/2005,7,10,13,33,39,42,47
11/06/2005,3,4,11,28,30,45,16
08/06/2005,3,8,20,22,38,49,5
04/06/2005,11,16,18,19,21,23,41
01/06/2005,3,14,25,29,33,42,21
28/05/2005,6,12,17,28,37,46,11
25/05/2005,10,12,16,21,29,48,1
21/05/2005,1,21,23,27,40,45,38
18/05/2005,2,5,6,12,19,36,7
14/05/2005,5,11,20,23,27,28,42
11/05/2005,9,10,16,18,20,49,46
07/05/2005,6,26,28,30,33,34,49
04/05/2005,12,19,23,24,29,44,28
30/04/2005,10,11,18,21,32,42,19
27/04/2005,9,14,17,22,26,46,3
23/04/2005,18,19,23,29,33,45,8
20/04/2005,8,9,12,20,45,48,39
16/04/2005,2,11,16,31,33,41,17
13/04/2005,11,12,23,29,30,40,9
09/04/2005,7,10,11,47,48,49,26
06/04/2005,7,8,24,28,29,40,12
02/04/2005,4,12,24,25,38,41,11
30/03/2005,7,10,24,27,30,47,41
26/03/2005,2,19,27,32,41,43,24
23/03/2005,1,14,32,33,37,40,7
19/03/2005,2,9,12,30,35,46,37
16/03/2005,8,10,18,19,25,41,34
12/03/2005,6,7,8,30,34,43,19
09/03/2005,4,10,11,18,23,34,49
05/03/2005,6,12,20,21,24,43,22
02/03/2005,3,16,19,22,23,25,32
26/02/2005,4,12,22,37,43,49,8
23/02/2005,5,8,10,32,48,49,29
19/02/2005,12,16,27,35,39,41,24
16/02/2005,4,5,17,18,34,38,1
12/02/2005,5,12,16,26,37,43,40
09/02/2005,10,15,21,23,28,37,41
05/02/2005,11,17,26,31,46,48,1
02/02/2005,2,6,7,13,31,36,32
29/01/2005,4,24,26,37,41,43,11
26/01/2005,8,9,13,17,34,44,12
22/01/2005,8,10,33,41,42,45,35
19/01/2005,2,5,18,21,34,43,36
15/01/2005,1,8,27,33,34,42,21
12/01/2005,1,13,21,34,36,42,8
08/01/2005,3,15,18,19,32,48,17
05/01/2005,1,2,30,36,42,43,23
01/01/2005,10,16,17,34,40,47,41
30/12/2006,10,14,18,40,45,49,1
27/12/2006,4,5,12,24,38,45,22
23/12/2006,4,6,19,22,23,45,43
20/12/2006,2,9,12,29,33,37,46
16/12/2006,7,22,24,30,38,46,41
13/12/2006,8,11,22,27,33,36,1
09/12/2006,4,11,18,20,29,44,24
06/12/2006,2,6,12,18,22,29,4
02/12/2006,8,32,33,43,46,49,1
29/11/2006,5,9,14,31,37,46,8
25/11/2006,1,18,20,23,41,47,37
22/11/2006,3,8,14,28,31,39,32
18/11/2006,1,11,22,25,39,41,44
15/11/2006,5,8,34,37,44,47,24
11/11/2006,3,5,6,7,26,40,16
08/11/2006,3,4,20,38,42,48,34
04/11/2006,6,23,30,33,37,41,17
01/11/2006,2,18,24,25,30,40,45
28/10/2006,1,10,26,38,39,47,45
25/10/2006,9,33,37,38,42,49,31
21/10/2006,2,4,25,29,41,43,38
18/10/2006,6,18,25,34,45,49,41
14/10/2006,9,14,22,45,47,49,25
11/10/2006,8,12,24,30,34,35,47
07/10/2006,15,20,33,37,39,45,13
04/10/2006,12,13,22,26,37,45,14
30/09/2006,1,10,18,24,31,46,19
27/09/2006,15,23,38,40,41,49,2
23/09/2006,6,11,19,20,32,39,38
20/09/2006,10,30,41,43,45,47,34
16/09/2006,5,13,14,29,39,40,34
13/09/2006,19,30,32,33,38,41,14
09/09/2006,13,22,31,32,34,48,26
06/09/2006,3,8,20,26,37,46,27
02/09/2006,3,9,10,14,17,19,12
30/08/2006,1,9,15,26,29,32,46
26/08/2006,1,9,10,24,32,35,39
23/08/2006,4,7,16,23,27,39,3
19/08/2006,9,10,19,43,47,49,29
16/08/2006,3,4,8,25,41,48,22
12/08/2006,3,10,21,23,33,44,43
09/08/2006,13,15,28,29,33,47,25
05/08/2006,2,13,19,25,30,32,40
02/08/2006,6,26,27,33,41,42,24
29/07/2006,13,16,21,42,46,49,8
26/07/2006,3,7,15,38,43,47,32
22/07/2006,2,6,9,20,43,44,46
19/07/2006,8,13,21,22,24,39,4
15/07/2006,13,17,21,33,41,42,38
12/07/2006,6,26,30,38,44,45,16
08/07/2006,11,14,29,33,42,44,7
05/07/2006,2,21,22,29,34,35,7
01/07/2006,11,19,36,41,46,49,38
28/06/2006,3,5,19,20,34,47,31
24/06/2006,2,20,26,29,37,45,17
21/06/2006,4,17,34,39,41,46,26
17/06/2006,11,14,20,25,31,36,48
14/06/2006,10,11,36,38,46,48,26
10/06/2006,18,23,32,34,41,46,49
07/06/2006,11,12,14,27,34,48,8
03/06/2006,8,20,21,27,36,48,11
31/05/2006,11,14,34,40,42,43,6
27/05/2006,9,15,18,34,35,45,6
24/05/2006,1,15,18,19,29,37,5
20/05/2006,15,18,22,31,43,49,26
17/05/2006,9,19,20,24,36,48,10
13/05/2006,2,10,11,16,42,43,21
10/05/2006,3,17,36,44,45,48,8
06/05/2006,6,28,30,31,34,48,47
03/05/2006,1,17,24,29,34,46,27
29/04/2006,4,29,35,40,43,45,9
26/04/2006,1,25,35,36,37,44,15
22/04/2006,21,22,23,24,48,49,3
19/04/2006,3,7,16,18,29,49,32
15/04/2006,2,3,9,21,26,29,42
12/04/2006,11,14,15,29,31,47,19
08/04/2006,1,6,8,10,15,20,34
05/04/2006,10,19,20,35,36,38,26
01/04/2006,4,6,8,12,34,38,14
29/03/2006,1,14,23,35,47,49,5
25/03/2006,17,23,24,33,35,41,47
22/03/2006,8,12,17,23,36,38,43
18/03/2006,1,6,31,37,44,45,19
15/03/2006,2,7,15,23,25,45,41
11/03/2006,12,13,19,20,21,29,38
08/03/2006,11,15,18,33,42,49,21
04/03/2006,7,28,35,40,42,48,46
01/03/2006,9,15,22,33,38,48,10
25/02/2006,7,9,13,23,26,47,28
22/02/2006,8,26,31,35,36,47,24
18/02/2006,17,20,24,28,31,41,25
15/02/2006,12,13,15,32,40,43,47
11/02/2006,5,21,29,30,36,45,49
08/02/2006,19,29,33,40,46,48,34
04/02/2006,2,16,17,29,39,41,11
01/02/2006,2,12,14,41,42,43,20
28/01/2006,9,19,22,33,37,46,35
25/01/2006,7,14,20,21,42,45,18
21/01/2006,3,5,10,21,30,37,8
18/01/2006,3,8,9,20,22,35,4
14/01/2006,11,29,35,36,44,48,30
11/01/2006,12,35,36,43,44,45,46
07/01/2006,5,20,28,30,41,42,16
04/01/2006,6,21,33,42,43,46,25
29/12/2007,7,13,16,24,35,42,1
26/12/2007,8,10,12,14,31,39,9
22/12/2007,8,17,30,36,40,47,24
19/12/2007,6,9,15,32,37,48,38
15/12/2007,3,11,32,34,44,48,33
12/12/2007,6,24,31,32,34,39,22
08/12/2007,2,9,11,22,35,45,31
05/12/2007,1,2,23,29,30,42,12
01/12/2007,16,21,31,40,43,45,37
28/11/2007,7,13,27,37,40,46,11
24/11/2007,1,10,25,27,30,36,41
21/11/2007,2,10,13,15,28,41,38
17/11/2007,14,17,27,41,47,48,24
14/11/2007,3,15,24,25,40,44,39
10/11/2007,3,13,14,17,20,42,40
07/11/2007,4,12,24,25,37,49,33
03/11/2007,8,23,33,40,46,49,37
31/10/2007,2,8,23,25,33,48,43
27/10/2007,12,13,17,34,40,47,9
24/10/2007,8,9,31,42,45,49,19
20/10/2007,7,8,13,26,32,35,41
17/10/2007,12,24,33,36,39,45,28
13/10/2007,1,26,30,32,39,47,21
10/10/2007,9,37,39,45,47,48,4
06/10/2007,5,15,30,35,41,48,6
03/10/2007,3,17,18,24,31,32,42
29/09/2007,9,19,26,29,39,45,33
26/09/2007,21,25,32,35,40,47,6
22/09/2007,5,8,12,15,39,47,40
19/09/2007,5,17,24,36,41,49,39
15/09/2007,9,39,40,43,46,48,24
12/09/2007,10,11,16,21,24,38,23
08/09/2007,3,8,16,20,24,25,23
05/09/2007,17,18,20,22,25,36,11
01/09/2007,11,17,18,28,31,46,42
29/08/2007,7,21,22,24,30,31,29
25/08/2007,9,19,31,35,39,42,1
22/08/2007,2,7,18,32,36,43,22
18/08/2007,2,12,32,34,38,48,43
15/08/2007,3,16,22,27,28,32,5
11/08/2007,1,17,23,34,37,49,13
08/08/2007,2,15,28,41,42,46,3
04/08/2007,9,17,18,20,41,49,46
01/08/2007,7,21,23,37,43,48,35
28/07/2007,1,5,17,32,39,45,40
25/07/2007,8,11,12,18,40,42,17
21/07/2007,9,10,22,29,38,41,11
18/07/2007,2,3,18,31,38,46,17
14/07/2007,10,27,33,38,40,49,21
11/07/2007,4,14,21,29,36,41,46
07/07/2007,10,19,25,31,37,40,1
04/07/2007,20,25,26,39,42,44,10
30/06/2007,6,12,25,43,45,47,31
27/06/2007,7,14,17,19,34,37,11
23/06/2007,7,20,24,37,43,49,21
20/06/2007,4,7,13,41,44,47,19
16/06/2007,3,15,31,33,43,48,24
13/06/2007,2,10,19,36,40,48,18
09/06/2007,10,20,25,41,44,46,6
06/06/2007,2,11,24,31,39,49,9
02/06/2007,8,16,19,32,40,46,28
30/05/2007,3,16,20,27,34,35,38
26/05/2007,6,17,29,32,36,47,37
23/05/2007,4,13,19,23,33,48,16
19/05/2007,8,16,33,37,40,42,35
16/05/2007,11,14,31,33,37,45,9
12/05/2007,5,7,13,27,45,47,11
09/05/2007,11,17,27,32,39,49,19
05/05/2007,1,23,26,28,33,40,10
02/05/2007,22,24,32,33,37,41,46
28/04/2007,3,19,20,23,35,38,48
25/04/2007,3,6,12,19,24,29,40
21/04/2007,17,29,33,43,45,49,18
18/04/2007,14,22,25,30,44,48,1
14/04/2007,6,15,22,26,41,49,9
11/04/2007,6,10,21,24,38,48,26
07/04/2007,10,12,23,26,35,37,47
04/04/2007,5,16,21,25,40,48,31
31/03/2007,4,9,16,32,37,41,5
28/03/2007,7,20,24,25,29,45,36
24/03/2007,1,13,19,26,32,46,28
21/03/2007,3,7,26,30,33,46,32
17/03/2007,13,21,23,27,28,34,31
14/03/2007,12,19,22,34,46,47,36
10/03/2007,9,18,28,37,42,49,24
07/03/2007,7,9,21,29,31,47,12
03/03/2007,3,21,27,37,43,44,9
28/02/2007,3,6,12,15,43,44,37
24/02/2007,4,6,15,33,38,40,13
21/02/2007,5,6,17,21,31,46,49
17/02/2007,13,20,31,36,43,46,19
14/02/2007,10,24,35,40,41,45,39
10/02/2007,8,13,23,37,41,42,26
07/02/2007,4,8,11,27,37,47,21
03/02/2007,10,13,24,27,37,39,14
31/01/2007,2,6,9,11,14,37,25
27/01/2007,6,9,17,20,22,40,7
24/01/2007,6,11,20,26,34,35,2
20/01/2007,24,40,45,47,48,49,7
17/01/2007,5,7,9,30,39,40,25
13/01/2007,1,2,3,19,25,41,31
10/01/2007,9,16,19,41,46,49,4
06/01/2007,19,20,33,43,45,47,38
03/01/2007,4,14,17,20,38,48,7
31/12/2008,5,7,23,33,37,38,26
27/12/2008,6,10,20,23,45,47,11
24/12/2008,11,12,29,32,35,43,26
20/12/2008,4,7,8,10,47,48,6
17/12/2008,11,18,22,28,30,49,25
13/12/2008,4,15,34,36,43,47,9
10/12/2008,6,12,18,27,42,43,7
06/12/2008,4,8,29,37,40,48,45
29/11/2008,9,12,16,26,30,37,27
26/11/2008,11,33,34,42,43,48,7
22/11/2008,9,21,28,37,44,49,19
19/11/2008,24,28,34,38,44,45,35
15/11/2008,8,9,12,16,19,21,47
12/11/2008,12,30,34,38,39,43,36
08/11/2008,2,3,19,28,36,45,39
05/11/2008,4,13,17,27,35,45,34
01/11/2008,18,25,33,40,42,49,19
29/10/2008,1,3,26,33,42,46,45
25/10/2008,4,9,25,26,41,46,40
22/10/2008,8,9,12,20,42,45,39
18/10/2008,11,13,26,32,34,44,2
15/10/2008,7,9,15,21,38,40,13
11/10/2008,7,8,23,38,39,45,47
08/10/2008,4,13,19,32,40,45,28
04/10/2008,12,19,23,25,36,46,2
01/10/2008,2,8,22,29,34,48,47
27/09/2008,11,19,29,33,44,46,34
24/09/2008,10,27,36,40,42,43,37
20/09/2008,2,10,24,31,33,49,3
17/09/2008,7,9,17,23,27,32,22
13/09/2008,5,18,20,26,37,39,14
10/09/2008,2,15,25,31,38,49,48
06/09/2008,2,5,9,17,32,35,36
03/09/2008,5,21,28,32,43,46,13
30/08/2008,2,26,29,36,37,45,31
27/08/2008,2,12,25,28,35,48,3
23/08/2008,3,7,13,30,38,46,24
20/08/2008,3,6,9,27,28,36,45
16/08/2008,12,16,19,32,42,49,3
13/08/2008,1,16,28,29,39,45,23
09/08/2008,1,34,37,39,40,42,11
06/08/2008,10,18,22,26,34,38,39
02/08/2008,2,9,26,44,47,49,34
30/07/2008,3,10,21,26,38,43,48
26/07/2008,2,6,20,23,38,45,24
23/07/2008,7,9,25,35,40,48,1
19/07/2008,10,20,28,36,40,46,23
16/07/2008,3,10,16,17,25,39,19
12/07/2008,15,18,19,21,24,35,37
09/07/2008,2,25,28,40,45,46,34
05/07/2008,2,7,8,32,43,49,48
02/07/2008,12,18,19,35,42,43,44
28/06/2008,4,16,20,23,28,44,32
25/06/2008,1,23,29,34,37,45,8
21/06/2008,6,7,14,16,17,27,32
18/06/2008,2,12,31,40,44,45,11
14/06/2008,6,9,14,18,42,44,36
11/06/2008,2,24,33,35,44,48,37
07/06/2008,27,29,33,36,46,48,24
04/06/2008,5,21,25,32,33,41,45
31/05/2008,2,9,11,22,34,35,26
28/05/2008,3,4,22,23,26,28,8
24/05/2008,3,16,22,39,42,49,28
21/05/2008,3,4,7,19,28,32,6
17/05/2008,5,21,35,38,47,48,45
14/05/2008,9,20,22,28,35,42,15
10/05/2008,13,15,17,26,34,48,25
07/05/2008,13,22,29,33,46,49,18
03/05/2008,3,6,15,27,40,44,41
30/04/2008,3,6,19,23,39,43,14
26/04/2008,1,2,18,38,42,45,30
23/04/2008,12,24,25,29,41,45,14
19/04/2008,5,27,30,32,46,49,9
16/04/2008,13,25,34,35,47,48,22
12/04/2008,1,13,23,35,38,42,22
09/04/2008,20,21,22,29,39,41,25
05/04/2008,16,18,21,27,36,43,44
02/04/2008,2,5,8,20,21,33,11
29/03/2008,4,7,10,12,26,33,24
26/03/2008,1,6,15,27,33,40,46
22/03/2008,5,6,10,25,36,38,7
19/03/2008,23,40,41,42,44,45,43
15/03/2008,3,9,11,19,30,39,20
12/03/2008,3,11,22,29,41,44,48
08/03/2008,11,12,13,16,46,48,28
05/03/2008,17,20,33,35,37,40,25
01/03/2008,3,7,9,28,31,43,2
27/02/2008,2,4,17,33,36,45,35
23/02/2008,4,14,20,31,32,42,18
20/02/2008,1,6,8,38,39,40,31
16/02/2008,19,29,33,35,44,49,22
13/02/2008,14,24,26,29,41,46,22
09/02/2008,3,17,26,33,39,46,18
06/02/2008,2,4,11,30,34,47,42
02/02/2008,7,11,13,34,46,47,9
30/01/2008,1,20,21,23,40,41,12
26/01/2008,1,5,11,37,44,47,36
23/01/2008,6,10,13,20,32,37,34
19/01/2008,13,18,22,29,37,49,47
16/01/2008,7,15,34,39,41,49,22
12/01/2008,3,10,32,43,44,46,35
09/01/2008,5,22,25,30,45,46,41
05/01/2008,3,22,25,36,39,40,41
02/01/2008,4,6,7,16,32,45,43
30/12/2009,5,9,23,30,34,36,24
26/12/2009,5,14,34,38,40,43,36
23/12/2009,1,5,9,11,22,38,27
19/12/2009,12,15,19,41,42,49,48
16/12/2009,4,22,23,46,48,49,18
12/12/2009,16,20,26,31,38,49,42
09/12/2009,1,15,17,26,28,38,44
05/12/2009,8,10,14,22,28,29,2
02/12/2009,2,4,24,25,47,48,44
28/11/2009,17,26,27,28,33,49,43
25/11/2009,5,10,16,19,33,47,24
21/11/2009,18,25,35,43,46,47,4
18/11/2009,2,4,13,24,30,42,9
14/11/2009,1,9,19,25,31,41,42
11/11/2009,1,19,23,24,25,43,5
07/11/2009,12,15,18,25,29,32,14
04/11/2009,2,7,8,18,20,37,12
31/10/2009,5,24,31,34,35,44,46
28/10/2009,18,26,32,34,43,44,37
24/10/2009,5,13,25,34,36,46,41
21/10/2009,2,11,29,32,48,49,34
17/10/2009,8,17,24,34,42,46,5
14/10/2009,4,17,19,22,24,46,30
10/10/2009,5,11,12,22,23,26,41
07/10/2009,2,4,12,24,36,38,16
03/10/2009,14,19,27,32,45,49,34
30/09/2009,4,10,29,33,39,46,2
26/09/2009,5,6,14,18,30,35,2
23/09/2009,4,8,11,12,34,43,22
19/09/2009,1,7,23,29,30,33,9
16/09/2009,6,17,36,41,42,49,1
12/09/2009,3,12,13,36,46,48,9
09/09/2009,3,6,17,27,28,44,43
05/09/2009,12,13,27,32,45,46,18
02/09/2009,4,6,9,30,33,49,13
29/08/2009,9,10,26,29,32,37,12
26/08/2009,4,6,9,29,33,49,15
22/08/2009,15,19,23,38,43,49,33
19/08/2009,5,6,22,23,25,27,32
15/08/2009,5,6,15,31,38,39,36
12/08/2009,7,10,31,32,42,47,30
08/08/2009,11,22,31,32,40,49,13
05/08/2009,2,5,12,31,34,48,44
01/08/2009,13,14,24,31,40,48,44
29/07/2009,3,23,29,37,44,45,39
25/07/2009,10,19,29,32,38,44,3
22/07/2009,8,14,24,36,40,42,19
18/07/2009,2,4,15,39,45,49,37
15/07/2009,3,5,16,26,40,45,31
11/07/2009,9,11,18,23,29,40,26
08/07/2009,12,32,35,36,37,46,23
04/07/2009,1,14,23,27,32,44,48
01/07/2009,2,5,19,26,29,31,28
27/06/2009,5,15,28,31,32,45,11
24/06/2009,13,19,23,33,38,48,2
20/06/2009,4,5,19,28,31,38,34
17/06/2009,4,5,8,15,19,40,22
13/06/2009,1,15,20,30,41,48,10
10/06/2009,9,27,28,40,45,48,24
06/06/2009,11,12,18,21,30,37,1
03/06/2009,5,6,14,30,38,39,34
30/05/2009,1,7,19,21,39,45,42
27/05/2009,3,4,24,26,29,49,13
23/05/2009,7,8,15,24,27,32,34
20/05/2009,4,22,26,29,39,48,31
16/05/2009,16,17,23,27,30,45,39
13/05/2009,6,10,24,28,31,46,25
09/05/2009,14,19,23,31,34,39,24
06/05/2009,1,4,9,20,30,44,18
02/05/2009,8,15,17,22,30,40,11
29/04/2009,8,20,22,29,33,49,48
25/04/2009,1,11,17,29,31,46,35
22/04/2009,10,12,21,38,41,42,28
18/04/2009,4,5,21,33,42,47,24
15/04/2009,6,13,23,34,41,43,27
11/04/2009,5,6,7,11,17,34,48
08/04/2009,2,5,13,24,35,43,18
04/04/2009,17,20,22,37,40,48,33
01/04/2009,4,6,24,32,46,48,8
28/03/2009,6,10,33,39,40,48,43
25/03/2009,9,16,34,42,44,48,13
18/03/2009,11,27,29,33,34,44,36
14/03/2009,4,11,13,16,41,45,35
11/03/2009,2,18,20,23,24,48,30
07/03/2009,8,12,14,22,29,49,11
04/03/2009,7,15,23,25,27,40,43
28/02/2009,2,8,26,46,48,49,34
25/02/2009,5,11,26,31,36,39,4
21/02/2009,11,20,33,34,37,39,22
18/02/2009,11,17,34,37,41,49,5
14/02/2009,16,25,29,37,45,49,20
11/02/2009,1,6,17,19,41,42,31
07/02/2009,14,20,24,30,34,37,31
04/02/2009,15,16,22,31,43,44,32
31/01/2009,14,15,20,28,34,39,41
28/01/2009,1,6,20,22,24,46,36
24/01/2009,9,13,20,29,45,46,5
21/01/2009,8,32,34,39,43,48,25
17/01/2009,8,12,20,28,39,47,10
14/01/2009,20,35,36,37,39,49,38
10/01/2009,11,17,18,25,27,34,19
07/01/2009,10,13,19,35,39,41,4
03/01/2009,4,13,17,25,36,48,28
29/12/2010,6,11,19,21,39,49,28
25/12/2010,2,12,23,26,27,31,20
22/12/2010,3,5,10,11,35,45,33
18/12/2010,5,7,13,33,37,39,44
15/12/2010,1,5,8,11,29,33,36
11/12/2010,2,7,13,17,27,41,8
08/12/2010,1,6,7,8,22,46,17
04/12/2010,9,12,16,24,25,38,31
01/12/2010,2,11,12,29,40,42,35
27/11/2010,4,13,23,24,37,47,45
24/11/2010,5,11,26,28,35,46,49
20/11/2010,1,10,13,23,41,43,39
17/11/2010,3,12,14,16,29,38,23
13/11/2010,5,15,27,35,38,47,23
10/11/2010,4,5,17,30,36,38,45
06/11/2010,2,20,29,33,40,44,25
03/11/2010,10,11,16,19,28,40,8
30/10/2010,10,15,24,29,35,38,8
27/10/2010,2,16,20,23,33,43,6
23/10/2010,2,13,21,22,40,44,37
20/10/2010,9,10,14,15,19,29,35
16/10/2010,20,28,32,36,42,46,21
13/10/2010,2,3,23,29,34,36,17
09/10/2010,1,8,15,36,38,49,16
06/10/2010,10,20,24,32,37,47,49
02/10/2010,7,13,18,23,26,27,46
29/09/2010,1,7,19,31,35,44,36
25/09/2010,7,11,15,30,31,45,23
22/09/2010,13,19,29,30,33,49,5
18/09/2010,1,14,17,19,40,42,30
15/09/2010,6,11,21,26,34,41,24
11/09/2010,3,9,11,13,27,45,5
08/09/2010,4,6,11,45,46,47,48
04/09/2010,11,13,17,18,20,45,41
01/09/2010,13,32,35,39,46,48,5
28/08/2010,1,4,7,25,30,45,6
25/08/2010,5,8,20,26,31,36,15
21/08/2010,7,10,15,26,36,41,21
18/08/2010,3,7,12,25,28,37,16
14/08/2010,9,20,22,23,26,44,5
11/08/2010,3,10,12,20,26,27,47
07/08/2010,10,14,18,41,42,47,16
04/08/2010,5,8,13,22,35,40,9
31/07/2010,1,35,38,40,47,48,29
28/07/2010,2,15,27,30,34,36,31
24/07/2010,3,6,26,32,43,49,29
21/07/2010,13,14,15,17,28,36,29
17/07/2010,24,26,28,37,43,48,8
14/07/2010,4,17,20,31,36,40,37
10/07/2010,13,14,16,28,34,42,26
07/07/2010,3,8,18,34,44,49,30
03/07/2010,9,12,19,29,38,47,18
30/06/2010,4,14,24,26,34,43,1
26/06/2010,1,10,16,25,36,38,29
23/06/2010,16,18,21,36,46,48,47
19/06/2010,11,18,27,29,32,39,1
16/06/2010,2,5,9,20,25,32,30
12/06/2010,3,11,14,20,41,47,9
09/06/2010,12,13,25,30,37,41,48
05/06/2010,30,31,32,34,36,49,9
02/06/2010,15,19,30,31,34,37,7
29/05/2010,18,32,40,41,47,49,7
26/05/2010,12,13,33,43,46,49,48
22/05/2010,7,8,19,23,30,46,4
19/05/2010,27,28,35,40,43,48,20
15/05/2010,3,5,8,15,33,35,14
12/05/2010,8,9,20,26,28,29,38
08/05/2010,4,10,21,39,45,48,12
05/05/2010,12,13,15,31,47,49,28
01/05/2010,4,7,10,22,25,33,49
28/04/2010,6,24,27,34,36,42,18
24/04/2010,3,10,14,36,38,40,23
21/04/2010,12,19,22,36,40,46,17
17/04/2010,4,11,12,25,42,43,44
14/04/2010,9,12,20,28,33,46,10
10/04/2010,7,9,23,25,27,41,15
07/04/2010,3,10,13,22,34,43,46
03/04/2010,1,2,13,17,24,39,34
31/03/2010,27,28,33,37,48,49,5
27/03/2010,2,4,9,22,43,44,29
24/03/2010,5,19,27,32,44,46,25
20/03/2010,9,11,15,34,35,42,47
17/03/2010,5,6,21,38,42,45,46
13/03/2010,3,13,15,28,41,47,40
10/03/2010,8,12,28,30,38,48,2
06/03/2010,7,9,14,24,25,44,28
03/03/2010,10,19,23,24,33,38,21
27/02/2010,4,6,14,23,25,36,27
24/02/2010,4,13,18,21,22,42,3
20/02/2010,13,15,18,20,23,26,17
17/02/2010,14,16,34,41,45,49,5
13/02/2010,1,9,23,28,37,39,12
10/02/2010,13,24,30,32,37,48,49
06/02/2010,4,12,14,15,21,23,13
03/02/2010,9,24,29,35,37,40,21
30/01/2010,2,31,32,34,40,49,5
27/01/2010,14,17,19,21,40,42,26
23/01/2010,29,35,36,38,41,43,47
20/01/2010,13,17,25,40,45,47,42
16/01/2010,12,21,25,30,41,43,48
13/01/2010,26,28,30,39,40,48,27
09/01/2010,7,9,10,27,28,40,42
06/01/2010,10,12,15,23,26,44,30
02/01/2010,16,22,25,33,39,48,28
31/12/2011,2,11,21,28,31,44,36
28/12/2011,1,22,28,38,47,48,29
24/12/2011,1,18,25,26,36,39,29
21/12/2011,12,16,19,34,41,47,20
17/12/2011,3,5,24,27,38,46,42
14/12/2011,13,20,22,29,32,33,16
10/12/2011,3,7,15,35,36,40,13
07/12/2011,6,8,24,27,31,41,48
03/12/2011,8,24,34,38,41,42,22
30/11/2011,12,15,23,36,43,47,40
26/11/2011,2,18,23,35,47,48,9
23/11/2011,10,13,15,30,34,44,21
19/11/2011,3,4,14,18,28,31,47
16/11/2011,15,25,28,32,35,42,45
12/11/2011,3,4,20,34,39,48,2
09/11/2011,12,30,36,37,40,48,32
05/11/2011,14,18,22,34,36,43,3
02/11/2011,3,22,32,40,45,48,4
29/10/2011,5,8,13,16,40,49,20
26/10/2011,1,2,38,39,40,49,44
22/10/2011,8,18,20,30,32,46,22
19/10/2011,9,14,17,20,44,45,33
15/10/2011,14,24,27,36,39,42,3
12/10/2011,6,7,12,20,38,40,43
08/10/2011,7,13,14,16,22,48,32
05/10/2011,7,10,13,19,26,29,23
01/10/2011,8,15,24,25,30,35,13
28/09/2011,2,14,29,32,41,44,3
24/09/2011,3,8,15,16,20,46,35
21/09/2011,1,23,30,38,45,48,3
17/09/2011,15,17,19,23,27,38,7
14/09/2011,12,26,28,31,33,45,27
10/09/2011,17,18,25,31,42,49,28
07/09/2011,10,15,29,32,34,40,6
03/09/2011,14,15,25,32,41,42,49
31/08/2011,11,16,25,35,38,41,37
27/08/2011,11,14,19,20,21,47,45
24/08/2011,12,15,18,29,33,46,48
20/08/2011,6,11,18,20,21,34,47
17/08/2011,7,18,23,24,27,32,26
13/08/2011,28,35,42,45,46,49,27
10/08/2011,9,18,24,27,29,43,5
06/08/2011,9,21,28,31,34,37,2
03/08/2011,6,17,21,28,31,38,43
30/07/2011,6,7,10,19,21,45,16
27/07/2011,2,3,15,23,41,46,10
23/07/2011,3,5,11,23,33,34,24
20/07/2011,2,21,23,30,34,42,46
16/07/2011,2,12,23,35,39,49,44
13/07/2011,2,8,28,29,34,44,38
09/07/2011,4,7,23,31,33,36,22
06/07/2011,14,25,31,36,44,47,37
02/07/2011,2,16,30,41,44,48,21
29/06/2011,3,15,23,33,39,47,41
25/06/2011,4,17,23,31,45,48,29
22/06/2011,5,7,16,27,37,49,25
18/06/2011,4,9,14,21,34,45,25
15/06/2011,2,4,22,25,28,31,17
11/06/2011,6,7,8,9,20,28,22
08/06/2011,7,10,21,22,38,39,11
04/06/2011,19,20,27,29,33,45,41
01/06/2011,18,23,27,44,46,47,29
28/05/2011,11,13,17,21,43,49,5
25/05/2011,5,32,37,38,39,42,22
21/05/2011,7,8,17,22,24,30,37
18/05/2011,1,39,42,45,48,49,29
14/05/2011,12,29,30,36,39,45,20
11/05/2011,14,20,30,34,37,45,15
07/05/2011,2,23,24,27,36,48,16
04/05/2011,8,9,26,39,46,47,38
30/04/2011,1,6,7,24,30,48,4
27/04/2011,3,8,31,42,44,48,33
23/04/2011,1,8,18,27,35,45,47
20/04/2011,12,15,33,34,38,43,30
16/04/2011,5,7,11,12,33,39,28
13/04/2011,3,8,15,20,26,45,12
09/04/2011,17,23,24,40,45,48,18
06/04/2011,1,3,23,26,35,38,11
02/04/2011,16,21,26,28,45,46,49
30/03/2011,8,15,17,29,36,44,16
26/03/2011,4,6,21,22,42,43,12
23/03/2011,5,10,11,21,24,43,32
19/03/2011,7,25,28,31,36,45,49
16/03/2011,1,3,15,19,36,37,2
12/03/2011,6,9,17,23,26,36,42
09/03/2011,4,7,18,21,41,46,37
05/03/2011,19,21,27,33,36,38,3
02/03/2011,27,28,31,41,42,43,46
26/02/2011,3,16,17,31,33,46,37
23/02/2011,5,6,15,24,35,48,39
19/02/2011,10,16,20,26,34,48,40
16/02/2011,10,15,29,30,44,45,28
12/02/2011,3,15,22,31,43,47,42
09/02/2011,17,19,21,33,34,46,47
05/02/2011,20,25,32,39,40,44,48
02/02/2011,4,11,18,27,28,46,39
29/01/2011,3,4,16,35,40,44,32
26/01/2011,4,6,22,24,31,40,33
22/01/2011,4,5,9,12,33,36,38
19/01/2011,7,13,18,21,23,24,48
15/01/2011,10,15,35,42,44,47,39
12/01/2011,4,9,15,27,28,46,18
08/01/2011,5,6,11,16,24,40,10
05/01/2011,1,3,8,12,32,47,19
01/01/2011,8,15,39,44,45,49,29
29/12/2012,1,26,33,36,45,48,22
26/12/2012,3,5,26,27,37,39,21
22/12/2012,8,10,14,16,18,35,43
19/12/2012,1,13,16,30,33,48,49
15/12/2012,11,22,36,37,43,48,7
12/12/2012,6,7,24,27,28,46,44
08/12/2012,2,12,22,42,43,46,5
05/12/2012,4,26,34,38,41,46,44
01/12/2012,7,22,28,32,34,38,20
28/11/2012,3,6,13,29,36,38,33
24/11/2012,6,32,35,36,40,45,48
21/11/2012,10,16,21,31,33,36,27
17/11/2012,3,4,20,31,41,48,15
14/11/2012,15,20,29,36,38,42,27
10/11/2012,6,22,23,41,44,49,48
07/11/2012,20,36,42,43,45,48,5
03/11/2012,9,22,34,35,46,47,26
31/10/2012,4,8,17,23,34,47,30
27/10/2012,11,15,16,17,31,40,6
24/10/2012,9,10,11,24,34,42,5
20/10/2012,13,14,21,24,32,35,18
17/10/2012,4,20,22,23,42,44,41
13/10/2012,6,14,26,27,34,46,37
10/10/2012,8,22,37,40,41,44,4
06/10/2012,20,24,27,40,44,45,35
03/10/2012,5,15,20,25,28,33,39
29/09/2012,2,7,18,20,41,48,29
26/09/2012,2,5,9,13,22,38,37
22/09/2012,4,19,22,24,32,33,21
19/09/2012,7,9,18,22,28,38,26
15/09/2012,9,10,12,19,24,31,17
12/09/2012,3,29,33,36,39,45,37
08/09/2012,1,4,6,24,26,29,12
05/09/2012,15,21,23,26,28,48,6
01/09/2012,2,5,20,30,39,45,25
29/08/2012,3,5,8,14,24,34,38
25/08/2012,4,12,17,18,34,44,21
22/08/2012,9,13,19,32,41,49,17
18/08/2012,7,14,15,23,35,37,36
15/08/2012,1,6,12,19,24,31,5
11/08/2012,17,20,22,35,38,48,36
08/08/2012,6,8,18,20,40,42,36
04/08/2012,3,8,23,25,29,47,32
01/08/2012,1,14,17,29,36,37,13
28/07/2012,6,10,22,30,35,49,17
25/07/2012,1,20,27,36,40,42,14
21/07/2012,11,21,35,37,46,47,32
18/07/2012,1,11,12,17,32,40,14
14/07/2012,13,17,22,29,36,45,47
11/07/2012,5,8,14,18,43,49,37
07/07/2012,3,20,27,29,38,44,45
04/07/2012,15,20,22,25,27,41,28
30/06/2012,12,22,31,32,35,47,4
27/06/2012,4,10,19,24,32,35,1
23/06/2012,12,19,28,34,36,41,1
20/06/2012,1,6,10,26,31,38,11
16/06/2012,1,8,19,26,37,44,16
13/06/2012,7,11,15,22,37,44,16
09/06/2012,8,18,29,37,38,44,48
06/06/2012,8,21,22,26,30,39,7
02/06/2012,7,22,27,29,33,39,40
30/05/2012,2,21,36,37,45,47,15
26/05/2012,23,31,33,38,46,49,17
23/05/2012,2,3,7,13,32,40,8
19/05/2012,14,17,21,27,37,46,39
16/05/2012,2,3,12,15,19,49,5
12/05/2012,4,5,10,34,37,45,7
09/05/2012,2,6,15,19,24,38,9
05/05/2012,5,6,30,32,45,46,41
02/05/2012,18,19,33,40,44,47,10
28/04/2012,9,21,22,42,44,48,28
25/04/2012,15,18,26,33,36,39,35
21/04/2012,2,8,10,20,28,38,29
18/04/2012,6,10,11,16,32,36,42
14/04/2012,14,16,18,20,26,47,13
11/04/2012,1,2,16,24,36,49,33
07/04/2012,2,13,16,32,39,44,27
04/04/2012,18,23,25,26,45,48,16
31/03/2012,33,35,36,39,48,49,42
28/03/2012,5,10,12,18,25,45,15
24/03/2012,11,20,23,28,40,45,14
21/03/2012,23,27,32,37,38,45,35
17/03/2012,1,2,9,15,17,37,30
14/03/2012,6,9,11,12,19,20,47
10/03/2012,4,17,25,26,39,49,10
07/03/2012,5,7,39,41,45,46,25
03/03/2012,9,19,20,31,41,45,42
29/02/2012,5,6,8,9,11,40,28
25/02/2012,2,22,30,33,35,42,14
22/02/2012,1,12,22,35,42,44,40
18/02/2012,4,12,14,21,22,37,28
15/02/2012,3,19,21,41,43,47,9
11/02/2012,6,13,19,32,43,44,9
08/02/2012,7,22,23,26,40,48,39
04/02/2012,8,10,12,22,26,28,24
01/02/2012,2,7,9,18,23,38,14
28/01/2012,5,6,17,39,44,48,29
25/01/2012,2,12,20,35,41,49,36
21/01/2012,9,11,31,34,48,49,41
18/01/2012,4,7,10,27,37,49,44
14/01/2012,1,3,7,11,38,40,37
11/01/2012,9,10,11,18,39,45,23
07/01/2012,6,8,11,25,28,45,7
04/01/2012,1,8,11,21,24,41,45
28/12/2013,13,20,23,34,38,46,18
25/12/2013,4,18,23,32,34,47,44
21/12/2013,1,2,10,19,22,44,41
18/12/2013,2,4,16,20,25,46,23
14/12/2013,13,18,19,20,35,40,14
11/12/2013,4,15,28,31,37,44,35
07/12/2013,2,8,11,15,24,27,44
04/12/2013,10,12,16,23,41,42,19
30/11/2013,2,18,22,25,37,39,1
27/11/2013,8,9,15,23,40,48,19
23/11/2013,3,5,13,16,44,48,2
20/11/2013,20,26,35,37,46,48,9
16/11/2013,9,12,17,20,21,37,31
13/11/2013,3,8,15,17,29,33,10
09/11/2013,4,8,30,43,46,48,44
06/11/2013,21,26,32,34,36,39,28
02/11/2013,9,12,13,26,35,43,2
30/10/2013,4,9,24,41,47,48,46
26/10/2013,3,5,16,20,27,45,7
23/10/2013,6,12,14,20,21,26,33
19/10/2013,3,4,6,23,33,44,31
16/10/2013,3,10,17,18,19,23,38
12/10/2013,7,12,20,22,26,35,13
09/10/2013,18,22,24,30,43,48,42
05/10/2013,2,12,18,26,35,36,7
02/10/2013,2,10,16,36,40,45,11
28/09/2013,8,16,18,26,28,37,5
25/09/2013,5,19,22,29,31,32,7
21/09/2013,7,19,21,29,31,36,42
18/09/2013,13,22,23,31,35,45,33
14/09/2013,6,26,41,42,47,48,31
11/09/2013,13,21,22,26,35,40,15
07/09/2013,2,4,15,29,32,40,26
04/09/2013,2,7,12,21,25,47,6
31/08/2013,5,6,24,29,35,39,44
28/08/2013,13,17,19,22,28,46,38
24/08/2013,2,8,32,36,47,49,33
21/08/2013,4,12,28,31,39,46,42
17/08/2013,1,6,13,29,37,39,17
14/08/2013,14,20,28,31,44,49,34
10/08/2013,8,23,25,32,33,48,28
07/08/2013,19,21,29,32,34,47,8
03/08/2013,2,3,9,17,29,40,41
31/07/2013,5,15,30,42,46,49,35
27/07/2013,3,15,17,20,27,43,30
24/07/2013,2,5,12,22,44,48,10
20/07/2013,3,20,24,26,37,47,35
17/07/2013,11,12,16,29,38,43,25
13/07/2013,2,11,14,22,41,42,13
10/07/2013,7,8,11,19,25,46,17
06/07/2013,21,23,24,33,38,44,45
03/07/2013,16,17,19,22,40,43,10
29/06/2013,4,11,12,14,25,37,36
26/06/2013,1,3,23,33,40,48,42
22/06/2013,3,4,5,12,23,33,27
19/06/2013,8,23,25,28,34,39,47
15/06/2013,5,8,13,14,17,30,1
12/06/2013,4,8,16,25,33,36,21
08/06/2013,8,11,19,42,46,47,27
05/06/2013,5,15,19,31,42,47,20
01/06/2013,2,7,24,37,38,40,9
29/05/2013,21,28,34,35,48,49,18
25/05/2013,9,17,32,41,42,44,3
22/05/2013,1,20,24,33,37,43,42
18/05/2013,5,24,26,28,33,45,31
15/05/2013,11,14,21,24,25,43,12
11/05/2013,2,10,16,21,24,49,30
08/05/2013,12,21,23,24,38,46,36
04/05/2013,8,9,13,22,35,36,6
01/05/2013,1,2,32,33,38,49,42
27/04/2013,9,28,35,36,48,49,6
24/04/2013,10,20,30,38,41,44,15
20/04/2013,1,10,11,19,21,41,27
17/04/2013,18,25,26,41,45,49,23
13/04/2013,2,10,17,19,44,47,40
10/04/2013,1,9,12,29,30,42,22
06/04/2013,11,19,27,28,30,39,21
03/04/2013,20,26,27,32,36,46,49
30/03/2013,26,30,34,35,38,41,48
27/03/2013,2,8,11,26,27,33,17
23/03/2013,1,2,7,10,33,38,13
20/03/2013,9,14,24,43,45,46,22
16/03/2013,4,14,16,25,45,47,27
13/03/2013,1,4,11,16,26,46,31
09/03/2013,15,18,24,28,29,49,2
06/03/2013,1,5,14,27,30,41,3
02/03/2013,6,29,31,33,40,43,48
27/02/2013,11,15,19,25,34,39,22
23/02/2013,4,12,19,21,26,41,40
20/02/2013,23,31,41,45,46,49,3
16/02/2013,3,5,13,33,34,44,8
13/02/2013,17,18,21,25,35,47,16
09/02/2013,7,17,30,33,42,49,40
02/02/2013,4,15,22,27,29,31,47
30/01/2013,1,14,21,23,29,46,26
26/01/2013,23,27,35,40,43,44,13
23/01/2013,2,5,16,25,30,40,19
19/01/2013,1,4,6,13,20,44,28
16/01/2013,14,21,27,34,37,38,10
12/01/2013,6,16,29,30,33,36,15
09/01/2013,14,17,33,34,43,44,5
05/01/2013,24,29,34,36,41,42,45
02/01/2013,10,14,15,39,43,49,9
31/12/2014,6,7,8,29,35,45,12
27/12/2014,7,22,26,27,42,47,28
24/12/2014,1,3,21,24,31,46,30
20/12/2014,9,17,22,35,38,43,15
17/12/2014,2,5,15,20,38,39,35
13/12/2014,14,23,25,31,33,38,5
10/12/2014,1,2,7,16,27,30,18
06/12/2014,15,17,18,19,34,44,10
03/12/2014,1,3,4,24,28,36,6
29/11/2014,9,20,24,26,43,47,45
26/11/2014,5,10,11,12,32,33,39
22/11/2014,5,7,20,24,37,49,32
19/11/2014,5,7,20,25,36,46,24
15/11/2014,1,3,23,35,41,46,18
12/11/2014,2,17,20,41,42,44,4
08/11/2014,3,9,10,28,34,40,46
05/11/2014,23,29,31,38,40,42,44
01/11/2014,3,5,26,37,39,45,7
29/10/2014,6,25,29,34,39,44,22
25/10/2014,10,20,23,31,33,45,38
22/10/2014,10,13,24,29,31,32,7
18/10/2014,6,30,35,37,41,43,22
15/10/2014,4,11,14,25,30,36,32
11/10/2014,3,4,6,17,30,34,36
08/10/2014,9,12,15,17,42,49,34
04/10/2014,8,13,27,35,45,49,9
01/10/2014,17,21,27,37,48,49,11
27/09/2014,2,18,22,27,44,45,49
24/09/2014,15,28,34,40,41,43,5
20/09/2014,4,10,20,23,27,45,48
17/09/2014,3,8,10,19,31,33,40
13/09/2014,2,7,17,31,39,43,40
10/09/2014,7,11,13,15,20,44,9
06/09/2014,4,6,17,28,35,46,18
03/09/2014,5,13,15,22,45,47,27
30/08/2014,3,24,25,33,40,48,2
27/08/2014,20,21,34,42,44,45,35
23/08/2014,10,17,24,28,31,46,15
20/08/2014,7,8,10,20,30,31,3
16/08/2014,9,18,41,42,48,49,10
13/08/2014,8,16,21,39,44,45,11
09/08/2014,2,12,30,32,37,40,39
06/08/2014,8,10,11,21,24,44,12
02/08/2014,4,10,14,19,36,41,48
30/07/2014,13,24,25,29,43,45,42
26/07/2014,6,16,18,30,37,39,7
23/07/2014,20,29,33,35,38,43,1
19/07/2014,18,30,38,43,46,47,36
16/07/2014,1,20,25,27,37,46,7
12/07/2014,2,3,7,14,41,42,40
09/07/2014,20,25,28,31,37,41,16
05/07/2014,11,19,30,33,38,41,24
02/07/2014,13,20,27,28,47,49,15
28/06/2014,10,28,32,37,43,46,45
25/06/2014,1,10,24,28,39,45,43
21/06/2014,13,20,26,27,31,39,12
18/06/2014,15,21,22,28,38,45,43
14/06/2014,7,15,25,38,44,47,10
11/06/2014,4,27,33,38,41,46,14
07/06/2014,3,24,28,40,43,48,15
04/06/2014,7,11,12,13,35,41,18
31/05/2014,19,28,30,32,37,45,44
28/05/2014,13,23,28,31,34,38,8
24/05/2014,5,9,37,43,46,48,14
21/05/2014,23,34,43,44,47,49,45
17/05/2014,24,33,35,40,43,49,16
14/05/2014,2,25,27,28,31,47,20
10/05/2014,16,23,33,36,48,49,37
07/05/2014,4,7,12,20,40,49,14
03/05/2014,1,7,11,17,27,47,34
30/04/2014,3,9,25,32,35,45,23
26/04/2014,3,11,12,19,21,29,9
23/04/2014,22,25,35,40,45,46,38
19/04/2014,6,15,40,41,42,44,4
16/04/2014,3,16,26,40,41,49,14
12/04/2014,2,7,35,36,42,45,30
09/04/2014,8,12,20,27,32,43,17
05/04/2014,13,16,17,23,27,37,3
02/04/2014,9,11,32,36,38,40,26
29/03/2014,15,22,25,26,42,43,9
26/03/2014,2,18,35,42,45,47,43
22/03/2014,3,6,12,14,25,28,36
19/03/2014,13,24,28,34,45,49,21
15/03/2014,2,7,11,16,47,48,20
12/03/2014,6,12,14,17,30,49,16
08/03/2014,11,16,18,33,34,35,28
05/03/2014,7,26,31,38,46,47,12
01/03/2014,3,8,16,23,34,44,41
26/02/2014,24,25,26,30,34,39,3
22/02/2014,9,13,19,22,33,34,20
19/02/2014,2,7,15,24,37,45,13
15/02/2014,1,8,37,39,44,45,21
12/02/2014,3,12,16,20,28,31,37
08/02/2014,2,5,16,36,41,43,25
05/02/2014,3,16,18,21,28,47,5
01/02/2014,10,14,18,27,31,48,1
29/01/2014,17,29,36,39,46,49,30
25/01/2014,6,15,22,23,41,43,37
22/01/2014,4,16,18,25,36,40,11
18/01/2014,2,15,33,36,42,49,13
15/01/2014,2,15,25,27,38,46,33
11/01/2014,3,11,15,21,23,33,32
08/01/2014,1,12,17,22,29,44,35
04/01/2014,1,15,21,22,38,39,19
01/01/2014,4,6,7,11,12,40,15
30/12/2015,17,19,21,30,39,44,16
26/12/2015,12,16,22,29,35,40,8
23/12/2015,5,9,17,31,38,46,10
19/12/2015,4,15,20,23,27,49,25
16/12/2015,7,20,33,36,39,48,21
12/12/2015,2,10,18,20,30,41,38
09/12/2015,4,20,26,37,45,46,6
05/12/2015,10,11,17,24,26,29,12
02/12/2015,5,20,33,34,38,48,21
28/11/2015,4,7,13,15,27,28,30
25/11/2015,1,2,3,4,29,48,21
21/11/2015,7,16,28,29,48,49,9
18/11/2015,3,8,25,27,36,38,32
14/11/2015,5,8,23,39,41,48,26
11/11/2015,8,13,20,24,37,42,22
07/11/2015,2,3,9,17,20,21,11
04/11/2015,2,4,20,35,39,42,28
31/10/2015,3,14,20,28,40,44,48
28/10/2015,8,9,15,26,37,48,12
24/10/2015,1,13,28,34,37,45,32
21/10/2015,8,17,22,33,40,49,27
17/10/2015,4,5,6,22,29,30,20
14/10/2015,23,31,32,34,35,44,10
10/10/2015,8,12,22,27,35,41,16
07/10/2015,4,10,19,31,38,43,5
03/10/2015,1,3,15,27,31,36,33
30/09/2015,1,6,8,13,21,26,3
26/09/2015,6,13,14,24,32,34,12
23/09/2015,7,13,19,35,42,44,46
19/09/2015,12,15,17,21,25,32,14
16/09/2015,1,2,9,12,21,39,44
12/09/2015,9,10,26,29,38,42,33
09/09/2015,15,16,29,30,42,44,37
05/09/2015,10,21,36,37,42,48,43
02/09/2015,14,16,23,28,46,48,10
29/08/2015,13,30,36,40,42,46,22
26/08/2015,5,7,24,45,46,49,44
22/08/2015,14,22,31,37,43,49,15
19/08/2015,8,12,25,38,45,48,39
15/08/2015,5,11,20,26,29,36,49
12/08/2015,20,24,27,28,38,48,2
08/08/2015,21,26,30,31,32,48,18
05/08/2015,8,23,29,34,35,48,36
01/08/2015,1,4,7,9,12,37,27
29/07/2015,1,8,29,31,35,39,23
25/07/2015,16,28,41,43,47,49,21
22/07/2015,6,9,13,26,27,46,15
18/07/2015,2,12,22,28,41,48,5
15/07/2015,11,18,38,40,43,46,26
11/07/2015,9,20,25,27,31,32,3
08/07/2015,3,8,41,43,46,47,49
04/07/2015,20,22,23,24,39,41,26
01/07/2015,21,29,32,40,43,44,19
27/06/2015,7,15,27,31,35,44,2
24/06/2015,9,13,15,18,21,46,25
20/06/2015,10,11,30,33,41,44,20
17/06/2015,6,7,17,18,20,32,4
13/06/2015,5,8,21,31,40,45,19
10/06/2015,26,37,40,43,44,45,3
06/06/2015,8,12,22,35,38,44,27
03/06/2015,26,28,33,35,37,46,47
30/05/2015,4,9,17,27,36,49,21
27/05/2015,23,27,36,41,43,47,35
23/05/2015,8,23,24,31,35,44,49
20/05/2015,2,4,12,17,18,47,14
16/05/2015,1,12,22,25,35,45,9
13/05/2015,3,16,24,40,41,48,20
09/05/2015,1,16,21,22,33,43,7
06/05/2015,13,16,19,24,27,30,48
02/05/2015,2,8,17,23,40,42,25
29/04/2015,10,21,34,37,45,49,43
25/04/2015,7,13,23,25,40,41,48
22/04/2015,4,24,27,35,38,48,44
18/04/2015,11,25,33,35,44,49,43
15/04/2015,11,13,25,34,41,45,4
11/04/2015,5,8,22,23,27,37,11
08/04/2015,2,4,14,16,18,19,25
04/04/2015,2,9,32,33,35,49,4
01/04/2015,4,7,12,16,22,24,41
28/03/2015,12,15,21,23,40,48,8
25/03/2015,6,14,16,29,38,46,5
21/03/2015,8,22,29,32,33,35,2
18/03/2015,16,17,37,39,41,45,14
14/03/2015,9,19,38,40,45,47,13
11/03/2015,7,9,21,40,44,45,42
07/03/2015,4,10,15,18,26,41,16
04/03/2015,2,10,14,19,28,33,48
28/02/2015,5,14,39,42,46,49,17
25/02/2015,15,17,25,29,30,35,14
21/02/2015,3,4,9,14,23,48,26
18/02/2015,3,6,11,15,20,37,31
14/02/2015,9,10,15,18,21,37,20
11/02/2015,1,13,24,29,43,49,8
07/02/2015,14,16,24,41,42,48,34
04/02/2015,6,8,10,22,30,43,23
31/01/2015,9,13,18,20,24,36,5
28/01/2015,3,4,5,8,33,38,14
24/01/2015,2,8,9,11,21,39,37
21/01/2015,3,15,17,35,44,46,23
17/01/2015,9,15,21,27,35,40,5
14/01/2015,15,16,17,28,33,44,36
10/01/2015,1,11,23,25,27,30,43
07/01/2015,10,16,31,36,38,47,22
03/01/2015,12,21,28,37,40,43,38
31/12/2016,3,5,14,18,26,28,40
28/12/2016,1,5,10,15,40,41,27
24/12/2016,15,20,23,27,39,48,34
21/12/2016,16,27,30,38,47,49,8
17/12/2016,9,16,26,27,32,34,37
14/12/2016,20,22,40,41,42,47,15
10/12/2016,3,37,40,41,47,49,6
07/12/2016,6,7,12,32,34,46,33
03/12/2016,3,4,7,19,30,48,21
30/11/2016,15,16,20,24,26,31,37
26/11/2016,13,14,31,39,42,45,44
23/11/2016,6,12,13,21,31,42,22
19/11/2016,9,11,21,26,28,45,49
16/11/2016,3,5,6,9,33,47,19
12/11/2016,2,4,6,22,25,42,44
09/11/2016,6,9,30,37,43,49,18
05/11/2016,11,17,26,27,37,48,31
02/11/2016,4,7,9,21,25,42,49
29/10/2016,21,25,26,29,36,45,38
26/10/2016,15,17,24,27,42,47,39
22/10/2016,13,24,29,31,33,47,43
19/10/2016,4,21,28,33,38,41,23
15/10/2016,8,29,30,37,41,44,6
12/10/2016,8,28,31,40,42,47,37
08/10/2016,3,27,33,38,42,48,32
05/10/2016,1,3,31,32,39,49,48
01/10/2016,7,18,22,31,38,39,2
28/09/2016,8,11,14,19,42,49,24
24/09/2016,2,5,17,23,33,47,9
21/09/2016,6,21,33,36,39,46,24
17/09/2016,14,16,25,39,45,47,26
14/09/2016,3,5,17,18,35,46,10
10/09/2016,6,13,22,39,40,41,27
07/09/2016,4,8,30,31,35,43,42
03/09/2016,1,15,17,20,23,43,44
31/08/2016,8,10,17,36,39,44,40
27/08/2016,3,14,16,33,47,48,29
24/08/2016,4,17,22,30,36,38,3
20/08/2016,11,20,26,32,39,43,49
17/08/2016,2,12,19,38,41,47,46
13/08/2016,3,4,15,17,38,47,36
10/08/2016,6,25,26,29,37,43,41
06/08/2016,2,7,22,26,32,38,20
03/08/2016,23,30,38,40,43,45,10
30/07/2016,4,5,9,19,22,23,16
27/07/2016,6,7,9,39,47,49,15
23/07/2016,7,18,34,41,48,49,29
20/07/2016,14,15,16,43,44,46,38
16/07/2016,15,25,26,33,38,47,27
13/07/2016,2,7,25,30,34,36,6
09/07/2016,23,28,30,32,42,44,24
06/07/2016,7,12,22,35,39,43,13
02/07/2016,1,16,28,33,39,45,13
29/06/2016,8,11,20,24,41,42,47
25/06/2016,4,5,6,8,39,42,30
22/06/2016,5,15,17,18,37,42,44
18/06/2016,7,8,22,32,40,45,25
15/06/2016,7,16,22,27,35,49,11
11/06/2016,9,28,36,37,40,46,47
08/06/2016,6,23,34,35,38,44,21
04/06/2016,3,4,6,10,18,26,14
01/06/2016,2,10,14,23,26,31,12
28/05/2016,18,29,31,36,43,47,23
25/05/2016,4,17,18,24,29,39,21
21/05/2016,6,10,37,39,42,48,28
18/05/2016,4,11,21,25,44,47,3
14/05/2016,8,21,24,33,41,46,29
11/05/2016,4,23,25,36,47,48,3
07/05/2016,6,8,25,31,32,33,1
04/05/2016,4,16,19,22,36,40,21
30/04/2016,1,7,18,28,30,34,48
27/04/2016,3,18,28,29,37,43,47
23/04/2016,14,29,37,41,48,49,31
20/04/2016,1,2,7,9,18,27,5
16/04/2016,9,12,21,37,38,43,31
13/04/2016,10,14,23,41,42,47,19
09/04/2016,12,29,34,44,47,49,37
06/04/2016,1,3,5,8,13,31,21
02/04/2016,2,15,21,40,41,44,23
30/03/2016,14,27,28,30,45,46,44
26/03/2016,9,11,20,22,37,46,47
23/03/2016,4,6,13,28,29,36,9
19/03/2016,1,10,11,12,19,27,29
16/03/2016,1,3,7,16,17,37,35
12/03/2016,6,27,30,34,35,42,16
09/03/2016,3,5,11,16,21,45,29
05/03/2016,7,13,27,33,35,36,5
02/03/2016,20,27,30,32,34,40,9
27/02/2016,4,11,20,23,41,45,22
24/02/2016,14,18,35,38,41,43,15
20/02/2016,4,8,10,30,33,39,25
17/02/2016,7,21,28,32,38,42,5
13/02/2016,2,9,25,27,31,42,18
10/02/2016,8,13,33,34,38,43,12
06/02/2016,7,19,25,26,31,44,35
03/02/2016,20,23,34,38,43,47,15
30/01/2016,4,5,32,37,38,44,34
27/01/2016,4,13,24,36,39,41,47
23/01/2016,21,31,34,37,38,44,9
20/01/2016,7,19,32,39,40,48,45
16/01/2016,9,21,29,34,38,42,13
13/01/2016,6,8,25,39,46,47,28
09/01/2016,5,22,30,33,45,48,29
06/01/2016,2,35,37,39,43,44,20
02/01/2016,10,12,16,20,27,36,25
30/12/2017,8,12,23,25,45,47,43
27/12/2017,4,7,10,14,27,31,1
23/12/2017,8,11,22,29,39,40,30
20/12/2017,3,4,28,30,34,41,31
16/12/2017,2,13,24,26,31,41,40
13/12/2017,12,29,30,40,45,48,27
09/12/2017,8,10,11,14,19,33,30
06/12/2017,6,9,16,19,21,28,35
02/12/2017,10,12,29,33,47,48,24
29/11/2017,11,18,27,33,37,43,20
25/11/2017,16,17,21,31,39,49,29
22/11/2017,26,28,31,36,38,45,18
18/11/2017,9,16,18,22,23,40,13
15/11/2017,18,25,29,30,36,48,47
11/11/2017,15,21,24,31,37,42,32
08/11/2017,22,24,25,32,39,42,45
04/11/2017,1,3,6,21,22,33,19
01/11/2017,1,23,29,32,45,49,16
28/10/2017,8,15,25,30,31,32,1
25/10/2017,6,31,37,40,41,42,44
21/10/2017,3,24,26,30,34,49,47
18/10/2017,11,25,33,35,40,42,15
14/10/2017,16,22,28,29,32,34,43
11/10/2017,18,24,32,36,37,44,9
07/10/2017,8,22,28,40,46,49,9
04/10/2017,4,6,10,11,20,35,43
30/09/2017,6,27,33,38,40,47,16
27/09/2017,2,16,19,20,23,34,9
23/09/2017,4,11,15,20,35,47,25
20/09/2017,6,17,29,37,45,47,39
16/09/2017,9,17,19,26,37,47,13
13/09/2017,18,22,24,28,29,33,7
09/09/2017,5,9,18,29,39,47,35
06/09/2017,9,15,18,21,24,28,14
02/09/2017,9,19,26,27,42,46,21
30/08/2017,21,23,31,33,36,38,9
26/08/2017,5,7,32,38,40,46,47
23/08/2017,9,15,24,33,40,46,38
19/08/2017,2,13,27,45,48,49,19
16/08/2017,25,29,30,31,33,47,34
12/08/2017,5,8,13,25,33,45,38
09/08/2017,16,23,28,38,41,43,19
05/08/2017,18,21,36,41,45,47,17
02/08/2017,13,16,24,25,38,43,48
29/07/2017,12,15,17,31,47,49,26
26/07/2017,1,2,18,26,36,44,49
22/07/2017,5,8,17,32,38,45,18
19/07/2017,2,5,10,11,27,39,48
15/07/2017,10,12,27,29,34,48,39
12/07/2017,12,13,30,41,45,49,16
08/07/2017,20,25,26,32,34,36,9
05/07/2017,4,9,33,36,47,49,10
01/07/2017,15,16,22,33,37,41,27
28/06/2017,8,21,25,34,46,48,4
24/06/2017,3,11,16,40,43,46,36
21/06/2017,2,12,34,39,41,45,21
17/06/2017,5,6,18,21,36,44,32
14/06/2017,17,24,26,27,35,49,33
10/06/2017,3,4,21,31,33,48,26
07/06/2017,16,19,23,30,33,40,46
03/06/2017,7,12,32,36,40,44,45
31/05/2017,1,3,8,9,12,40,2
27/05/2017,7,15,25,26,27,36,12
24/05/2017,3,5,9,22,37,46,10
20/05/2017,5,8,10,20,33,34,45
17/05/2017,9,17,36,38,41,45,39
13/05/2017,18,19,22,26,30,47,43
10/05/2017,6,7,8,21,27,38,23
06/05/2017,6,7,9,11,34,38,8
03/05/2017,1,5,7,16,28,46,30
29/04/2017,10,23,26,40,45,46,12
26/04/2017,9,10,11,13,45,49,24
22/04/2017,4,7,15,16,43,48,26
19/04/2017,4,11,21,24,44,49,41
15/04/2017,11,19,22,23,41,46,5
12/04/2017,7,19,37,38,41,42,11
08/04/2017,4,9,10,15,38,39,49
05/04/2017,3,10,19,30,44,48,40
01/04/2017,27,40,41,42,45,46,20
29/03/2017,3,12,16,17,22,30,48
25/03/2017,5,9,14,24,30,35,21
22/03/2017,2,3,5,27,40,46,28
18/03/2017,6,16,29,33,41,48,23
15/03/2017,16,17,21,34,37,46,3
11/03/2017,6,10,11,23,42,47,44
08/03/2017,10,17,24,28,35,36,40
04/03/2017,5,16,24,31,38,47,42
01/03/2017,6,14,17,18,31,43,38
25/02/2017,21,23,31,33,38,42,22
22/02/2017,9,21,25,26,31,41,11
18/02/2017,11,13,14,20,43,49,25
15/02/2017,1,16,17,24,41,46,22
11/02/2017,10,11,21,28,38,44,17
08/02/2017,3,4,8,12,13,46,26
04/02/2017,2,8,9,13,41,44,27
01/02/2017,5,9,11,36,42,43,41
28/01/2017,9,10,23,28,41,47,17
25/01/2017,2,14,19,28,42,44,34
21/01/2017,8,22,23,36,40,42,5
18/01/2017,10,17,20,24,33,35,28
14/01/2017,1,6,19,30,32,44,33
11/01/2017,24,34,36,38,42,43,30
07/01/2017,1,10,18,19,23,27,48
04/01/2017,2,11,13,23,35,48,30
22/12/2018,11,16,17,22,25,33,40
19/12/2018,1,9,31,32,34,45,5
15/12/2018,11,12,22,36,46,47,7
12/12/2018,10,13,23,27,31,42,17
08/12/2018,4,13,25,33,41,49,1
05/12/2018,11,13,18,23,26,46,12
01/12/2018,10,14,16,27,33,47,30
28/11/2018,3,17,21,29,47,49,7
24/11/2018,9,10,23,37,45,49,18
21/11/2018,2,10,13,25,40,42,38
17/11/2018,5,17,18,34,44,45,27
14/11/2018,5,10,20,23,35,42,44
10/11/2018,6,9,16,20,31,41,49
07/11/2018,2,10,13,16,31,43,8
03/11/2018,7,8,24,32,42,48,45
31/10/2018,4,9,11,15,25,27,5
27/10/2018,10,18,21,29,35,37,24
24/10/2018,4,11,19,23,24,34,20
20/10/2018,4,12,16,25,30,31,8
17/10/2018,10,32,37,45,46,47,6
13/10/2018,25,27,31,41,44,45,16
10/10/2018,3,15,16,20,22,23,24
06/10/2018,20,23,24,33,37,48,22
03/10/2018,15,32,38,40,44,45,2
29/09/2018,1,6,7,10,31,49,39
26/09/2018,5,7,9,35,42,45,31
22/09/2018,19,34,36,39,40,49,2
19/09/2018,3,9,15,17,23,45,18
15/09/2018,3,4,18,24,32,36,19
12/09/2018,14,21,27,32,35,43,41
08/09/2018,8,10,31,41,46,47,45
05/09/2018,4,6,15,32,36,47,48
01/09/2018,8,12,15,34,37,44,45
29/08/2018,7,8,14,23,35,40,39
25/08/2018,3,6,12,24,43,49,46
22/08/2018,3,4,19,30,37,40,10
18/08/2018,6,8,9,11,18,48,13
15/08/2018,2,17,25,27,37,42,29
11/08/2018,2,9,16,27,38,41,34
08/08/2018,9,18,21,22,29,37,17
04/08/2018,3,9,11,21,24,45,43
01/08/2018,13,19,22,29,36,42,35
28/07/2018,5,11,17,20,28,45,7
25/07/2018,2,7,15,31,33,42,20
21/07/2018,2,9,22,26,27,30,41
18/07/2018,3,14,16,19,44,48,1
14/07/2018,8,10,12,17,22,37,29
11/07/2018,1,9,11,38,45,48,25
07/07/2018,1,3,25,40,44,47,2
04/07/2018,6,25,37,44,47,49,26
30/06/2018,2,3,7,11,16,20,17
27/06/2018,4,6,10,13,14,28,47
23/06/2018,8,11,31,36,41,45,40
20/06/2018,14,24,31,35,37,48,17
16/06/2018,2,15,21,31,38,49,8
13/06/2018,6,22,24,31,32,34,16
09/06/2018,19,25,31,36,46,47,26
06/06/2018,10,15,23,38,40,41,35
02/06/2018,2,26,32,40,45,49,29
30/05/2018,9,14,17,21,38,39,22
26/05/2018,12,13,16,23,39,44,2
23/05/2018,4,9,15,20,42,44,31
19/05/2018,14,15,28,34,38,44,30
16/05/2018,19,21,28,30,39,46,7
12/05/2018,6,17,21,34,37,44,13
09/05/2018,15,17,21,24,36,37,32
05/05/2018,4,18,24,26,33,48,34
02/05/2018,4,7,28,36,37,49,21
28/04/2018,24,31,33,34,44,46,10
25/04/2018,10,14,15,16,40,46,6
21/04/2018,12,19,20,30,41,49,9
18/04/2018,12,17,19,22,27,39,38
14/04/2018,1,11,19,36,48,49,9
11/04/2018,3,7,10,32,41,43,33
07/04/2018,18,22,36,40,47,49,32
04/04/2018,6,8,9,13,34,40,4
31/03/2018,3,7,22,26,43,47,48
28/03/2018,11,12,19,24,28,46,39
24/03/2018,9,11,28,30,45,49,5
21/03/2018,1,5,9,12,39,41,28
17/03/2018,16,17,35,43,44,46,49
14/03/2018,1,9,10,19,33,43,21
10/03/2018,2,10,28,43,44,48,39
07/03/2018,6,30,33,38,45,46,40
03/03/2018,12,17,25,30,32,39,47
28/02/2018,3,14,36,38,40,48,23
24/02/2018,3,13,19,26,33,44,5
21/02/2018,10,11,24,25,30,49,47
17/02/2018,18,29,31,36,47,48,17
14/02/2018,8,15,17,22,30,43,13
10/02/2018,18,20,21,22,30,33,26
07/02/2018,3,8,11,18,28,45,6
03/02/2018,10,13,16,23,36,44,42
31/01/2018,1,7,27,31,34,39,3
27/01/2018,7,8,13,24,28,35,26
24/01/2018,9,20,21,28,34,35,33
20/01/2018,6,10,14,27,30,40,5
17/01/2018,6,24,34,39,43,44,8
13/01/2018,21,26,32,40,42,44,12
10/01/2018,9,10,19,23,28,49,15
06/01/2018,12,25,36,39,42,45,29
03/01/2018,3,13,20,35,37,39,14
28/12/2019,2,4,12,18,29,41,30
25/12/2019,17,24,28,33,36,45,48
21/12/2019,16,18,19,45,47,48,21
18/12/2019,18,22,25,36,38,44,8
14/12/2019,9,12,17,23,41,44,3
11/12/2019,7,17,21,34,47,48,27
07/12/2019,18,32,36,37,38,45,13
04/12/2019,2,3,4,10,21,43,19
30/11/2019,1,8,18,24,30,45,13
27/11/2019,13,15,16,20,39,42,27
23/11/2019,16,19,24,29,31,36,8
20/11/2019,4,20,29,30,36,45,22
16/11/2019,2,3,4,11,27,47,17
13/11/2019,1,19,31,44,46,49,3
09/11/2019,12,31,36,37,46,49,43
06/11/2019,6,8,13,14,35,40,26
02/11/2019,8,16,19,20,39,43,28
30/10/2019,23,30,33,34,41,45,31
26/10/2019,4,12,15,26,43,44,2
23/10/2019,11,13,24,28,40,46,44
19/10/2019,2,16,28,47,48,49,35
16/10/2019,2,4,9,24,44,45,18
12/10/2019,13,16,25,32,33,41,2
09/10/2019,5,14,18,33,40,44,16
05/10/2019,14,15,35,38,42,46,12
02/10/2019,20,28,29,41,45,46,27
28/09/2019,1,4,5,7,21,40,41
25/09/2019,16,25,28,29,39,47,17
21/09/2019,1,2,4,32,38,39,21
18/09/2019,3,10,15,23,45,47,9
14/09/2019,6,13,28,29,35,43,25
11/09/2019,2,4,27,36,45,49,41
07/09/2019,25,28,37,38,42,48,34
04/09/2019,1,4,5,17,21,29,46
31/08/2019,2,21,22,24,48,49,23
28/08/2019,1,10,18,39,43,47,26
24/08/2019,3,7,8,14,20,24,31
21/08/2019,2,17,24,25,40,43,16
17/08/2019,4,31,34,39,41,48,43
14/08/2019,9,14,18,31,32,41,38
10/08/2019,2,3,20,33,48,49,32
07/08/2019,5,8,9,19,28,31,18
03/08/2019,4,14,17,22,26,46,47
31/07/2019,2,11,19,35,39,48,17
27/07/2019,1,3,5,34,38,43,49
24/07/2019,2,8,10,18,37,48,29
20/07/2019,4,21,30,41,44,46,5
17/07/2019,21,24,33,36,41,42,3
13/07/2019,5,11,12,33,37,45,2
10/07/2019,7,15,22,28,43,49,45
06/07/2019,10,28,38,39,40,43,45
03/07/2019,13,21,26,30,38,39,19
29/06/2019,2,5,19,21,29,46,15
26/06/2019,4,10,17,24,26,33,2
22/06/2019,15,16,34,35,38,44,43
19/06/2019,21,31,41,45,46,47,39
15/06/2019,10,19,24,30,35,49,32
12/06/2019,22,23,31,38,47,48,10
08/06/2019,9,12,15,20,24,43,36
05/06/2019,6,21,35,46,48,49,14
01/06/2019,16,29,34,35,47,49,10
25/05/2019,12,19,22,25,45,49,28
22/05/2019,13,19,22,25,32,35,48
18/05/2019,7,8,13,27,28,34,2
15/05/2019,5,6,32,40,42,47,17
11/05/2019,3,12,26,27,34,46,29
08/05/2019,18,19,22,30,41,48,47
04/05/2019,3,4,12,21,41,49,5
01/05/2019,23,27,28,34,38,43,48
27/04/2019,5,6,11,16,19,27,24
24/04/2019,6,10,16,17,41,43,18
20/04/2019,11,15,32,34,44,47,3
17/04/2019,10,11,20,26,38,43,3
13/04/2019,4,5,15,23,38,45,12
10/04/2019,10,16,23,38,39,48,33
06/04/2019,6,19,30,37,38,49,34
03/04/2019,12,17,29,35,40,47,23
30/03/2019,7,14,18,26,31,32,3
27/03/2019,16,19,22,28,34,48,49
23/03/2019,3,6,20,22,23,24,19
20/03/2019,2,8,17,21,22,26,5
16/03/2019,9,12,15,20,25,45,16
13/03/2019,4,13,18,21,26,31,33
09/03/2019,22,23,26,34,42,46,3
06/03/2019,1,3,18,19,22,37,30
02/03/2019,4,14,21,29,41,49,35
27/02/2019,4,13,22,25,29,39,6
23/02/2019,5,6,10,43,46,47,27
20/02/2019,21,22,23,30,33,43,42
16/02/2019,3,9,10,20,21,35,31
13/02/2019,5,19,24,29,36,41,9
09/02/2019,1,24,35,41,42,49,18
06/02/2019,1,16,27,28,36,39,9
02/02/2019,14,16,25,29,30,48,12
30/01/2019,3,7,27,37,43,48,45
26/01/2019,3,7,10,12,14,25,36
23/01/2019,3,19,20,26,31,38,6
19/01/2019,2,13,32,39,44,49,10
16/01/2019,4,10,11,34,46,48,23
12/01/2019,10,13,21,30,46,48,23
09/01/2019,1,10,27,38,44,47,41
05/01/2019,4,10,38,40,45,48,43
02/01/2019,13,18,19,36,37,43,49
30/12/2020,7,14,30,32,38,45,6
26/12/2020,21,26,28,33,34,42,43
23/12/2020,7,15,24,31,33,34,3
19/12/2020,1,8,10,11,17,35,41
16/12/2020,10,12,20,25,31,34,42
12/12/2020,27,28,29,36,46,48,49
09/12/2020,10,11,14,19,27,39,40
05/12/2020,3,10,13,21,27,45,23
02/12/2020,22,24,28,41,47,49,21
28/11/2020,3,4,16,23,26,44,18
25/11/2020,13,14,31,33,37,46,40
21/11/2020,16,19,21,34,37,47,25
18/11/2020,7,14,21,28,30,32,22
14/11/2020,1,2,13,30,35,38,45
11/11/2020,6,14,18,23,31,47,44
07/11/2020,1,16,19,24,26,47,29
04/11/2020,2,9,13,18,40,46,34
31/10/2020,5,8,18,22,41,48,23
28/10/2020,2,3,16,25,34,46,49
24/10/2020,4,9,17,20,26,31,34
21/10/2020,26,28,32,37,40,47,10
17/10/2020,7,8,9,24,25,34,14
14/10/2020,10,18,20,38,39,44,40
10/10/2020,6,23,24,29,36,38,25
07/10/2020,4,5,12,13,18,19,34
03/10/2020,12,22,24,37,39,43,16
30/09/2020,13,16,20,21,27,48,15
26/09/2020,8,27,29,33,40,49,2
23/09/2020,11,17,28,29,36,39,15
19/09/2020,5,15,31,35,42,46,17
16/09/2020,6,12,23,29,44,46,39
12/09/2020,5,13,19,37,42,45,40
09/09/2020,3,5,9,19,29,37,42
05/09/2020,1,8,10,33,34,38,4
02/09/2020,1,5,15,23,25,31,40
29/08/2020,3,13,21,24,29,40,35
26/08/2020,6,8,20,23,35,39,11
22/08/2020,19,25,34,36,40,43,32
19/08/2020,2,17,32,37,39,42,9
15/08/2020,6,7,11,18,22,43,9
12/08/2020,16,24,27,43,48,49,39
08/08/2020,1,20,21,23,40,46,28
05/08/2020,3,14,23,30,38,43,24
01/08/2020,12,13,17,22,39,40,25
29/07/2020,1,11,17,19,22,45,14
25/07/2020,6,21,34,44,45,48,33
22/07/2020,5,14,19,42,46,47,8
18/07/2020,5,23,37,40,44,45,47
15/07/2020,5,7,17,22,43,44,14
11/07/2020,16,22,31,36,43,44,46
08/07/2020,11,26,28,35,37,47,8
04/07/2020,15,20,27,34,38,42,47
01/07/2020,1,12,27,30,34,49,35
27/06/2020,1,13,14,24,36,44,7
24/06/2020,6,16,23,39,47,48,33
20/06/2020,14,22,29,36,48,49,19
17/06/2020,5,10,18,29,32,48,6
13/06/2020,3,31,34,38,45,48,12
10/06/2020,3,13,25,33,34,45,14
06/06/2020,6,22,38,45,48,49,2
03/06/2020,2,15,20,22,29,39,13
30/05/2020,11,17,27,28,30,43,35
27/05/2020,7,17,18,22,28,34,1
23/05/2020,4,25,27,28,35,44,9
20/05/2020,8,23,25,34,37,47,4
16/05/2020,1,6,7,14,26,48,49
13/05/2020,3,10,21,35,38,48,28
09/05/2020,13,14,15,35,45,47,9
06/05/2020,6,29,34,36,45,49,3
02/05/2020,15,18,26,34,43,45,42
29/04/2020,6,17,21,30,40,41,27
25/04/2020,6,10,11,22,32,48,17
22/04/2020,9,10,11,14,15,28,36
18/04/2020,1,10,23,32,46,48,36
15/04/2020,1,3,7,13,22,47,30
11/04/2020,10,14,17,32,35,42,26
08/04/2020,9,13,21,23,30,32,15
04/04/2020,19,29,34,35,44,45,10
01/04/2020,4,6,10,13,25,49,41
28/03/2020,2,7,21,30,33,46,27
25/03/2020,3,19,31,38,45,47,48
21/03/2020,6,11,22,36,37,45,10
18/03/2020,7,8,9,12,14,36,28
14/03/2020,1,2,23,27,31,32,43
11/03/2020,5,24,32,37,43,44,23
07/03/2020,5,8,13,27,34,46,39
04/03/2020,6,8,15,24,38,41,31
29/02/2020,6,12,15,18,31,46,13
26/02/2020,8,25,34,35,36,38,5
22/02/2020,2,7,26,33,46,48,25
19/02/2020,5,6,13,23,44,49,40
15/02/2020,7,8,11,23,27,30,3
12/02/2020,16,20,24,33,36,47,4
08/02/2020,8,28,30,39,41,43,45
05/02/2020,1,3,6,24,29,45,48
01/02/2020,13,21,35,40,45,48,47
29/01/2020,3,14,16,23,41,43,29
25/01/2020,8,20,21,30,32,48,31
22/01/2020,2,10,27,30,39,43,21
18/01/2020,2,5,10,18,26,30,36
15/01/2020,1,17,23,25,26,34,24
11/01/2020,2,3,7,18,24,26,6
08/01/2020,2,5,19,44,48,49,24
04/01/2020,23,24,36,42,45,46,21
01/01/2020,11,23,30,35,39,43,34
29/12/2021,18,32,42,44,45,48,38
25/12/2021,4,13,21,24,31,45,41
22/12/2021,1,2,3,11,15,43,46
18/12/2021,2,10,15,16,20,49,18
15/12/2021,1,9,12,18,35,48,19
11/12/2021,1,6,26,27,43,46,12
08/12/2021,23,25,26,36,40,49,42
04/12/2021,5,11,15,28,31,47,19
01/12/2021,14,17,27,34,36,42,8
27/11/2021,6,7,14,23,35,41,11
24/11/2021,10,11,18,20,35,48,39
20/11/2021,15,25,26,29,42,43,22
17/11/2021,3,4,18,23,27,28,38
13/11/2021,5,6,7,18,25,37,24
10/11/2021,2,7,18,19,23,25,43
06/11/2021,14,16,28,39,41,47,37
03/11/2021,9,20,27,35,37,43,3
30/10/2021,3,5,7,23,42,46,15
27/10/2021,3,9,14,36,40,46,41
23/10/2021,1,3,9,40,42,44,46
20/10/2021,6,9,34,35,48,49,41
16/10/2021,5,10,11,33,44,47,20
13/10/2021,2,7,8,11,19,27,24
09/10/2021,1,11,19,27,28,38,8
06/10/2021,7,18,19,38,42,46,31
02/10/2021,8,17,18,19,48,49,26
29/09/2021,3,5,38,39,41,48,28
25/09/2021,3,8,10,35,46,48,17
22/09/2021,5,14,19,30,38,40,27
18/09/2021,9,26,29,36,40,41,27
15/09/2021,7,11,14,15,27,41,49
11/09/2021,15,18,31,33,34,41,45
08/09/2021,2,7,10,16,28,36,41
04/09/2021,6,13,18,19,29,49,2
01/09/2021,3,4,14,18,19,42,43
28/08/2021,6,8,9,12,19,26,43
25/08/2021,1,16,34,37,41,48,21
21/08/2021,2,9,15,21,38,46,36
18/08/2021,7,8,28,30,32,42,33
14/08/2021,3,8,11,34,40,47,4
11/08/2021,12,15,25,40,44,45,31
07/08/2021,10,13,15,22,29,46,3
04/08/2021,3,8,21,38,42,49,27
31/07/2021,7,30,37,43,47,49,20
28/07/2021,1,4,10,14,32,39,19
24/07/2021,1,5,7,19,37,45,35
21/07/2021,2,4,15,20,35,45,10
17/07/2021,22,24,28,35,37,45,49
14/07/2021,2,9,19,23,26,30,10
10/07/2021,4,5,18,28,35,42,2
07/07/2021,11,16,21,26,42,45,22
03/07/2021,4,7,10,31,33,38,23
30/06/2021,9,10,13,26,28,30,36
26/06/2021,15,27,36,37,43,49,7
23/06/2021,9,17,20,22,34,40,48
19/06/2021,13,15,17,25,34,45,5
16/06/2021,16,23,32,33,37,45,3
12/06/2021,11,20,22,33,41,49,34
09/06/2021,1,3,15,26,28,39,10
05/06/2021,13,15,22,42,45,46,14
02/06/2021,1,13,22,32,33,39,48
29/05/2021,11,18,19,27,34,46,42
26/05/2021,7,10,20,38,45,49,26
22/05/2021,7,13,14,34,37,45,29
19/05/2021,12,21,25,40,42,49,45
15/05/2021,3,6,12,28,39,46,5
12/05/2021,30,35,39,42,46,48,38
08/05/2021,25,28,36,38,41,49,20
05/05/2021,5,22,23,26,43,46,4
01/05/2021,10,15,21,30,32,38,24
28/04/2021,6,11,20,22,34,49,42
24/04/2021,14,18,27,33,34,39,49
21/04/2021,15,18,23,32,38,47,19
17/04/2021,7,13,32,38,39,48,23
14/04/2021,4,6,12,23,36,47,18
10/04/2021,5,16,19,24,28,34,4
07/04/2021,23,31,34,38,39,41,12
03/04/2021,12,13,19,35,42,47,28
31/03/2021,3,7,8,12,37,40,41
27/03/2021,15,16,17,30,36,40,34
24/03/2021,3,4,27,43,45,48,44
20/03/2021,9,16,25,36,39,43,49
17/03/2021,4,9,13,25,44,49,3
13/03/2021,15,24,27,29,42,49,18
10/03/2021,30,31,35,36,43,48,28
06/03/2021,2,14,18,21,26,48,19
03/03/2021,3,11,33,34,36,43,42
27/02/2021,11,15,16,20,46,49,17
24/02/2021,11,36,37,38,39,45,10
20/02/2021,2,14,15,21,29,46,7
17/02/2021,7,16,18,43,45,48,14
13/02/2021,16,17,27,40,41,45,38
10/02/2021,4,14,22,26,45,48,20
06/02/2021,6,11,12,26,28,38,47
03/02/2021,20,21,26,30,35,41,47
30/01/2021,3,23,26,35,42,44,32
27/01/2021,12,17,23,36,44,49,32
23/01/2021,5,17,21,29,41,43,46
20/01/2021,2,5,18,23,29,47,45
16/01/2021,9,10,21,28,35,43,34
13/01/2021,20,27,28,37,38,39,9
09/01/2021,4,8,18,24,31,32,40
06/01/2021,15,23,30,31,32,42,48
02/01/2021,16,17,20,42,47,49,40
31/12/2022,2,5,7,11,15,21,25
28/12/2022,2,10,16,17,24,26,18
24/12/2022,10,11,21,22,24,30,32
21/12/2022,29,34,37,38,42,49,41
17/12/2022,11,18,20,23,29,42,6
14/12/2022,9,21,34,37,41,44,24
10/12/2022,10,14,20,35,37,40,48
07/12/2022,22,23,38,41,44,48,8
03/12/2022,4,18,26,36,41,42,32
30/11/2022,4,11,16,19,27,35,25
26/11/2022,18,26,32,37,42,43,10
23/11/2022,3,14,19,20,28,47,37
19/11/2022,12,16,21,32,38,45,15
16/11/2022,4,6,12,20,41,44,31
12/11/2022,1,20,24,32,36,37,5
09/11/2022,21,23,30,34,41,49,13
05/11/2022,2,20,31,40,48,49,44
02/11/2022,19,25,38,40,47,48,20
29/10/2022,9,13,20,26,28,40,44
26/10/2022,10,15,23,38,39,45,37
22/10/2022,2,17,24,36,40,49,30
19/10/2022,4,15,30,35,42,43,24
15/10/2022,7,9,12,33,35,36,6
12/10/2022,8,10,25,36,38,41,42
08/10/2022,1,5,21,35,37,41,6
05/10/2022,3,6,10,19,28,31,2
01/10/2022,4,19,21,24,25,36,9
28/09/2022,7,10,11,24,32,40,25
24/09/2022,10,13,21,37,40,41,48
21/09/2022,1,26,33,37,44,49,31
17/09/2022,3,9,15,21,33,49,13
14/09/2022,7,8,14,22,23,39,11
10/09/2022,11,15,19,29,41,49,38
07/09/2022,11,12,13,16,29,35,7
03/09/2022,5,8,13,21,22,46,9
31/08/2022,9,18,25,33,35,41,19
27/08/2022,9,12,19,20,23,28,31
24/08/2022,9,15,22,24,26,41,16
20/08/2022,1,5,11,29,40,49,22
17/08/2022,6,7,13,30,31,43,20
13/08/2022,5,8,13,35,37,40,3
10/08/2022,8,9,36,38,44,45,29
06/08/2022,10,18,21,31,34,48,9
03/08/2022,10,15,24,27,42,46,36
30/07/2022,9,21,22,27,35,47,31
27/07/2022,6,19,29,42,45,49,21
23/07/2022,6,23,24,26,39,42,21
20/07/2022,1,15,17,25,26,40,39
16/07/2022,8,19,23,34,37,44,21
13/07/2022,13,18,19,21,35,40,29
09/07/2022,8,12,21,33,34,45,23
06/07/2022,25,33,34,35,37,46,30
02/07/2022,1,4,7,33,36,47,2
29/06/2022,6,7,16,26,31,35,13
25/06/2022,9,14,23,36,38,44,19
22/06/2022,7,10,11,18,27,42,25
18/06/2022,4,6,20,21,24,44,5
15/06/2022,3,5,9,12,16,29,32
11/06/2022,14,15,22,25,32,44,45
08/06/2022,6,22,32,39,40,46,26
04/06/2022,14,24,32,36,37,48,17
01/06/2022,1,15,16,19,44,48,5
28/05/2022,6,13,15,29,45,48,1
25/05/2022,14,15,22,35,36,47,10
21/05/2022,4,5,26,33,35,44,30
18/05/2022,14,22,24,28,42,48,23
14/05/2022,2,14,21,27,34,49,5
11/05/2022,5,10,12,34,36,48,27
07/05/2022,7,12,21,28,40,46,34
04/05/2022,4,21,22,36,41,43,31
30/04/2022,9,11,14,16,20,43,32
27/04/2022,6,26,29,32,33,41,2
23/04/2022,17,19,27,39,44,49,2
20/04/2022,6,10,13,17,21,37,34
16/04/2022,7,13,26,35,36,38,40
13/04/2022,9,27,31,33,45,49,20
09/04/2022,12,28,34,41,46,49,2
06/04/2022,2,8,9,16,39,49,21
02/04/2022,5,12,15,29,42,44,38
30/03/2022,3,7,15,21,35,40,37
26/03/2022,5,11,21,22,38,45,44
23/03/2022,8,11,12,23,29,36,49
19/03/2022,4,7,26,36,42,47,32
16/03/2022,1,3,8,14,15,16,33
12/03/2022,3,8,20,24,37,47,31
09/03/2022,16,25,31,34,40,42,15
05/03/2022,5,9,10,32,38,40,44
02/03/2022,11,12,39,41,42,49,14
26/02/2022,6,8,12,16,24,35,25
23/02/2022,4,10,28,31,33,43,18
19/02/2022,4,16,30,32,37,44,35
16/02/2022,2,8,30,31,40,44,11
12/02/2022,1,25,26,37,40,43,3
09/02/2022,12,14,19,28,32,36,17
05/02/2022,2,9,12,14,23,24,10
02/02/2022,3,7,9,23,26,32,42
29/01/2022,10,14,25,29,33,44,40
26/01/2022,5,22,25,30,32,46,45
22/01/2022,7,12,27,31,37,44,35
19/01/2022,3,12,19,37,39,45,47
15/01/2022,5,10,35,41,42,44,13
12/01/2022,8,21,26,29,31,46,40
08/01/2022,6,18,23,31,46,48,4
05/01/2022,2,5,8,29,36,45,23
01/01/2022,7,8,15,17,19,33,6
30/12/2023,7,18,23,28,31,48,44
27/12/2023,3,11,21,40,46,48,36
23/12/2023,7,10,15,21,29,31,17
20/12/2023,10,12,13,17,35,44,47
16/12/2023,7,8,13,20,43,44,2
13/12/2023,7,16,20,33,46,47,5
09/12/2023,4,5,14,21,27,30,41
06/12/2023,1,11,31,36,38,45,46
02/12/2023,1,2,20,26,39,49,18
29/11/2023,11,13,16,18,21,43,37
25/11/2023,5,9,18,29,39,42,48
22/11/2023,7,12,13,17,20,36,11
18/11/2023,6,22,26,30,35,36,25
15/11/2023,16,20,23,32,37,39,13
11/11/2023,3,17,25,26,41,42,18
08/11/2023,25,29,37,43,46,48,15
04/11/2023,1,10,15,17,35,45,34
01/11/2023,7,12,31,34,41,48,25
28/10/2023,4,9,17,30,36,43,37
25/10/2023,1,4,16,22,29,47,43
21/10/2023,1,12,17,19,23,39,37
18/10/2023,3,4,9,27,30,37,48
14/10/2023,15,17,23,32,37,47,49
11/10/2023,9,17,22,28,37,43,25
07/10/2023,4,6,20,40,45,46,33
04/10/2023,18,19,26,27,29,30,34
30/09/2023,30,31,34,43,45,47,14
27/09/2023,9,17,25,30,38,48,35
23/09/2023,5,18,22,26,28,45,14
20/09/2023,10,14,17,22,25,38,24
16/09/2023,5,9,14,29,37,38,18
13/09/2023,8,10,18,32,33,42,40
09/09/2023,8,17,20,26,42,44,3
06/09/2023,3,10,31,38,39,41,34
02/09/2023,12,13,30,33,35,43,17
30/08/2023,3,16,22,25,27,46,19
26/08/2023,6,10,11,22,32,43,27
23/08/2023,3,13,14,19,26,36,25
19/08/2023,22,23,25,35,36,41,21
16/08/2023,2,3,6,7,17,27,24
12/08/2023,2,5,7,12,31,44,29
09/08/2023,17,35,37,40,45,47,44
05/08/2023,1,5,10,20,28,39,26
02/08/2023,4,7,9,25,34,48,42
29/07/2023,2,7,8,18,33,36,14
26/07/2023,10,19,20,30,38,45,7
22/07/2023,3,7,8,25,35,48,32
19/07/2023,15,25,30,31,40,48,22
15/07/2023,17,24,31,32,35,47,20
12/07/2023,9,18,22,23,28,46,11
08/07/2023,10,11,23,30,44,49,6
05/07/2023,3,4,10,12,30,34,14
01/07/2023,10,21,30,32,35,49,41
28/06/2023,8,13,16,40,42,47,22
24/06/2023,5,7,15,18,21,29,17
21/06/2023,4,5,13,14,33,35,8
17/06/2023,16,31,42,44,45,48,15
14/06/2023,12,18,22,24,25,47,21
10/06/2023,14,23,26,31,32,42,25
07/06/2023,1,15,19,24,32,44,31
03/06/2023,22,31,33,34,43,49,21
31/05/2023,9,22,23,25,30,37,48
27/05/2023,11,20,26,38,44,45,41
24/05/2023,3,7,37,43,45,46,31
20/05/2023,4,6,23,27,41,48,28
17/05/2023,16,25,28,40,47,49,7
13/05/2023,13,14,27,29,31,42,45
10/05/2023,27,34,36,41,44,47,38
06/05/2023,3,19,23,30,37,42,1
03/05/2023,7,15,21,34,46,48,16
29/04/2023,6,11,28,29,39,43,34
26/04/2023,5,9,25,29,39,48,22
22/04/2023,4,8,21,38,46,49,36
19/04/2023,1,6,13,17,43,44,28
15/04/2023,1,20,30,35,36,44,48
12/04/2023,9,10,19,23,32,37,46
08/04/2023,8,13,16,27,31,46,41
05/04/2023,10,17,21,22,41,42,3
01/04/2023,5,11,23,31,45,49,6
29/03/2023,9,10,12,17,30,45,44
25/03/2023,11,12,13,16,22,28,27
22/03/2023,2,7,9,11,39,41,48
18/03/2023,4,7,8,15,34,45,1
15/03/2023,4,9,26,27,28,33,30
11/03/2023,6,13,21,29,33,49,22
08/03/2023,6,9,25,34,36,43,38
04/03/2023,3,9,19,22,37,43,27
01/03/2023,3,8,10,14,34,35,44
25/02/2023,2,23,24,25,39,40,21
22/02/2023,3,19,24,25,27,43,34
18/02/2023,3,5,7,10,26,39,22
15/02/2023,1,3,8,37,41,43,16
11/02/2023,4,17,21,27,32,42,30
08/02/2023,6,12,19,24,38,47,27
04/02/2023,11,13,29,31,42,47,17
01/02/2023,8,22,23,24,34,38,41
28/01/2023,5,12,15,26,46,48,17
25/01/2023,5,13,24,33,35,41,43
21/01/2023,8,11,27,35,38,45,48
18/01/2023,6,13,25,31,41,47,46
14/01/2023,1,10,11,13,29,37,47
11/01/2023,13,17,22,30,31,47,7
07/01/2023,5,6,14,16,45,48,18
04/01/2023,4,17,21,22,31,38,46
28/12/2024,8,16,18,23,34,36,12
25/12/2024,5,6,14,16,18,44,19
21/12/2024,6,9,21,24,41,48,31
18/12/2024,7,9,17,39,41,45,47
14/12/2024,3,4,13,16,27,43,38
11/12/2024,26,35,39,40,41,46,3
08/12/2024,9,22,33,41,42,45,12
04/12/2024,19,23,37,39,41,49,29
30/11/2024,1,5,22,25,36,37,40
27/11/2024,2,3,6,14,34,44,35
23/11/2024,3,4,6,11,27,39,1
20/11/2024,12,13,21,24,46,49,15
16/11/2024,0,14,21,30,32,42,15
13/11/2024,5,15,17,29,35,45,0
09/11/2024,9,12,16,39,47,49,30
06/11/2024,2,11,18,21,23,25,26
02/11/2024,7,13,37,42,46,47,48
30/10/2024,4,9,14,17,30,44,3
26/10/2024,7,16,19,25,28,29,15
23/10/2024,4,15,18,20,37,40,43
19/10/2024,2,12,20,23,28,41,43
16/10/2024,1,17,26,35,44,48,19
12/10/2024,3,16,21,28,39,43,8
09/10/2024,20,22,23,36,46,47,42
05/10/2024,17,18,20,29,32,35,38
02/10/2024,26,28,33,41,42,49,45
28/09/2024,7,15,23,29,41,46,22
25/09/2024,2,4,8,11,14,40,36
21/09/2024,5,10,11,15,27,49,25
18/09/2024,2,13,14,18,20,39,40
14/09/2024,11,14,19,25,26,28,21
11/09/2024,1,8,19,33,46,49,2
07/09/2024,8,21,33,34,37,47,24
04/09/2024,31,34,38,41,43,48,47
31/08/2024,7,24,25,34,43,44,13
28/08/2024,4,20,29,40,41,48,47
24/08/2024,16,21,29,32,42,49,5
21/08/2024,4,6,13,14,34,36,40
17/08/2024,7,8,9,10,26,33,19
14/08/2024,10,11,29,30,36,48,18
10/08/2024,9,15,17,20,25,49,28
07/08/2024,3,6,16,35,41,42,23
03/08/2024,3,11,18,32,39,42,28
31/07/2024,12,18,19,26,40,42,35
27/07/2024,5,23,26,33,36,39,8
24/07/2024,1,6,34,36,40,48,27
20/07/2024,5,12,15,23,37,42,21
17/07/2024,11,13,25,28,34,42,44
13/07/2024,5,18,27,31,32,35,23
10/07/2024,7,11,18,37,38,45,31
06/07/2024,5,6,8,16,18,38,30
03/07/2024,2,3,7,22,28,31,20
29/06/2024,6,7,30,33,35,39,15
26/06/2024,2,7,10,23,25,29,40
22/06/2024,20,23,29,34,37,43,33
19/06/2024,8,12,19,28,42,48,5
15/06/2024,4,11,27,30,33,34,42
12/06/2024,7,8,10,17,43,48,26
08/06/2024,3,6,26,28,39,40,29
05/06/2024,4,6,24,27,32,41,34
01/06/2024,17,22,28,35,37,41,18
29/05/2024,4,26,27,32,38,40,10
25/05/2024,14,21,31,37,39,42,19
22/05/2024,3,18,20,25,39,43,4
18/05/2024,27,29,32,33,35,39,18
15/05/2024,13,17,23,24,40,48,29
11/05/2024,2,10,17,18,22,28,36
08/05/2024,4,7,11,29,30,31,32
04/05/2024,2,16,21,27,38,45,43
01/05/2024,3,18,30,34,36,39,21
27/04/2024,3,6,18,26,36,42,17
24/04/2024,10,16,18,22,39,46,19
20/04/2024,9,14,23,26,30,43,35
17/04/2024,4,7,8,14,41,46,6
13/04/2024,11,17,21,27,41,44,7
10/04/2024,11,12,17,23,38,46,40
06/04/2024,16,18,22,29,36,43,44
03/04/2024,2,10,35,36,38,46,20
30/03/2024,7,12,25,29,39,43,23
27/03/2024,14,22,27,39,40,45,6
23/03/2024,2,14,26,27,33,49,8
20/03/2024,8,19,33,44,46,48,21
16/03/2024,12,27,32,38,39,41,42
13/03/2024,4,8,15,32,40,44,7
09/03/2024,6,15,19,34,45,47,27
06/03/2024,20,33,39,44,48,49,6
02/03/2024,4,13,26,34,35,42,1
28/02/2024,7,24,34,42,46,49,1
24/02/2024,2,14,15,28,42,44,25
21/02/2024,31,32,45,46,47,49,12
17/02/2024,3,17,25,29,36,46,2
14/02/2024,7,15,37,41,42,47,12
10/02/2024,1,5,15,18,22,44,6
07/02/2024,7,19,21,33,36,45,4
03/02/2024,5,10,15,27,40,47,7
31/01/2024,8,9,28,29,34,43,40
27/01/2024,8,11,13,23,24,36,12
24/01/2024,1,8,20,30,31,34,41
20/01/2024,1,6,12,27,45,49,47
17/01/2024,8,10,11,25,29,37,45
13/01/2024,24,28,31,40,42,48,43
10/01/2024,3,18,25,31,35,39,1
06/01/2024,18,19,33,38,48,49,27
03/01/2024,2,12,23,30,32,35,47
31/12/2025,1,6,10,21,39,40,28
27/12/2025,2,8,23,28,29,36,13
24/12/2025,2,19,20,22,42,47,35
20/12/2025,13,22,24,28,29,46,16
17/12/2025,8,17,35,36,37,45,32
13/12/2025,13,14,21,23,26,49,41
10/12/2025,9,11,13,30,40,43,21
06/12/2025,9,11,15,38,39,44,21
03/12/2025,1,3,13,25,38,49,6
29/11/2025,5,6,9,29,42,45,2
26/11/2025,11,23,28,30,44,45,42
22/11/2025,11,14,19,24,45,48,39
19/11/2025,14,17,28,31,42,48,5
15/11/2025,1,5,8,25,42,47,44
12/11/2025,2,6,7,38,39,41,49
08/11/2025,12,15,16,21,29,47,35
05/11/2025,5,16,17,30,35,46,6
01/11/2025,21,22,27,33,34,44,13
29/10/2025,2,10,27,28,35,45,14
25/10/2025,6,8,19,39,43,49,46
22/10/2025,2,4,7,41,45,46,13
18/10/2025,9,17,21,39,41,48,28
15/10/2025,5,10,17,26,31,32,24
11/10/2025,5,23,25,40,41,43,34
08/10/2025,17,22,24,40,42,46,29
04/10/2025,24,31,37,41,45,46,16
01/10/2025,26,27,30,38,47,48,43
27/09/2025,1,7,15,19,36,40,47
24/09/2025,9,10,12,17,46,49,30
20/09/2025,7,9,19,34,39,44,38
17/09/2025,3,12,23,27,33,45,22
13/09/2025,13,21,23,33,35,45,1
10/09/2025,11,25,30,35,46,49,37
06/09/2025,12,25,26,38,39,41,16
03/09/2025,14,22,24,28,34,35,4
30/08/2025,3,5,6,11,36,38,48
27/08/2025,5,16,17,21,41,47,6
23/08/2025,3,10,12,14,36,41,1
20/08/2025,24,29,31,33,36,37,21
16/08/2025,7,18,23,35,48,49,19
13/08/2025,4,9,11,12,42,49,41
09/08/2025,15,17,21,22,38,45,26
06/08/2025,1,4,5,10,37,46,24
02/08/2025,7,11,23,29,44,46,42
30/07/2025,11,13,15,16,38,48,25
26/07/2025,5,8,13,26,44,49,47
23/07/2025,4,12,19,34,40,42,5
19/07/2025,2,7,22,33,35,44,3
16/07/2025,2,4,9,17,20,46,31
12/07/2025,2,12,25,26,27,36,24
09/07/2025,2,17,18,22,32,37,26
05/07/2025,3,6,15,33,39,42,18
02/07/2025,6,25,27,34,38,49,2
28/06/2025,2,3,14,17,44,48,8
25/06/2025,4,8,15,20,40,49,37
21/06/2025,14,15,17,38,40,49,23
18/06/2025,8,14,20,25,30,38,46
14/06/2025,5,8,20,28,35,38,46
11/06/2025,4,9,23,28,32,39,26
07/06/2025,2,10,12,21,36,41,33
04/06/2025,8,20,30,39,41,48,18
31/05/2025,2,4,11,26,34,37,24
28/05/2025,6,13,28,31,34,48,42
24/05/2025,4,8,18,27,28,31,48
21/05/2025,1,2,37,38,43,46,40
17/05/2025,7,9,20,34,38,46,14
14/05/2025,1,8,17,18,41,48,42
10/05/2025,5,12,17,19,40,47,29
07/05/2025,1,4,8,13,16,26,14
03/05/2025,12,22,25,30,36,41,14
30/04/2025,1,9,12,15,34,35,31
26/04/2025,18,22,28,32,38,44,20
23/04/2025,9,15,22,24,40,49,25
19/04/2025,1,7,31,35,46,49,29
16/04/2025,3,11,13,15,17,39,32
12/04/2025,17,20,23,36,40,42,34
09/04/2025,11,18,26,35,37,39,16
05/04/2025,2,14,23,29,39,42,15
02/04/2025,18,26,35,40,43,47,24
29/03/2025,14,23,24,27,34,42,43
26/03/2025,9,13,25,30,45,49,8
22/03/2025,1,3,13,16,26,32,21
19/03/2025,6,7,28,32,44,48,18
15/03/2025,19,31,32,37,38,39,34
12/03/2025,13,15,16,22,23,46,2
08/03/2025,2,3,13,27,36,48,15
05/03/2025,9,11,26,36,37,42,14
01/03/2025,15,19,25,33,40,42,13
26/02/2025,7,19,20,26,31,35,40
22/02/2025,7,13,29,39,47,48,26
19/02/2025,9,10,11,24,31,37,44
15/02/2025,8,10,31,37,43,49,34
12/02/2025,19,24,39,40,42,45,41
08/02/2025,7,17,22,26,27,32,46
05/02/2025,4,13,20,32,37,46,33
01/02/2025,2,28,29,30,36,49,35
29/01/2025,3,7,15,20,31,39,2
25/01/2025,1,14,19,27,32,40,37
22/01/2025,22,24,28,32,41,42,25
18/01/2025,8,13,16,18,31,43,1
15/01/2025,4,17,21,32,33,49,28
11/01/2025,3,9,18,25,43,45,31
08/01/2025,9,10,12,22,32,34,47
04/01/2025,2,5,9,19,24,44,10
01/01/2025,2,10,13,26,35,46,8
26/09/2026,11,12,18,19,45,46,38
23/09/2026,11,20,32,35,38,45,9
19/09/2026,1,4,13,18,25,42,29
16/09/2026,3,5,19,32,46,48,9
12/09/2026,1,3,17,20,26,32,5
09/09/2026,14,18,27,35,41,47,17
05/09/2026,5,10,17,34,42,49,44
02/09/2026,6,8,9,14,17,25,16
29/08/2026,16,20,23,24,25,33,21
26/08/2026,2,14,30,33,41,45,39
22/08/2026,11,13,21,31,34,45,5
19/08/2026,6,7,10,32,33,36,11
15/08/2026,1,9,17,34,36,43,24
12/08/2026,6,13,28,34,45,48,46
08/08/2026,3,7,18,24,45,48,29
05/08/2026,12,30,31,35,41,48,21
01/08/2026,8,22,37,41,43,44,12
29/07/2026,6,8,13,15,20,37,10
25/07/2026,1,8,9,24,36,37,25
22/07/2026,9,25,29,30,33,44,10
18/07/2026,15,27,29,33,46,49,21
15/07/2026,12,15,17,21,28,38,41
11/07/2026,5,10,11,33,34,41,25
08/07/2026,15,19,25,37,41,42,3
04/07/2026,4,5,27,29,38,47,35
01/07/2026,3,10,14,20,30,45,8
27/06/2026,14,22,27,29,37,46,20
24/06/2026,9,20,28,29,36,42,1
20/06/2026,9,15,26,27,35,42,17
17/06/2026,2,14,23,26,42,48,25
13/06/2026,1,5,9,17,36,46,12
10/06/2026,4,9,33,39,40,48,1
06/06/2026,9,27,30,33,45,47,20
03/06/2026,3,5,6,28,30,37,19
30/05/2026,4,6,10,21,33,39,32
27/05/2026,5,27,35,38,44,46,3
23/05/2026,3,16,27,30,36,42,1
20/05/2026,4,13,14,20,22,47,10
16/05/2026,5,34,36,41,44,45,10
13/05/2026,1,42,43,44,46,48,29
09/05/2026,13,15,21,28,34,40,45
06/05/2026,2,9,35,42,43,47,17
02/05/2026,10,14,19,28,38,44,40
29/04/2026,6,19,23,31,47,49,45
25/04/2026,14,23,25,28,33,39,32
22/04/2026,7,11,13,30,37,49,42
18/04/2026,27,30,32,35,37,45,7
15/04/2026,10,13,15,26,34,36,8
11/04/2026,4,22,28,29,39,41,46
08/04/2026,9,14,41,44,48,49,8
04/04/2026,10,21,24,30,36,38,41
01/04/2026,16,24,28,34,46,49,22
28/03/2026,10,11,25,35,37,42,36
25/03/2026,20,23,25,28,40,45,44
21/03/2026,2,16,18,37,39,41,47
18/03/2026,3,21,25,26,35,44,22
14/03/2026,9,15,16,20,38,45,10
11/03/2026,5,6,8,14,16,39,11
07/03/2026,16,20,32,42,43,46,31
04/03/2026,2,18,30,39,40,44,28
28/02/2026,15,18,24,36,39,40,9
25/02/2026,17,24,32,37,46,49,43
21/02/2026,3,9,30,33,37,43,49
18/02/2026,5,6,16,17,33,44,29
14/02/2026,1,4,15,29,35,44,27
11/02/2026,25,28,32,40,42,43,16
07/02/2026,16,23,30,43,46,48,10
04/02/2026,3,4,9,15,27,49,6
31/01/2026,1,7,21,33,41,47,43
28/01/2026,8,15,44,45,48,49,7
24/01/2026,9,13,15,28,41,49,43
21/01/2026,4,13,21,27,34,39,36
17/01/2026,10,12,15,33,34,45,8
14/01/2026,9,12,23,28,33,47,15
10/01/2026,16,19,26,31,47,49,46
07/01/2026,3,9,10,11,14,24,5
03/01/2026,3,12,16,21,22,41,37
30/09/2026,4,9,12,39,43,46,28
03/10/2026,1,4,7,23,28,37,38,8096921,69247543-01,5000000,16000000
07/10/2026,3,8,11,20,33,49,14
