Date,No.1,No.2,No.3,No.4,No.5,powerball
22/04/1992,2,25,35,41,42,15
25/04/1992,6,9,22,42,44,12
29/04/1992,1,8,10,28,35,10
02/05/1992,14,23,31,32,41,33
06/05/1992,27,29,30,36,43,4
09/05/1992,1,12,16,23,31,33
13/05/1992,3,6,13,33,43,37
16/05/1992,2,9,19,28,30,38
20/05/1992,3,11,16,30,34,45
23/05/1992,23,27,28,36,44,26
27/05/1992,30,32,41,42,44,6
30/05/1992,4,8,17,19,45,9
03/06/1992,1,2,11,19,30,15
06/06/1992,2,6,9,10,42,20
10/06/1992,1,8,24,30,36,28
13/06/1992,13,27,29,42,43,41
17/06/1992,1,9,14,26,32,13
20/06/1992,7,11,15,21,35,12
24/06/1992,9,10,19,36,40,39
27/06/1992,17,23,24,31,35,25
01/07/1992,10,24,31,33,45,30
04/07/1992,5,7,15,22,45,31
08/07/1992,9,25,28,35,43,13
11/07/1992,9,11,24,28,44,20
15/07/1992,12,18,24,30,36,32
18/07/1992,2,5,18,19,35,40
22/07/1992,4,16,18,19,36,3
25/07/1992,15,21,27,32,37,37
29/07/1992,1,12,29,35,42,29
01/08/1992,10,15,17,20,28,29
05/08/1992,8,15,21,26,38,6
08/08/1992,5,14,19,26,30,27
12/08/1992,2,3,6,11,23,33
15/08/1992,7,16,17,42,45,12
19/08/1992,2,5,9,11,17,41
22/08/1992,4,36,40,43,44,43
26/08/1992,6,7,25,33,36,1
29/08/1992,14,17,30,32,41,27
02/09/1992,3,9,16,24,34,5
05/09/1992,3,4,23,24,34,6
09/09/1992,12,17,27,33,37,37
12/09/1992,10,20,22,26,34,35
16/09/1992,9,13,25,33,34,20
19/09/1992,17,19,21,29,36,45
23/09/1992,12,18,20,26,40,11
26/09/1992,17,24,40,44,45,14
30/09/1992,2,9,22,23,24,6
03/10/1992,18,36,39,40,43,5
07/10/1992,9,10,20,31,34,10
10/10/1992,3,8,23,26,35,34
14/10/1992,18,20,23,34,40,2
17/10/1992,5,13,22,28,29,12
21/10/1992,6,23,26,28,29,36
24/10/1992,3,16,24,31,35,16
28/10/1992,1,4,10,18,36,28
31/10/1992,9,15,17,26,43,22
04/11/1992,6,8,9,22,30,36
07/11/1992,2,3,22,39,42,21
11/11/1992,4,31,34,38,44,39
14/11/1992,16,21,24,36,43,19
18/11/1992,15,27,31,35,45,7
21/11/1992,2,28,36,44,45,17
25/11/1992,10,12,14,20,26,35
28/11/1992,11,15,35,39,40,23
02/12/1992,1,4,26,35,42,28
05/12/1992,9,17,19,40,41,31
09/12/1992,6,17,22,27,34,22
12/12/1992,9,28,40,42,44,12
16/12/1992,4,7,11,25,40,24
19/12/1992,11,16,32,37,39,27
23/12/1992,7,12,21,25,31,11
26/12/1992,6,12,17,18,42,17
30/12/1992,1,11,18,30,41,12
02/01/1993,9,12,20,27,35,20
06/01/1993,14,20,25,34,42,16
09/01/1993,5,10,38,40,43,10
13/01/1993,2,3,11,37,45,29
16/01/1993,5,7,8,25,28,13
20/01/1993,8,27,31,33,42,20
23/01/1993,8,12,15,30,33,9
27/01/1993,14,17,18,34,38,32
30/01/1993,1,10,27,40,45,17
03/02/1993,11,29,40,41,43,5
06/02/1993,19,23,25,31,41,37
10/02/1993,4,15,16,26,28,33
13/02/1993,5,7,11,24,28,22
17/02/1993,1,6,16,22,26,32
20/02/1993,10,28,32,38,41,38
24/02/1993,16,24,32,35,42,45
27/02/1993,1,4,16,35,38,27
03/03/1993,5,9,15,16,26,44
06/03/1993,5,15,21,25,41,34
10/03/1993,5,11,27,29,42,12
13/03/1993,2,11,21,35,38,29
17/03/1993,9,26,32,40,41,11
20/03/1993,12,14,25,32,41,38
24/03/1993,3,13,25,41,44,42
27/03/1993,2,3,13,14,17,26
31/03/1993,1,12,19,39,41,13
03/04/1993,15,22,24,32,39,18
07/04/1993,7,19,33,36,43,23
10/04/1993,23,24,30,36,39,34
14/04/1993,6,7,17,29,33,21
17/04/1993,4,15,30,36,38,9
21/04/1993,3,8,10,14,29,37
24/04/1993,9,15,16,25,26,2
28/04/1993,1,13,16,37,41,2
01/05/1993,2,14,25,35,41,1
05/05/1993,7,15,40,42,43,11
08/05/1993,21,22,36,43,45,26
12/05/1993,10,24,35,36,39,13
15/05/1993,15,27,32,40,41,30
19/05/1993,12,24,31,35,38,8
22/05/1993,7,18,26,31,36,39
26/05/1993,5,9,27,30,34,6
29/05/1993,1,5,21,28,41,12
02/06/1993,16,23,24,33,42,31
05/06/1993,1,3,5,9,30,45
09/06/1993,9,20,29,41,43,41
12/06/1993,11,24,28,39,41,36
16/06/1993,7,20,27,35,36,18
19/06/1993,6,17,20,36,42,17
23/06/1993,4,6,15,16,41,3
26/06/1993,4,9,18,19,42,10
30/06/1993,12,24,31,34,40,44
03/07/1993,9,14,15,30,40,4
07/07/1993,4,8,19,28,41,30
10/07/1993,15,18,19,28,41,35
14/07/1993,9,14,16,21,37,9
17/07/1993,11,23,33,35,44,43
21/07/1993,3,13,23,25,36,18
24/07/1993,6,11,12,23,40,3
28/07/1993,1,13,26,28,35,1
31/07/1993,16,25,26,31,35,16
04/08/1993,5,11,19,34,37,28
07/08/1993,3,18,20,22,35,41
11/08/1993,13,22,39,42,44,44
14/08/1993,10,11,14,34,36,10
18/08/1993,12,25,32,34,38,45
21/08/1993,24,26,34,37,42,13
25/08/1993,1,13,20,22,45,11
28/08/1993,1,4,7,10,12,42
01/09/1993,1,11,23,26,34,21
04/09/1993,20,26,38,41,43,22
08/09/1993,6,18,30,44,45,11
11/09/1993,2,4,27,29,35,23
15/09/1993,4,11,27,36,42,23
18/09/1993,1,8,18,29,38,42
22/09/1993,4,15,17,18,40,43
25/09/1993,1,2,8,16,23,9
29/09/1993,3,4,12,28,41,33
02/10/1993,2,4,21,25,36,34
06/10/1993,9,23,34,42,44,15
09/10/1993,9,10,11,13,23,28
13/10/1993,7,18,25,39,44,16
16/10/1993,2,3,15,27,43,15
20/10/1993,10,13,27,34,35,22
23/10/1993,4,6,21,38,39,13
27/10/1993,5,9,13,16,38,26
30/10/1993,1,12,21,22,41,25
03/11/1993,1,6,7,9,11,24
06/11/1993,3,22,26,28,45,26
10/11/1993,23,25,28,31,36,39
13/11/1993,13,15,18,22,23,35
17/11/1993,4,13,24,32,41,37
20/11/1993,6,13,21,38,39,40
24/11/1993,2,4,25,26,27,38
27/11/1993,13,24,27,32,43,43
01/12/1993,2,4,18,31,39,43
04/12/1993,5,15,16,39,45,25
08/12/1993,18,26,32,34,43,10
11/12/1993,15,27,37,39,42,26
15/12/1993,9,26,39,43,45,40
18/12/1993,3,4,8,9,44,36
22/12/1993,1,3,13,15,29,12
25/12/1993,6,8,20,26,36,29
29/12/1993,6,7,12,30,43,28
01/01/1994,7,9,27,33,43,1
05/01/1994,4,16,25,37,41,36
08/01/1994,1,3,17,28,44,40
12/01/1994,2,4,6,15,34,20
15/01/1994,8,10,18,41,45,25
19/01/1994,7,18,33,44,45,36
22/01/1994,8,15,22,25,33,5
26/01/1994,3,15,22,27,34,8
29/01/1994,2,8,27,40,41,22
02/02/1994,3,8,11,27,37,7
05/02/1994,11,19,23,24,35,44
09/02/1994,6,11,17,41,43,24
12/02/1994,1,13,21,31,33,24
16/02/1994,8,18,20,38,40,10
19/02/1994,8,10,12,17,24,33
23/02/1994,7,27,40,43,44,4
26/02/1994,6,9,11,19,23,22
02/03/1994,4,8,24,37,43,20
05/03/1994,6,10,20,42,45,22
09/03/1994,22,28,33,44,45,26
12/03/1994,1,18,22,29,33,10
16/03/1994,8,19,20,35,42,35
19/03/1994,1,6,33,42,43,37
23/03/1994,3,22,27,34,40,15
26/03/1994,1,3,10,24,25,14
30/03/1994,1,2,12,17,22,36
02/04/1994,6,15,27,31,34,26
06/04/1994,7,10,24,26,31,34
09/04/1994,2,4,11,39,42,26
13/04/1994,6,14,17,22,45,35
16/04/1994,4,13,18,28,43,9
20/04/1994,11,12,22,24,26,19
23/04/1994,8,9,15,39,42,19
27/04/1994,12,19,30,33,36,29
30/04/1994,3,7,8,39,45,11
04/05/1994,22,23,39,44,45,6
07/05/1994,21,29,30,35,37,9
11/05/1994,6,9,23,33,39,42
14/05/1994,23,25,30,33,45,37
18/05/1994,5,6,25,33,36,39
21/05/1994,19,33,36,39,44,12
25/05/1994,6,9,15,22,26,10
28/05/1994,6,10,24,28,45,3
01/06/1994,2,20,32,36,38,31
04/06/1994,7,8,15,23,31,26
08/06/1994,9,15,23,31,44,1
11/06/1994,7,18,37,39,43,11
15/06/1994,3,13,14,29,45,2
18/06/1994,3,12,14,27,35,12
22/06/1994,3,8,19,26,33,41
25/06/1994,3,7,20,33,43,19
29/06/1994,23,26,27,28,39,4
02/07/1994,16,20,22,29,45,11
06/07/1994,6,9,11,22,23,2
09/07/1994,5,12,23,27,28,3
13/07/1994,8,22,25,35,38,20
16/07/1994,5,6,23,38,45,41
20/07/1994,1,11,19,27,37,26
23/07/1994,29,32,38,40,45,23
27/07/1994,5,23,24,32,44,15
30/07/1994,1,2,8,21,31,18
03/08/1994,6,22,29,36,43,45
06/08/1994,15,18,20,23,26,36
10/08/1994,2,11,20,27,44,16
13/08/1994,11,33,39,41,44,33
17/08/1994,11,22,25,34,35,45
20/08/1994,6,11,21,22,32,38
24/08/1994,1,20,25,28,43,4
27/08/1994,11,17,18,25,40,8
31/08/1994,8,11,19,23,34,7
03/09/1994,3,12,17,20,34,23
07/09/1994,21,29,38,43,45,27
10/09/1994,10,11,20,27,44,26
14/09/1994,4,20,28,36,44,31
17/09/1994,18,29,30,37,41,21
21/09/1994,25,27,30,38,45,18
24/09/1994,10,16,23,28,32,10
28/09/1994,10,11,19,26,40,9
01/10/1994,1,5,19,29,37,32
05/10/1994,8,14,29,35,39,1
08/10/1994,12,15,22,32,36,45
12/10/1994,4,14,21,30,36,3
15/10/1994,18,23,24,26,35,44
19/10/1994,3,17,19,29,34,8
22/10/1994,7,13,19,24,29,24
26/10/1994,10,15,17,22,32,28
29/10/1994,5,13,15,27,44,37
02/11/1994,8,13,16,18,21,22
05/11/1994,10,32,40,42,45,31
09/11/1994,10,24,31,33,44,12
12/11/1994,7,15,26,33,39,44
16/11/1994,12,22,23,31,40,24
19/11/1994,6,10,13,26,39,43
23/11/1994,3,16,30,34,41,41
26/11/1994,7,9,16,42,45,31
30/11/1994,5,13,24,29,31,40
03/12/1994,7,8,29,39,41,44
07/12/1994,14,17,18,25,35,37
10/12/1994,3,14,22,30,38,40
14/12/1994,5,18,22,35,39,1
17/12/1994,17,19,25,29,41,5
21/12/1994,1,8,22,24,34,1
24/12/1994,11,20,22,31,34,31
28/12/1994,17,27,40,43,44,24
31/12/1994,20,28,29,43,44,34
04/01/1995,12,18,19,34,40,17
07/01/1995,14,17,27,38,42,21
11/01/1995,14,15,25,30,35,13
14/01/1995,1,32,33,38,42,14
18/01/1995,17,19,28,32,38,5
21/01/1995,4,5,7,8,41,44
25/01/1995,8,18,26,27,30,12
28/01/1995,14,25,29,39,43,1
01/02/1995,11,23,31,34,36,5
04/02/1995,10,15,18,26,33,6
08/02/1995,2,13,14,26,39,6
11/02/1995,4,14,15,28,44,17
15/02/1995,9,10,27,34,36,40
18/02/1995,1,2,27,32,33,12
22/02/1995,32,40,43,44,45,18
25/02/1995,6,7,9,14,31,26
01/03/1995,16,19,20,21,35,33
04/03/1995,8,23,32,36,41,40
08/03/1995,15,32,36,39,45,8
11/03/1995,1,3,9,17,40,34
15/03/1995,11,23,26,34,42,21
18/03/1995,1,19,32,33,43,42
22/03/1995,6,10,12,25,35,15
25/03/1995,3,9,15,23,28,3
29/03/1995,2,9,19,24,28,33
01/04/1995,5,11,25,28,34,36
05/04/1995,3,10,19,23,29,26
08/04/1995,5,20,24,33,42,7
12/04/1995,4,7,13,27,35,29
15/04/1995,7,19,21,22,31,24
19/04/1995,1,3,11,22,28,42
22/04/1995,11,21,28,33,36,36
26/04/1995,15,28,30,35,43,19
29/04/1995,4,15,24,25,28,39
03/05/1995,5,15,24,42,44,3
06/05/1995,2,26,31,38,43,12
10/05/1995,1,5,16,27,32,27
13/05/1995,2,17,18,34,36,26
17/05/1995,2,10,12,30,43,10
20/05/1995,4,11,21,25,27,29
24/05/1995,7,14,25,26,29,9
27/05/1995,5,7,11,26,33,39
31/05/1995,7,14,16,24,36,27
03/06/1995,7,20,21,26,27,45
07/06/1995,13,24,28,36,39,42
10/06/1995,11,20,28,35,44,20
14/06/1995,2,12,20,35,37,21
17/06/1995,9,15,23,28,44,34
21/06/1995,16,21,23,26,42,26
24/06/1995,11,17,25,35,40,12
28/06/1995,6,11,13,19,40,12
01/07/1995,4,14,16,27,28,43
05/07/1995,6,14,21,23,41,6
08/07/1995,1,6,19,21,26,9
12/07/1995,12,27,34,35,41,13
15/07/1995,1,3,4,20,40,40
19/07/1995,5,13,27,41,42,41
22/07/1995,1,4,6,22,28,9
26/07/1995,5,9,16,23,28,10
29/07/1995,11,14,16,25,33,26
02/08/1995,11,15,17,22,37,23
05/08/1995,16,27,29,36,38,21
09/08/1995,16,22,23,29,33,10
12/08/1995,1,16,24,34,35,6
16/08/1995,16,17,26,30,38,1
19/08/1995,3,6,16,19,26,4
23/08/1995,21,23,25,35,38,26
26/08/1995,3,12,30,31,45,19
30/08/1995,3,5,27,34,37,28
02/09/1995,4,11,28,33,37,44
06/09/1995,2,16,27,36,43,42
09/09/1995,2,5,21,40,43,41
13/09/1995,11,19,31,32,39,9
16/09/1995,5,6,21,26,38,7
20/09/1995,3,10,17,27,36,39
23/09/1995,1,9,13,19,38,32
27/09/1995,1,2,25,41,45,28
30/09/1995,12,22,31,32,40,2
04/10/1995,13,24,27,35,44,18
07/10/1995,2,7,15,18,31,39
11/10/1995,9,10,17,41,44,19
14/10/1995,9,12,32,40,44,32
18/10/1995,2,17,21,22,29,10
21/10/1995,4,5,9,23,43,12
25/10/1995,1,2,6,31,36,9
28/10/1995,13,25,28,30,35,3
01/11/1995,12,19,20,27,42,6
04/11/1995,3,23,39,41,43,31
08/11/1995,3,9,14,18,28,15
11/11/1995,6,10,28,37,40,14
15/11/1995,12,21,24,32,41,5
18/11/1995,2,9,20,24,45,5
22/11/1995,6,10,24,31,43,17
25/11/1995,21,32,33,34,41,34
29/11/1995,6,10,11,25,37,45
02/12/1995,8,15,30,31,41,42
06/12/1995,1,2,3,26,27,19
09/12/1995,7,15,20,35,40,13
13/12/1995,6,17,25,36,42,16
16/12/1995,4,14,18,19,26,30
20/12/1995,10,17,20,39,42,33
23/12/1995,3,7,10,42,43,38
27/12/1995,8,17,24,27,44,23
30/12/1995,2,4,7,13,26,33
03/01/1996,8,13,23,31,38,14
06/01/1996,19,24,33,36,44,2
10/01/1996,12,15,18,26,35,43
13/01/1996,8,13,32,33,39,4
17/01/1996,1,11,14,17,33,34
20/01/1996,12,21,25,32,34,4
24/01/1996,1,24,30,36,42,7
27/01/1996,8,10,22,27,38,20
31/01/1996,1,4,16,38,45,35
03/02/1996,10,16,18,39,45,38
07/02/1996,6,32,38,39,40,8
10/02/1996,15,19,20,33,35,15
14/02/1996,4,8,15,16,25,35
17/02/1996,1,7,15,35,44,44
21/02/1996,5,9,21,35,38,16
24/02/1996,2,27,29,33,40,42
28/02/1996,22,30,34,44,45,37
02/03/1996,2,3,24,38,41,7
06/03/1996,1,5,7,13,40,42
09/03/1996,1,19,31,35,44,3
13/03/1996,15,18,23,32,43,6
16/03/1996,10,25,36,39,40,10
20/03/1996,11,14,17,26,42,35
23/03/1996,12,17,22,37,42,30
27/03/1996,1,6,17,30,39,44
30/03/1996,10,13,32,35,38,37
03/04/1996,15,16,32,38,42,9
06/04/1996,6,10,15,38,41,24
10/04/1996,2,10,23,31,37,40
13/04/1996,12,16,22,26,39,29
17/04/1996,2,20,26,31,36,2
20/04/1996,2,8,10,29,32,40
24/04/1996,5,18,20,24,43,22
27/04/1996,5,7,23,34,45,18
01/05/1996,2,14,27,30,43,9
04/05/1996,4,9,24,31,42,39
08/05/1996,10,16,24,28,41,8
11/05/1996,17,23,26,27,42,42
15/05/1996,11,16,17,32,37,16
18/05/1996,2,7,8,28,33,35
22/05/1996,15,26,33,35,39,27
25/05/1996,9,21,39,44,45,37
29/05/1996,14,20,29,40,44,11
01/06/1996,5,12,17,22,36,4
05/06/1996,1,3,19,35,37,1
08/06/1996,7,8,21,28,34,14
12/06/1996,7,15,23,38,43,31
15/06/1996,5,14,20,22,36,8
19/06/1996,9,12,38,40,44,10
22/06/1996,6,23,33,34,45,17
26/06/1996,8,23,36,40,41,26
29/06/1996,22,28,37,41,45,43
03/07/1996,4,14,27,29,38,12
06/07/1996,3,4,24,31,38,10
10/07/1996,2,11,15,30,44,27
13/07/1996,6,15,23,29,34,16
17/07/1996,4,15,21,24,36,35
20/07/1996,7,10,11,17,38,13
24/07/1996,15,25,28,34,44,26
27/07/1996,3,9,10,13,31,12
31/07/1996,6,13,21,39,43,38
03/08/1996,8,18,21,24,37,29
07/08/1996,8,11,15,31,42,40
10/08/1996,2,13,14,19,42,5
14/08/1996,1,19,26,37,41,27
17/08/1996,17,36,41,42,44,35
21/08/1996,10,18,19,31,45,30
24/08/1996,2,13,15,35,40,10
28/08/1996,10,24,29,38,45,1
31/08/1996,20,21,24,42,44,18
04/09/1996,19,26,29,36,45,11
07/09/1996,13,14,28,35,38,9
11/09/1996,8,9,12,18,33,11
14/09/1996,7,15,26,34,44,45
18/09/1996,13,21,22,23,38,27
21/09/1996,2,17,23,30,39,2
25/09/1996,7,10,25,33,38,43
28/09/1996,2,13,14,35,36,39
02/10/1996,13,14,16,19,37,25
05/10/1996,2,13,15,33,38,44
09/10/1996,2,14,16,21,33,27
12/10/1996,1,22,25,27,45,42
16/10/1996,20,31,33,40,43,10
19/10/1996,8,20,30,31,42,9
23/10/1996,9,24,27,31,34,18
26/10/1996,4,17,19,25,37,19
30/10/1996,10,13,19,37,43,45
02/11/1996,17,32,37,38,44,28
06/11/1996,11,18,30,35,42,1
09/11/1996,1,3,5,6,35,38
13/11/1996,17,19,25,27,30,1
16/11/1996,11,27,35,39,43,21
20/11/1996,11,12,15,18,35,19
23/11/1996,6,8,17,25,41,44
27/11/1996,1,31,37,38,39,3
30/11/1996,13,28,30,38,41,22
04/12/1996,1,10,17,20,42,29
07/12/1996,6,20,24,31,37,34
11/12/1996,4,8,15,22,36,43
14/12/1996,10,19,22,38,44,30
18/12/1996,3,21,28,36,45,1
21/12/1996,13,16,20,42,44,45
25/12/1996,13,14,17,25,26,29
28/12/1996,3,11,21,22,31,13
01/01/1997,6,13,17,19,42,44
04/01/1997,1,12,16,25,29,43
08/01/1997,7,14,22,37,45,18
11/01/1997,2,18,26,29,42,7
15/01/1997,15,27,34,39,44,18
18/01/1997,19,27,30,35,40,34
22/01/1997,3,11,12,29,41,35
25/01/1997,2,6,38,42,45,27
29/01/1997,1,4,26,28,37,9
01/02/1997,3,16,38,39,40,8
05/02/1997,2,8,18,37,45,42
08/02/1997,22,23,24,29,35,29
12/02/1997,12,16,28,29,36,37
15/02/1997,13,14,26,38,43,7
19/02/1997,7,8,21,23,38,28
22/02/1997,17,35,37,38,40,37
26/02/1997,4,8,9,11,44,6
01/03/1997,7,10,22,34,41,12
05/03/1997,21,29,31,32,43,28
08/03/1997,9,12,21,31,36,22
12/03/1997,1,17,22,30,37,11
15/03/1997,4,7,20,25,31,42
19/03/1997,3,6,7,37,42,19
22/03/1997,5,18,19,21,29,19
26/03/1997,4,15,19,26,32,33
29/03/1997,3,23,29,35,42,25
02/04/1997,4,6,13,33,40,17
05/04/1997,7,8,10,11,21,19
09/04/1997,17,36,42,43,45,16
12/04/1997,9,10,21,28,29,6
16/04/1997,15,16,24,39,45,37
19/04/1997,5,13,19,28,31,31
23/04/1997,4,16,21,31,39,13
26/04/1997,5,18,29,31,42,43
30/04/1997,17,26,31,33,40,32
03/05/1997,8,21,22,29,38,29
07/05/1997,8,10,12,27,35,4
10/05/1997,5,9,14,16,24,35
14/05/1997,8,28,36,42,44,18
17/05/1997,14,24,25,29,31,36
21/05/1997,8,20,32,37,44,40
24/05/1997,5,21,33,35,45,13
28/05/1997,6,10,30,34,39,19
31/05/1997,7,11,16,17,39,17
04/06/1997,4,12,18,20,38,40
07/06/1997,6,8,18,34,39,22
11/06/1997,7,10,23,33,45,12
14/06/1997,9,17,21,24,27,16
18/06/1997,16,23,24,28,29,24
21/06/1997,6,11,20,29,45,43
25/06/1997,20,29,34,35,39,16
28/06/1997,1,21,31,34,43,42
02/07/1997,9,18,37,44,45,38
05/07/1997,22,26,28,43,44,29
09/07/1997,4,32,33,36,39,22
12/07/1997,3,5,11,35,37,14
16/07/1997,13,17,18,39,44,24
19/07/1997,4,11,26,33,41,1
23/07/1997,26,36,40,42,45,12
26/07/1997,6,10,18,23,26,42
30/07/1997,6,16,21,30,34,11
02/08/1997,2,21,28,35,36,10
06/08/1997,3,6,12,25,45,10
09/08/1997,1,7,13,17,27,12
13/08/1997,13,17,31,36,41,19
16/08/1997,3,12,25,33,34,24
20/08/1997,1,3,12,15,25,23
23/08/1997,12,14,34,35,44,9
27/08/1997,1,8,36,37,38,19
30/08/1997,3,11,26,29,36,24
03/09/1997,2,5,10,22,39,42
06/09/1997,7,34,35,39,45,29
10/09/1997,1,2,16,21,42,3
13/09/1997,6,8,19,32,45,22
17/09/1997,22,26,28,31,34,18
20/09/1997,15,16,22,28,43,33
24/09/1997,9,12,25,28,39,20
27/09/1997,6,14,16,31,41,6
01/10/1997,18,21,25,36,44,9
04/10/1997,11,24,25,31,43,28
08/10/1997,10,14,22,33,35,11
11/10/1997,2,20,34,40,42,3
15/10/1997,7,9,19,21,34,8
18/10/1997,11,14,16,19,21,6
22/10/1997,5,9,23,40,43,24
25/10/1997,15,23,24,28,35,30
29/10/1997,6,11,13,26,32,37
01/11/1997,37,28,33,22,25,20
05/11/1997,2,19,35,24,28,26
08/11/1997,40,17,21,7,49,37
12/11/1997,41,14,13,29,16,1
15/11/1997,32,7,45,21,26,8
19/11/1997,19,10,48,3,21,22
22/11/1997,22,31,3,7,14,2
26/11/1997,15,46,34,23,40,35
29/11/1997,11,27,13,2,31,23
03/12/1997,18,9,14,47,42,32
06/12/1997,15,26,28,8,43,36
10/12/1997,18,21,28,41,4,3
13/12/1997,44,41,46,35,5,27
17/12/1997,3,5,45,18,13,20
20/12/1997,23,11,12,17,10,7
24/12/1997,28,16,35,34,3,14
27/12/1997,14,48,15,36,9,17
31/12/1997,27,14,6,4,5,6
03/01/1998,4,9,27,7,32,6
07/01/1998,18,4,30,37,3,23
10/01/1998,17,9,7,44,20,25
14/01/1998,16,9,6,28,38,13
17/01/1998,28,9,49,38,29,6
21/01/1998,31,32,23,1,26,33
24/01/1998,7,23,15,28,36,10
28/01/1998,23,48,36,15,31,12
31/01/1998,13,36,48,7,11,18
04/02/1998,30,25,12,8,21,20
07/02/1998,40,12,15,5,27,14
11/02/1998,37,34,33,25,35,35
14/02/1998,41,23,5,39,7,6
18/02/1998,1,33,28,29,21,15
21/02/1998,22,47,29,39,9,25
25/02/1998,30,43,2,20,46,19
28/02/1998,49,26,4,45,41,6
04/03/1998,39,30,19,3,33,9
07/03/1998,32,36,42,30,21,33
11/03/1998,2,17,36,24,5,20
14/03/1998,15,47,35,34,42,15
18/03/1998,4,41,39,2,33,26
21/03/1998,38,34,4,35,47,16
25/03/1998,42,44,35,23,5,29
28/03/1998,27,44,33,38,30,15
01/04/1998,47,33,11,34,12,39
04/04/1998,8,3,23,46,43,13
08/04/1998,3,24,30,49,10,35
11/04/1998,49,48,5,36,15,11
15/04/1998,41,25,8,24,39,21
18/04/1998,22,24,45,19,30,21
22/04/1998,13,4,49,29,31,4
25/04/1998,35,5,38,7,20,19
29/04/1998,25,46,8,47,30,31
02/05/1998,49,3,37,19,14,4
06/05/1998,20,47,45,44,11,5
09/05/1998,8,49,34,29,26,28
13/05/1998,2,36,13,30,18,26
16/05/1998,22,1,41,28,23,18
20/05/1998,9,30,48,34,4,8
23/05/1998,15,16,35,46,1,35
27/05/1998,46,27,15,33,2,27
30/05/1998,3,45,29,24,14,24
03/06/1998,31,22,25,41,35,38
06/06/1998,24,42,26,16,28,24
10/06/1998,12,36,38,19,4,6
13/06/1998,21,23,6,8,3,11
17/06/1998,36,35,7,37,14,10
20/06/1998,49,27,26,31,9,4
24/06/1998,27,18,16,30,13,23
27/06/1998,7,10,31,30,36,37
01/07/1998,3,17,29,35,47,34
04/07/1998,39,25,38,15,30,42
08/07/1998,19,5,16,34,29,24
11/07/1998,10,12,1,6,38,17
15/07/1998,16,21,36,23,11,37
18/07/1998,10,40,14,8,33,31
22/07/1998,30,49,1,23,22,33
25/07/1998,23,14,3,21,17,16
29/07/1998,39,8,43,45,49,13
01/08/1998,4,25,20,44,1,5
05/08/1998,42,35,19,12,3,21
08/08/1998,45,42,5,9,33,28
12/08/1998,10,42,33,2,45,2
15/08/1998,37,12,49,27,30,20
19/08/1998,8,23,43,15,46,29
22/08/1998,21,22,11,7,49,19
26/08/1998,6,32,46,23,42,8
29/08/1998,13,18,14,29,31,23
02/09/1998,28,29,44,40,21,8
05/09/1998,26,49,10,16,8,40
09/09/1998,42,46,12,4,19,9
12/09/1998,19,28,33,16,35,16
16/09/1998,40,35,6,24,42,2
19/09/1998,41,35,19,37,1,11
23/09/1998,1,21,42,22,5,18
26/09/1998,25,24,5,3,2,8
30/09/1998,2,8,3,12,36,24
03/10/1998,5,25,32,14,22,4
07/10/1998,15,8,26,9,6,7
10/10/1998,1,19,8,28,45,25
14/10/1998,26,14,18,32,15,6
17/10/1998,44,48,47,32,28,27
21/10/1998,24,27,22,44,39,25
24/10/1998,12,25,17,10,40,20
28/10/1998,44,24,35,9,8,42
31/10/1998,17,42,33,37,34,8
04/11/1998,17,2,36,8,30,22
07/11/1998,5,33,10,13,30,28
11/11/1998,48,36,14,25,10,2
14/11/1998,41,35,10,16,3,38
18/11/1998,21,25,33,39,46,18
21/11/1998,15,14,21,1,35,10
25/11/1998,6,33,48,13,10,9
28/11/1998,11,4,43,6,2,9
02/12/1998,45,29,36,4,22,30
05/12/1998,31,19,9,27,20,39
09/12/1998,40,12,43,48,33,16
12/12/1998,29,40,16,12,26,32
16/12/1998,3,32,19,27,8,38
19/12/1998,5,15,45,17,3,6
23/12/1998,45,29,31,39,46,33
26/12/1998,17,27,29,7,41,33
30/12/1998,38,34,46,20,10,3
02/01/1999,23,26,39,4,17,27
06/01/1999,16,44,2,9,13,36
09/01/1999,27,5,10,11,32,13
13/01/1999,31,15,33,47,43,6
16/01/1999,2,40,28,15,20,15
20/01/1999,12,2,40,19,48,27
23/01/1999,3,49,30,19,26,31
27/01/1999,20,23,4,44,2,22
30/01/1999,19,40,25,24,45,5
03/02/1999,39,42,26,20,30,32
06/02/1999,25,48,39,15,32,32
10/02/1999,31,42,10,27,20,26
13/02/1999,18,4,35,27,9,11
17/02/1999,36,25,21,22,10,39
20/02/1999,16,39,24,6,15,12
24/02/1999,46,15,40,29,8,23
27/02/1999,30,13,46,20,32,36
03/03/1999,1,44,42,12,8,13
06/03/1999,25,42,19,13,20,13
10/03/1999,34,26,49,14,1,15
13/03/1999,11,49,8,42,44,39
17/03/1999,9,15,31,40,37,9
20/03/1999,20,41,4,40,22,7
24/03/1999,19,20,27,7,26,12
27/03/1999,12,45,13,5,48,35
31/03/1999,16,3,15,39,28,1
03/04/1999,1,4,10,17,30,6
07/04/1999,26,5,37,39,31,42
10/04/1999,3,34,45,42,24,1
14/04/1999,25,10,40,19,12,33
17/04/1999,18,40,25,43,15,37
21/04/1999,3,11,45,41,32,29
24/04/1999,3,48,45,1,35,18
28/04/1999,42,5,12,18,7,14
01/05/1999,20,9,27,7,26,18
05/05/1999,7,40,9,31,26,24
08/05/1999,25,47,34,28,30,14
12/05/1999,5,12,40,38,4,28
15/05/1999,4,38,24,27,30,14
19/05/1999,24,35,4,41,9,31
22/05/1999,36,18,6,43,15,11
26/05/1999,36,26,34,29,37,24
29/05/1999,43,36,35,5,45,19
02/06/1999,48,24,4,20,46,32
05/06/1999,49,8,37,2,16,11
09/06/1999,32,35,7,48,38,17
12/06/1999,28,26,35,45,17,20
16/06/1999,2,4,38,14,8,1
19/06/1999,46,2,23,38,27,26
23/06/1999,15,12,23,17,49,7
26/06/1999,22,15,38,47,8,26
30/06/1999,5,20,40,10,12,3
03/07/1999,1,7,8,37,21,2
07/07/1999,41,3,6,37,17,8
10/07/1999,35,17,7,44,37,30
14/07/1999,25,32,6,29,1,9
17/07/1999,37,40,36,30,48,28
21/07/1999,26,13,31,4,29,3
24/07/1999,4,23,45,47,33,33
28/07/1999,22,25,31,23,32,25
31/07/1999,45,18,43,46,26,29
04/08/1999,24,33,35,4,18,34
07/08/1999,42,49,45,1,44,1
11/08/1999,5,7,43,12,10,7
14/08/1999,6,39,5,45,1,14
18/08/1999,8,5,26,41,9,19
21/08/1999,17,45,28,42,2,20
25/08/1999,45,11,13,21,34,30
28/08/1999,38,39,25,14,18,7
01/09/1999,9,37,39,36,32,14
04/09/1999,23,22,34,26,14,29
08/09/1999,8,43,22,39,15,22
11/09/1999,37,4,32,42,33,25
15/09/1999,37,12,1,42,48,31
18/09/1999,2,46,26,34,8,30
22/09/1999,8,33,38,35,47,8
25/09/1999,33,41,36,32,15,7
29/09/1999,29,46,11,41,22,42
02/10/1999,48,35,15,12,25,30
06/10/1999,7,6,38,42,15,42
09/10/1999,20,8,43,39,27,1
13/10/1999,23,15,44,38,43,38
16/10/1999,5,40,18,22,12,21
20/10/1999,2,20,19,29,16,13
23/10/1999,32,15,12,37,27,11
27/10/1999,31,24,20,39,17,21
30/10/1999,26,41,33,37,10,21
03/11/1999,7,3,8,1,26,7
06/11/1999,8,5,12,40,25,28
10/11/1999,43,40,19,13,31,36
13/11/1999,26,13,32,16,34,24
17/11/1999,27,20,11,48,43,12
20/11/1999,5,6,18,44,42,3
24/11/1999,43,2,15,4,37,40
27/11/1999,16,24,38,28,3,28
01/12/1999,32,14,47,20,3,2
04/12/1999,38,25,36,22,5,37
08/12/1999,34,13,44,40,47,24
11/12/1999,47,10,6,31,48,29
15/12/1999,35,33,47,19,32,26
18/12/1999,43,3,2,25,15,25
22/12/1999,43,23,42,13,11,18
25/12/1999,19,39,29,6,44,28
29/12/1999,43,11,16,3,14,10
01/01/2000,36,13,23,9,45,39
05/01/2000,15,5,16,28,32,39
08/01/2000,28,7,35,40,48,14
12/01/2000,32,9,44,38,41,27
15/01/2000,40,1,6,21,33,28
19/01/2000,12,37,31,35,44,34
22/01/2000,41,32,4,34,16,25
26/01/2000,46,43,18,25,30,18
29/01/2000,28,8,32,6,47,26
02/02/2000,16,6,10,12,29,33
05/02/2000,44,11,41,34,6,20
09/02/2000,40,36,49,5,29,30
12/02/2000,45,37,44,21,24,24
16/02/2000,31,10,12,9,41,37
19/02/2000,45,24,14,23,48,21
23/02/2000,32,12,20,16,26,35
26/02/2000,49,9,7,23,37,7
01/03/2000,22,30,38,21,29,39
04/03/2000,6,43,8,48,3,1
08/03/2000,36,17,14,11,25,38
11/03/2000,23,11,31,2,28,39
15/03/2000,19,44,15,38,14,20
18/03/2000,30,43,46,12,39,10
22/03/2000,41,3,12,46,30,32
25/03/2000,6,48,43,30,45,32
29/03/2000,40,12,32,37,49,37
01/04/2000,4,3,29,38,13,21
05/04/2000,6,11,18,8,39,40
08/04/2000,33,4,48,12,9,18
12/04/2000,31,20,4,25,6,6
15/04/2000,28,26,48,40,15,9
19/04/2000,8,20,49,9,3,22
22/04/2000,48,3,9,5,42,35
26/04/2000,37,24,10,5,17,15
29/04/2000,12,14,35,26,36,37
03/05/2000,5,48,41,34,13,7
06/05/2000,39,4,27,29,41,16
10/05/2000,31,47,20,18,8,11
13/05/2000,38,1,42,27,3,24
17/05/2000,17,20,49,16,28,34
20/05/2000,40,5,48,17,44,26
24/05/2000,7,47,19,43,46,4
27/05/2000,30,29,2,44,22,36
31/05/2000,22,15,42,43,16,11
03/06/2000,31,37,13,14,15,10
07/06/2000,46,45,19,39,49,17
10/06/2000,47,2,32,40,16,15
14/06/2000,23,21,42,32,34,5
17/06/2000,25,15,47,44,6,7
21/06/2000,43,1,28,27,24,25
24/06/2000,49,13,26,27,2,4
28/06/2000,27,24,30,13,45,18
01/07/2000,42,14,22,13,32,26
05/07/2000,32,18,10,14,33,2
08/07/2000,10,2,39,34,7,12
12/07/2000,9,10,48,6,26,10
15/07/2000,21,5,8,49,46,34
19/07/2000,36,5,8,18,38,40
22/07/2000,12,2,33,15,41,33
26/07/2000,3,37,20,22,44,36
29/07/2000,38,24,26,11,41,7
02/08/2000,12,42,49,33,27,31
05/08/2000,32,38,28,13,33,14
09/08/2000,18,28,19,11,17,34
12/08/2000,46,47,31,6,38,21
16/08/2000,44,16,15,47,27,14
19/08/2000,17,36,23,10,13,23
23/08/2000,43,28,47,20,40,31
26/08/2000,40,43,27,22,16,5
30/08/2000,25,29,36,46,4,8
02/09/2000,5,26,22,14,20,35
06/09/2000,28,6,4,12,42,6
09/09/2000,18,42,14,29,20,2
13/09/2000,21,2,22,47,13,31
16/09/2000,19,47,1,40,49,14
20/09/2000,17,45,23,33,21,11
23/09/2000,35,1,17,36,27,31
27/09/2000,24,47,44,32,42,15
30/09/2000,24,19,32,44,43,39
04/10/2000,24,16,48,34,3,3
07/10/2000,4,7,39,34,27,1
11/10/2000,32,44,45,26,41,35
14/10/2000,16,22,18,41,14,37
18/10/2000,17,42,21,43,28,25
21/10/2000,24,45,13,19,44,16
25/10/2000,45,5,46,3,20,37
28/10/2000,37,32,6,11,47,13
01/11/2000,10,29,14,4,39,10
04/11/2000,34,5,22,42,9,2
08/11/2000,37,49,17,45,13,4
11/11/2000,21,38,12,4,46,37
15/11/2000,26,12,46,32,41,18
18/11/2000,27,31,41,3,32,33
22/11/2000,44,18,5,40,47,34
25/11/2000,37,2,39,38,42,22
29/11/2000,29,1,20,27,4,17
02/12/2000,22,14,38,41,11,39
06/12/2000,20,15,45,7,23,17
09/12/2000,14,41,10,8,42,20
13/12/2000,6,19,38,10,43,41
16/12/2000,26,34,2,33,39,23
20/12/2000,4,31,34,7,41,28
23/12/2000,27,6,11,15,22,27
27/12/2000,24,15,32,22,39,18
30/12/2000,46,38,29,23,26,35
03/01/2001,29,9,49,19,38,20
06/01/2001,22,43,1,24,39,26
10/01/2001,23,22,35,6,9,6
13/01/2001,42,19,23,14,29,26
17/01/2001,48,16,31,9,28,36
20/01/2001,36,25,11,1,29,40
24/01/2001,39,49,31,34,42,26
27/01/2001,45,19,41,32,8,37
31/01/2001,27,15,21,47,37,16
03/02/2001,29,27,44,21,41,9
07/02/2001,7,6,33,31,4,20
10/02/2001,46,16,41,38,47,25
14/02/2001,41,29,5,42,18,16
17/02/2001,31,39,22,41,4,6
21/02/2001,32,4,10,39,45,25
24/02/2001,41,30,49,34,29,37
28/02/2001,3,47,46,9,1,22
03/03/2001,44,36,23,9,8,15
07/03/2001,32,9,23,45,40,31
10/03/2001,30,19,12,26,33,11
14/03/2001,42,22,27,49,12,34
17/03/2001,36,16,18,15,20,18
21/03/2001,13,18,14,20,21,16
24/03/2001,2,28,37,40,49,22
28/03/2001,27,43,31,12,4,20
31/03/2001,11,39,41,27,37,42
04/04/2001,5,43,16,12,13,11
07/04/2001,37,20,41,31,18,1
11/04/2001,21,4,41,32,39,31
14/04/2001,3,16,30,8,29,4
18/04/2001,6,18,11,20,44,39
21/04/2001,24,38,5,25,30,40
25/04/2001,39,28,14,29,26,39
28/04/2001,1,20,11,39,34,37
02/05/2001,42,2,36,19,30,19
05/05/2001,7,20,45,9,19,5
09/05/2001,49,22,14,19,9,34
12/05/2001,11,36,28,16,29,21
16/05/2001,28,20,44,13,12,17
19/05/2001,49,47,10,6,21,2
23/05/2001,34,21,49,32,19,38
26/05/2001,9,10,40,24,21,36
30/05/2001,12,36,28,43,11,9
02/06/2001,10,45,48,26,17,38
06/06/2001,10,40,45,20,21,22
09/06/2001,37,23,42,43,20,27
13/06/2001,41,9,32,36,34,14
16/06/2001,44,17,13,2,45,14
20/06/2001,5,9,49,18,14,32
23/06/2001,42,38,40,6,35,36
27/06/2001,7,13,16,3,35,22
30/06/2001,33,3,6,34,39,15
04/07/2001,30,25,3,28,26,10
07/07/2001,9,34,22,46,3,17
11/07/2001,16,24,26,10,18,13
14/07/2001,27,15,1,13,41,2
18/07/2001,9,4,31,26,49,2
21/07/2001,19,27,20,15,3,20
25/07/2001,37,16,29,39,23,17
28/07/2001,33,36,4,23,45,29
01/08/2001,39,26,24,34,25,31
04/08/2001,16,26,46,24,20,9
08/08/2001,37,25,41,10,2,2
11/08/2001,14,41,11,25,20,8
15/08/2001,37,40,44,29,43,6
18/08/2001,22,14,3,20,48,17
22/08/2001,2,36,39,30,28,10
25/08/2001,17,8,42,22,47,21
29/08/2001,35,9,49,4,32,28
01/09/2001,27,7,30,44,24,29
05/09/2001,14,42,18,33,24,8
08/09/2001,12,28,13,48,6,26
12/09/2001,47,25,39,13,35,1
15/09/2001,33,43,28,49,19,23
19/09/2001,31,28,21,41,26,29
22/09/2001,27,42,39,34,23,40
26/09/2001,35,18,30,26,44,19
29/09/2001,15,2,29,47,21,12
03/10/2001,23,35,20,2,49,25
06/10/2001,31,21,9,5,1,12
10/10/2001,8,16,1,7,19,37
13/10/2001,37,40,41,46,48,20
17/10/2001,46,7,40,5,29,5
20/10/2001,40,16,47,7,33,33
24/10/2001,27,6,15,42,24,32
27/10/2001,17,28,10,1,45,20
31/10/2001,2,18,16,40,35,41
03/11/2001,14,37,6,49,36,20
07/11/2001,25,4,17,2,6,31
10/11/2001,7,13,33,38,16,13
14/11/2001,17,28,30,4,40,3
17/11/2001,7,35,27,1,10,34
21/11/2001,31,28,38,41,27,13
24/11/2001,27,37,42,12,10,30
28/11/2001,48,24,5,15,18,16
01/12/2001,48,46,41,6,38,37
05/12/2001,14,9,8,13,21,37
08/12/2001,35,17,48,31,26,35
12/12/2001,35,43,47,20,4,27
15/12/2001,11,22,13,8,37,17
19/12/2001,35,43,36,20,26,23
22/12/2001,27,33,14,24,34,6
26/12/2001,19,39,23,41,8,21
29/12/2001,45,10,43,27,15,31
02/01/2002,36,46,23,44,42,33
05/01/2002,7,8,32,17,14,15
09/01/2002,39,7,40,42,43,4
12/01/2002,13,41,19,22,47,5
16/01/2002,24,34,31,47,40,30
19/01/2002,21,35,49,41,23,5
23/01/2002,14,47,32,18,30,36
26/01/2002,5,14,22,30,15,31
30/01/2002,7,21,15,9,40,18
02/02/2002,27,45,19,43,12,28
06/02/2002,28,10,34,24,35,32
09/02/2002,30,35,21,17,36,12
13/02/2002,43,33,38,10,2,19
16/02/2002,31,42,19,45,32,6
20/02/2002,19,8,9,25,22,11
23/02/2002,15,21,38,19,8,33
27/02/2002,2,6,19,45,1,27
02/03/2002,6,25,46,22,36,34
06/03/2002,30,38,5,15,7,2
09/03/2002,2,49,12,38,44,19
13/03/2002,4,28,27,49,33,39
16/03/2002,45,16,38,37,10,14
20/03/2002,4,20,30,49,25,37
23/03/2002,39,2,10,48,1,13
27/03/2002,35,43,15,40,46,33
30/03/2002,29,13,8,16,19,37
03/04/2002,14,36,8,29,17,3
06/04/2002,22,16,30,15,35,20
10/04/2002,29,17,12,7,48,21
13/04/2002,38,16,22,33,32,13
17/04/2002,2,23,36,3,22,22
20/04/2002,40,27,34,44,42,8
24/04/2002,13,1,16,43,33,1
27/04/2002,12,18,1,33,9,14
01/05/2002,48,3,26,32,45,6
04/05/2002,12,6,9,20,7,20
08/05/2002,11,6,34,25,28,35
11/05/2002,3,36,15,16,40,22
15/05/2002,30,33,37,36,49,35
18/05/2002,25,2,32,31,18,1
22/05/2002,20,5,22,34,23,19
25/05/2002,29,9,42,33,30,27
29/05/2002,49,28,18,35,31,13
01/06/2002,17,27,2,6,19,2
05/06/2002,18,1,21,36,47,33
08/06/2002,48,46,26,42,37,38
12/06/2002,49,39,27,13,18,20
15/06/2002,16,42,8,7,43,15
19/06/2002,4,7,3,11,1,23
22/06/2002,16,37,1,48,26,9
26/06/2002,9,24,17,23,6,14
29/06/2002,45,4,35,33,36,22
03/07/2002,7,19,38,48,49,10
06/07/2002,2,39,27,9,36,13
10/07/2002,31,43,37,45,26,32
13/07/2002,22,49,42,3,37,8
17/07/2002,25,10,40,11,45,25
20/07/2002,13,3,2,26,6,10
24/07/2002,16,19,34,37,22,20
27/07/2002,17,5,44,22,2,30
31/07/2002,2,4,34,22,6,26
03/08/2002,34,24,33,13,19,41
07/08/2002,13,40,35,47,46,35
10/08/2002,11,16,21,35,27,31
14/08/2002,19,4,33,16,41,29
17/08/2002,46,33,3,42,26,41
21/08/2002,48,1,47,6,43,36
24/08/2002,24,18,45,5,10,20
28/08/2002,38,36,30,24,37,42
31/08/2002,14,22,12,29,41,41
04/09/2002,26,15,18,36,31,20
07/09/2002,24,12,19,34,6,18
11/09/2002,6,3,39,26,48,28
14/09/2002,14,5,40,26,31,29
18/09/2002,44,42,6,27,32,10
21/09/2002,45,11,28,40,3,33
25/09/2002,49,36,23,12,1,9
28/09/2002,24,22,12,35,31,8
02/10/2002,4,5,43,2,38,34
05/10/2002,22,14,39,43,19,12
09/10/2002,9,38,43,10,42,5
12/10/2002,23,49,46,52,26,28
16/10/2002,8,31,24,37,11,41
19/10/2002,4,42,18,25,20,29
23/10/2002,18,30,2,14,31,36
26/10/2002,33,14,12,39,27,41
30/10/2002,9,23,41,19,16,12
02/11/2002,34,35,15,32,8,34
06/11/2002,9,19,17,12,11,23
09/11/2002,53,38,30,40,36,8
13/11/2002,50,18,23,38,31,20
16/11/2002,40,51,32,33,35,1
20/11/2002,14,22,44,21,29,3
23/11/2002,49,21,15,19,16,5
27/11/2002,1,25,40,53,20,19
30/11/2002,19,1,4,21,29,8
04/12/2002,35,13,20,21,40,35
07/12/2002,17,27,32,3,48,1
11/12/2002,6,14,22,12,33,21
14/12/2002,42,44,24,17,8,37
18/12/2002,52,50,14,33,2,22
21/12/2002,39,34,52,5,22,30
25/12/2002,53,14,5,16,29,7
28/12/2002,50,2,15,38,43,29
01/01/2003,42,43,34,53,18,17
04/01/2003,11,39,1,40,37,23
08/01/2003,44,16,22,46,26,20
11/01/2003,9,46,48,45,51,2
15/01/2003,17,42,44,30,4,15
18/01/2003,34,4,52,48,17,10
22/01/2003,40,30,20,28,43,3
25/01/2003,10,15,51,12,49,21
29/01/2003,12,53,30,27,10,28
01/02/2003,11,2,39,21,16,42
05/02/2003,2,7,48,9,5,32
08/02/2003,21,23,13,20,2,35
12/02/2003,49,7,12,19,47,6
15/02/2003,29,1,42,38,26,30
19/02/2003,16,11,44,17,6,26
22/02/2003,10,2,9,6,5,26
26/02/2003,34,27,23,31,10,11
01/03/2003,28,7,6,27,41,3
05/03/2003,37,28,44,2,24,6
08/03/2003,20,45,1,21,5,24
12/03/2003,24,44,52,25,5,20
15/03/2003,45,52,41,30,12,35
19/03/2003,19,37,47,51,40,40
22/03/2003,29,5,31,49,47,25
26/03/2003,52,28,10,40,31,41
29/03/2003,25,2,17,9,36,8
02/04/2003,47,17,50,12,35,13
05/04/2003,46,14,49,7,23,20
09/04/2003,38,51,6,28,35,41
12/04/2003,17,52,27,35,28,2
16/04/2003,39,50,41,25,4,31
19/04/2003,48,10,18,40,46,30
23/04/2003,51,14,23,15,31,34
26/04/2003,36,11,13,5,22,31
30/04/2003,32,13,17,33,7,35
03/05/2003,14,40,39,47,21,6
07/05/2003,13,35,18,51,34,28
10/05/2003,1,2,6,20,10,38
14/05/2003,34,52,45,20,33,21
17/05/2003,18,42,13,5,50,4
21/05/2003,41,32,30,4,35,9
24/05/2003,49,10,48,42,50,42
28/05/2003,17,6,16,19,38,16
31/05/2003,46,26,52,10,30,35
04/06/2003,26,53,24,14,2,1
07/06/2003,27,17,11,40,26,6
11/06/2003,44,46,16,12,43,38
14/06/2003,12,42,50,40,26,3
18/06/2003,19,45,21,20,46,20
21/06/2003,27,15,19,44,36,17
25/06/2003,43,5,35,50,26,4
28/06/2003,44,14,7,41,9,25
02/07/2003,26,17,24,45,16,36
05/07/2003,17,49,5,25,37,21
09/07/2003,19,26,21,31,51,40
12/07/2003,50,51,6,16,52,23
16/07/2003,30,18,49,28,27,20
19/07/2003,34,48,29,14,30,1
23/07/2003,51,37,34,16,4,38
26/07/2003,9,34,30,10,32,11
30/07/2003,26,31,49,22,18,28
02/08/2003,41,42,17,40,46,25
06/08/2003,48,11,14,26,31,30
09/08/2003,25,40,18,23,26,15
13/08/2003,44,26,48,35,31,32
16/08/2003,15,20,42,37,13,7
20/08/2003,35,22,46,48,8,15
23/08/2003,39,50,51,46,1,7
27/08/2003,31,46,36,42,24,32
30/08/2003,35,49,41,36,9,33
03/09/2003,19,9,6,24,40,31
06/09/2003,41,15,6,20,18,17
10/09/2003,3,33,30,17,29,34
13/09/2003,32,28,6,19,10,39
17/09/2003,32,2,19,34,24,2
20/09/2003,13,33,11,31,28,29
24/09/2003,28,47,19,20,17,37
27/09/2003,48,20,9,41,30,29
01/10/2003,50,5,4,21,19,41
04/10/2003,8,13,29,44,48,36
08/10/2003,6,25,7,8,1,18
11/10/2003,11,32,45,14,21,21
15/10/2003,29,6,39,52,9,8
18/10/2003,35,22,25,34,33,14
22/10/2003,53,27,25,3,28,35
25/10/2003,6,17,48,45,47,4
29/10/2003,22,34,19,8,53,29
01/11/2003,34,19,37,47,16,18
05/11/2003,20,38,27,6,39,31
08/11/2003,5,24,52,38,8,22
12/11/2003,22,11,7,19,20,1
15/11/2003,20,8,22,32,52,39
19/11/2003,36,42,26,16,47,33
22/11/2003,45,9,12,29,17,4
26/11/2003,16,1,3,41,37,19
29/11/2003,39,14,43,51,36,15
03/12/2003,37,1,43,10,35,30
06/12/2003,24,45,21,41,37,39
10/12/2003,40,4,17,26,37,15
13/12/2003,17,25,44,19,26,19
17/12/2003,43,15,18,21,19,7
20/12/2003,48,24,12,25,20,37
24/12/2003,1,44,6,34,31,25
27/12/2003,17,34,32,16,43,31
31/12/2003,5,7,28,18,35,1
03/01/2004,42,4,22,5,41,2
07/01/2004,44,4,18,14,7,25
10/01/2004,13,2,27,19,50,5
14/01/2004,44,33,12,50,40,40
17/01/2004,48,32,9,45,8,15
21/01/2004,17,45,41,34,13,17
24/01/2004,1,38,37,5,53,31
28/01/2004,17,13,8,39,48,34
31/01/2004,37,6,3,27,41,38
04/02/2004,17,7,32,25,12,33
07/02/2004,46,39,31,35,34,3
11/02/2004,5,50,52,16,28,4
14/02/2004,25,10,35,43,24,32
18/02/2004,50,36,24,4,44,2
21/02/2004,22,26,53,48,15,14
25/02/2004,4,47,17,11,5,35
28/02/2004,25,52,53,6,26,40
03/03/2004,23,11,17,53,5,34
06/03/2004,49,46,17,51,9,9
10/03/2004,10,41,22,20,49,6
13/03/2004,50,44,11,48,45,2
17/03/2004,24,15,20,43,7,5
20/03/2004,44,14,24,27,2,6
24/03/2004,39,47,43,20,18,31
27/03/2004,30,17,2,15,34,32
31/03/2004,15,31,39,34,50,35
03/04/2004,43,7,26,6,32,13
07/04/2004,7,37,2,35,16,10
10/04/2004,2,48,30,9,47,40
14/04/2004,38,22,1,20,6,22
17/04/2004,41,4,42,34,29,11
21/04/2004,11,8,51,42,34,27
24/04/2004,2,44,35,13,22,28
28/04/2004,27,34,52,49,42,23
01/05/2004,1,34,47,10,39,33
05/05/2004,21,25,16,9,32,8
08/05/2004,37,3,43,9,17,39
12/05/2004,42,45,11,31,35,35
15/05/2004,1,26,46,27,43,31
19/05/2004,31,14,41,37,15,31
22/05/2004,1,49,42,36,7,41
26/05/2004,38,10,31,3,35,16
29/05/2004,1,16,32,39,30,2
02/06/2004,26,6,12,29,5,30
05/06/2004,41,5,42,39,26,39
09/06/2004,31,50,37,1,33,40
12/06/2004,6,52,48,43,20,28
16/06/2004,16,18,48,39,26,22
19/06/2004,2,37,36,48,9,16
23/06/2004,16,20,9,12,39,1
26/06/2004,17,47,9,32,41,8
30/06/2004,47,45,2,31,29,4
03/07/2004,3,30,8,47,12,23
07/07/2004,41,34,30,25,18,10
10/07/2004,17,44,23,16,26,13
14/07/2004,9,49,24,45,50,37
17/07/2004,23,45,50,20,36,9
21/07/2004,42,38,46,31,3,2
24/07/2004,52,29,2,3,13,25
28/07/2004,40,4,39,19,50,22
31/07/2004,47,31,14,35,45,35
04/08/2004,37,11,26,22,51,21
07/08/2004,16,34,9,8,48,8
11/08/2004,10,33,5,51,29,35
14/08/2004,4,10,43,18,11,41
18/08/2004,35,40,42,33,31,40
21/08/2004,40,27,39,16,3,3
25/08/2004,32,1,50,30,37,19
28/08/2004,35,6,30,45,39,31
01/09/2004,44,45,33,51,31,31
04/09/2004,46,15,26,25,13,28
08/09/2004,28,4,2,33,52,18
11/09/2004,36,25,49,46,34,9
15/09/2004,28,17,1,50,8,20
18/09/2004,14,36,31,2,27,9
22/09/2004,37,6,34,14,40,7
25/09/2004,41,11,40,48,25,3
29/09/2004,35,16,37,28,33,17
02/10/2004,32,35,29,13,2,4
06/10/2004,50,19,44,5,6,28
09/10/2004,10,48,47,3,1,27
13/10/2004,17,45,46,5,14,41
16/10/2004,22,42,5,36,20,11
20/10/2004,41,46,11,17,1,24
23/10/2004,49,50,15,52,24,40
27/10/2004,40,51,44,11,17,21
30/10/2004,20,27,48,40,30,11
03/11/2004,48,43,45,11,35,42
06/11/2004,18,22,33,40,38,19
10/11/2004,14,43,45,21,29,26
13/11/2004,33,34,26,5,6,13
17/11/2004,31,15,46,25,36,37
20/11/2004,45,50,48,4,29,1
24/11/2004,47,49,53,3,19,4
27/11/2004,16,35,47,36,28,31
01/12/2004,44,28,36,38,3,1
04/12/2004,30,9,22,6,16,4
08/12/2004,17,13,50,35,45,2
11/12/2004,16,53,41,7,6,23
15/12/2004,38,1,53,11,6,11
18/12/2004,30,1,29,25,45,12
22/12/2004,7,11,31,24,2,18
25/12/2004,39,29,32,53,45,16
29/12/2004,44,33,29,38,24,7
01/01/2005,47,22,23,26,44,12
05/01/2005,10,7,37,4,30,37
08/01/2005,11,22,24,9,43,2
12/01/2005,50,21,27,38,23,38
15/01/2005,37,49,21,51,26,25
19/01/2005,49,32,9,18,33,27
22/01/2005,33,32,34,11,23,38
26/01/2005,5,32,48,47,43,33
29/01/2005,41,29,20,16,11,12
02/02/2005,16,44,40,10,11,2
05/02/2005,44,11,34,47,37,23
09/02/2005,10,15,9,18,29,9
12/02/2005,50,21,28,18,49,16
16/02/2005,48,21,41,27,25,25
19/02/2005,12,15,18,52,27,36
23/02/2005,4,48,15,10,51,13
26/02/2005,33,22,49,30,8,6
02/03/2005,48,18,46,3,10,8
05/03/2005,40,9,27,53,13,28
09/03/2005,20,17,10,23,45,31
12/03/2005,40,23,52,46,7,41
16/03/2005,19,38,11,25,50,35
19/03/2005,41,1,21,32,28,9
23/03/2005,29,23,40,45,37,38
26/03/2005,35,12,9,51,41,36
30/03/2005,28,39,22,32,33,42
02/04/2005,11,9,5,17,46,39
06/04/2005,5,14,11,51,22,17
09/04/2005,46,11,1,35,53,29
13/04/2005,37,51,6,13,52,25
16/04/2005,11,44,38,51,45,41
20/04/2005,7,16,33,34,46,27
23/04/2005,15,8,50,9,13,9
27/04/2005,42,11,32,13,18,4
30/04/2005,8,48,32,15,17,24
04/05/2005,27,33,40,10,21,2
07/05/2005,47,44,23,21,39,19
11/05/2005,46,49,5,48,25,6
14/05/2005,49,21,29,38,52,42
18/05/2005,17,7,20,13,35,35
21/05/2005,7,30,5,10,2,23
25/05/2005,29,46,27,31,42,33
28/05/2005,39,24,5,28,7,36
01/06/2005,34,50,39,42,15,12
04/06/2005,16,44,7,38,48,18
08/06/2005,36,10,43,40,42,42
11/06/2005,3,46,10,24,14,37
15/06/2005,39,20,22,14,44,14
18/06/2005,10,5,24,16,8,5
22/06/2005,13,51,42,23,9,15
25/06/2005,28,32,40,7,31,14
29/06/2005,42,8,49,22,3,39
02/07/2005,29,9,10,52,39,20
06/07/2005,12,25,48,2,30,38
09/07/2005,53,39,8,9,47,4
13/07/2005,5,23,43,4,13,34
16/07/2005,50,33,32,41,8,22
20/07/2005,51,7,32,39,6,31
23/07/2005,28,13,20,32,16,36
27/07/2005,4,13,10,29,1,3
30/07/2005,14,38,35,8,46,24
03/08/2005,39,5,24,19,28,24
06/08/2005,9,1,19,36,53,33
10/08/2005,31,13,49,38,36,2
13/08/2005,2,37,43,18,1,37
17/08/2005,8,43,53,30,3,15
20/08/2005,27,13,28,29,49,36
24/08/2005,35,9,26,11,51,32
27/08/2005,8,39,31,44,22,11
31/08/2005,17,19,13,50,41,13
03/09/2005,30,3,31,1,43,36
07/09/2005,32,50,12,40,54,37
10/09/2005,10,11,8,48,50,16
14/09/2005,24,50,21,42,49,1
17/09/2005,49,52,5,9,27,6
21/09/2005,35,28,34,3,50,8
24/09/2005,2,10,43,55,31,14
28/09/2005,7,22,27,48,50,17
01/10/2005,18,54,38,8,45,23
05/10/2005,25,30,45,2,15,17
08/10/2005,26,31,35,50,46,28
12/10/2005,54,51,9,18,4,10
15/10/2005,34,1,7,8,45,15
19/10/2005,49,21,44,7,43,29
22/10/2005,36,6,53,51,7,17
26/10/2005,43,39,2,42,10,23
29/10/2005,41,50,22,19,14,21
02/11/2005,41,14,6,11,27,38
05/11/2005,37,25,50,29,7,17
09/11/2005,5,49,14,13,31,30
12/11/2005,48,41,17,55,37,39
16/11/2005,5,20,44,21,18,27
19/11/2005,15,54,20,41,8,22
23/11/2005,24,25,9,27,12,33
26/11/2005,34,28,53,37,45,32
30/11/2005,42,23,19,27,52,1
03/12/2005,2,26,42,15,37,36
07/12/2005,45,30,54,41,19,14
10/12/2005,45,34,42,3,21,39
14/12/2005,45,15,8,16,51,11
17/12/2005,24,44,53,36,46,18
21/12/2005,23,43,12,16,9,37
24/12/2005,4,10,34,50,33,14
28/12/2005,12,46,15,54,30,1
31/12/2005,43,4,46,30,37,42
04/01/2006,23,10,48,54,42,3
07/01/2006,2,21,43,32,16,6
11/01/2006,18,14,3,17,6,14
14/01/2006,49,14,6,46,40,17
18/01/2006,53,38,15,29,52,7
21/01/2006,54,18,3,39,43,41
25/01/2006,52,37,50,43,10,14
28/01/2006,26,15,28,36,14,36
01/02/2006,13,30,55,11,35,37
04/02/2006,38,30,4,13,12,30
08/02/2006,48,32,25,14,54,10
11/02/2006,38,7,51,40,52,14
15/02/2006,39,35,3,13,40,37
18/02/2006,44,48,15,43,17,29
22/02/2006,47,53,23,55,9,39
25/02/2006,51,3,48,46,37,22
01/03/2006,25,10,35,41,38,23
04/03/2006,13,52,22,55,27,26
08/03/2006,5,7,21,1,43,20
11/03/2006,54,37,35,52,16,33
15/03/2006,36,48,54,7,12,37
18/03/2006,25,1,36,42,34,19
22/03/2006,45,38,23,22,18,31
25/03/2006,20,37,34,45,39,32
29/03/2006,24,28,54,2,14,13
01/04/2006,55,10,50,1,23,29
05/04/2006,29,39,9,24,3,42
08/04/2006,35,4,43,44,23,35
12/04/2006,34,41,26,35,16,24
15/04/2006,46,23,13,28,18,33
19/04/2006,32,53,34,5,28,10
22/04/2006,4,6,27,5,18,24
26/04/2006,55,26,48,24,12,14
29/04/2006,19,40,35,30,41,14
03/05/2006,38,19,6,42,4,37
06/05/2006,38,12,32,23,25,27
10/05/2006,4,3,11,44,37,24
13/05/2006,30,54,19,47,28,13
17/05/2006,15,26,24,35,17,38
20/05/2006,23,2,9,44,45,38
24/05/2006,3,12,47,51,2,10
27/05/2006,41,6,27,23,47,19
31/05/2006,49,22,20,43,10,3
03/06/2006,20,5,18,50,6,35
07/06/2006,20,10,4,26,40,8
10/06/2006,36,54,24,26,16,11
14/06/2006,4,40,14,48,15,12
17/06/2006,39,48,20,22,10,25
21/06/2006,11,19,22,43,45,34
24/06/2006,39,8,47,11,30,23
28/06/2006,45,51,8,16,2,32
01/07/2006,40,35,42,2,31,34
05/07/2006,26,52,39,41,53,20
08/07/2006,50,44,49,32,37,13
12/07/2006,31,33,30,18,19,15
15/07/2006,36,20,47,50,35,5
19/07/2006,44,50,2,38,32,21
22/07/2006,40,47,14,55,54,6
26/07/2006,10,5,24,17,43,31
29/07/2006,14,39,55,19,26,29
02/08/2006,24,19,10,16,13,15
05/08/2006,48,50,3,9,2,23
09/08/2006,52,19,43,41,16,35
12/08/2006,14,54,27,18,13,32
16/08/2006,22,2,13,50,48,2
19/08/2006,12,51,29,22,26,9
23/08/2006,17,8,51,24,38,31
26/08/2006,26,24,42,38,46,16
30/08/2006,35,3,19,43,33,1
02/09/2006,24,28,3,49,8,25
06/09/2006,27,35,21,55,2,1
09/09/2006,20,47,3,22,19,2
13/09/2006,15,47,19,45,26,3
16/09/2006,26,42,27,7,8,12
20/09/2006,54,8,7,29,17,26
23/09/2006,21,45,26,13,50,20
27/09/2006,49,23,33,35,28,16
30/09/2006,30,32,15,39,6,5
04/10/2006,39,27,7,3,40,8
07/10/2006,4,31,45,3,8,12
11/10/2006,38,10,35,5,12,9
14/10/2006,26,15,1,17,40,19
18/10/2006,41,2,24,34,48,24
21/10/2006,45,55,29,9,31,7
25/10/2006,16,40,43,48,42,1
28/10/2006,38,22,41,30,14,12
01/11/2006,46,54,13,7,8,35
04/11/2006,44,13,34,12,39,5
08/11/2006,12,53,8,11,26,4
11/11/2006,40,49,38,35,55,41
15/11/2006,11,28,43,30,34,29
18/11/2006,42,36,19,1,8,20
22/11/2006,22,49,32,36,55,8
25/11/2006,55,49,28,5,18,38
29/11/2006,2,9,12,8,19,25
02/12/2006,42,34,50,45,17,11
06/12/2006,38,36,35,7,34,14
09/12/2006,52,22,19,34,30,40
13/12/2006,33,32,19,54,42,15
16/12/2006,28,17,36,5,51,5
20/12/2006,6,26,14,1,34,34
23/12/2006,27,43,53,8,52,5
27/12/2006,14,29,16,27,41,29
30/12/2006,31,28,23,9,36,26
03/01/2007,12,55,24,35,10,31
06/01/2007,24,40,1,50,49,38
10/01/2007,45,54,42,53,36,36
13/01/2007,21,1,26,23,25,4
17/01/2007,52,35,16,49,50,31
20/01/2007,1,38,5,26,32,30
24/01/2007,53,29,9,42,19,17
27/01/2007,10,26,19,32,27,14
31/01/2007,48,42,2,25,15,14
03/02/2007,13,20,33,42,12,37
07/02/2007,22,4,28,37,52,10
10/02/2007,41,11,16,42,2,16
14/02/2007,3,30,26,54,55,15
17/02/2007,35,1,15,37,45,32
21/02/2007,8,2,29,22,37,3
24/02/2007,42,55,38,54,36,24
28/02/2007,41,20,13,42,53,2
03/03/2007,16,22,5,1,48,6
07/03/2007,18,16,46,19,13,36
10/03/2007,42,18,43,34,14,32
14/03/2007,44,4,27,30,39,18
17/03/2007,17,47,44,7,54,3
21/03/2007,53,38,24,54,16,5
24/03/2007,53,38,40,10,48,3
28/03/2007,47,6,35,20,37,1
31/03/2007,36,5,2,16,40,36
04/04/2007,39,19,53,30,40,16
07/04/2007,28,55,54,2,31,23
11/04/2007,42,51,6,38,15,18
14/04/2007,12,49,21,36,38,18
18/04/2007,13,10,24,12,6,19
21/04/2007,45,26,28,22,33,17
25/04/2007,14,12,13,17,53,11
28/04/2007,16,43,46,49,22,10
02/05/2007,40,1,8,47,35,9
05/05/2007,29,21,13,40,50,6
09/05/2007,44,2,52,30,13,40
12/05/2007,30,51,53,44,46,25
16/05/2007,42,7,16,6,34,23
19/05/2007,26,19,45,21,3,2
23/05/2007,38,24,3,11,36,6
26/05/2007,21,5,46,1,51,29
30/05/2007,55,7,54,23,35,28
02/06/2007,2,36,22,32,47,36
06/06/2007,45,14,48,5,9,28
09/06/2007,10,7,32,25,41,22
13/06/2007,47,28,13,30,10,26
16/06/2007,8,47,4,51,32,27
20/06/2007,32,31,55,37,23,35
23/06/2007,27,43,14,15,53,28
27/06/2007,9,13,11,24,43,18
30/06/2007,38,39,47,24,46,26
04/07/2007,17,49,15,1,2,35
07/07/2007,47,21,41,15,27,20
11/07/2007,43,42,20,29,8,35
14/07/2007,1,36,30,34,21,37
18/07/2007,9,42,14,40,3,3
21/07/2007,46,39,30,14,43,14
25/07/2007,28,35,47,40,53,30
28/07/2007,19,24,47,27,15,11
01/08/2007,16,52,9,23,51,12
04/08/2007,27,24,2,36,23,3
08/08/2007,52,21,9,16,30,9
11/08/2007,37,1,11,10,40,20
15/08/2007,19,51,24,22,38,9
18/08/2007,15,12,31,28,50,12
22/08/2007,12,37,48,40,50,37
25/08/2007,23,29,35,8,2,19
29/08/2007,33,47,13,16,44,29
01/09/2007,19,39,23,37,12,13
05/09/2007,48,30,21,20,11,18
08/09/2007,12,30,7,48,28,40
12/09/2007,47,5,24,26,33,1
15/09/2007,51,48,16,13,27,21
19/09/2007,26,25,20,46,45,15
22/09/2007,4,9,18,55,43,3
26/09/2007,27,54,25,31,44,8
29/09/2007,38,55,33,31,49,39
03/10/2007,2,4,15,28,14,23
06/10/2007,33,32,51,8,30,2
10/10/2007,31,54,33,16,12,5
13/10/2007,21,34,36,30,49,42
17/10/2007,46,15,42,19,14,37
20/10/2007,40,10,11,37,54,10
24/10/2007,10,52,11,49,18,2
27/10/2007,13,25,30,40,43,12
31/10/2007,29,18,6,37,16,24
03/11/2007,1,38,40,53,31,42
07/11/2007,46,22,35,52,29,2
10/11/2007,6,26,30,24,22,12
14/11/2007,16,30,20,18,48,6
17/11/2007,53,52,49,27,17,23
21/11/2007,13,11,20,3,40,20
24/11/2007,7,1,23,35,13,19
28/11/2007,23,39,8,32,37,38
01/12/2007,41,32,39,55,7,13
05/12/2007,8,55,21,15,1,41
08/12/2007,31,8,29,25,4,41
12/12/2007,7,40,55,33,14,15
15/12/2007,47,22,37,48,50,17
19/12/2007,22,15,42,18,23,37
22/12/2007,34,10,38,5,11,21
26/12/2007,55,32,8,54,41,20
29/12/2007,8,12,49,17,35,18
02/01/2008,31,34,48,11,2,5
05/01/2008,33,11,16,4,40,9
09/01/2008,2,20,13,23,21,24
12/01/2008,47,53,43,23,39,14
16/01/2008,9,18,47,38,19,11
19/01/2008,28,20,23,25,27,2
23/01/2008,48,47,35,4,16,39
26/01/2008,39,53,35,11,54,24
30/01/2008,55,2,17,41,54,17
02/02/2008,14,44,25,26,16,30
06/02/2008,3,43,5,42,12,5
09/02/2008,24,4,23,43,30,28
13/02/2008,32,13,38,51,19,30
16/02/2008,3,49,4,20,8,18
20/02/2008,20,9,36,22,12,31
23/02/2008,23,29,8,13,47,32
27/02/2008,37,48,53,20,24,11
01/03/2008,31,21,19,2,55,19
05/03/2008,10,15,23,16,31,5
08/03/2008,29,49,17,34,31,16
12/03/2008,30,12,34,19,36,8
15/03/2008,6,42,43,47,22,16
19/03/2008,29,6,8,49,41,42
22/03/2008,48,46,28,25,7,19
26/03/2008,20,37,49,9,12,17
29/03/2008,18,36,31,25,20,7
02/04/2008,37,1,55,44,34,33
05/04/2008,30,47,27,12,37,26
09/04/2008,46,13,32,3,19,18
12/04/2008,52,11,55,48,29,36
16/04/2008,21,18,11,16,51,16
19/04/2008,24,13,19,39,33,8
23/04/2008,22,39,21,20,11,1
26/04/2008,27,45,7,12,17,24
30/04/2008,25,51,43,17,1,38
03/05/2008,28,2,36,46,42,40
07/05/2008,42,26,25,28,9,26
10/05/2008,30,7,18,45,41,6
14/05/2008,46,29,21,32,19,32
17/05/2008,12,21,14,15,43,30
21/05/2008,21,33,42,7,16,25
24/05/2008,40,33,51,52,41,6
28/05/2008,18,45,22,10,37,9
31/05/2008,9,17,3,14,25,8
04/06/2008,18,5,52,40,20,3
07/06/2008,26,44,34,12,48,9
11/06/2008,7,49,18,28,21,1
14/06/2008,50,31,9,20,11,14
18/06/2008,52,9,31,39,12,32
21/06/2008,8,7,50,31,9,31
25/06/2008,53,45,14,21,25,9
28/06/2008,26,32,14,34,44,6
02/07/2008,46,33,52,48,4,17
05/07/2008,24,47,34,1,48,18
09/07/2008,5,31,7,49,53,14
12/07/2008,20,50,12,2,22,17
16/07/2008,3,23,15,42,29,17
19/07/2008,55,46,53,6,28,2
23/07/2008,52,11,14,35,41,2
26/07/2008,51,55,21,12,13,18
30/07/2008,25,55,3,51,45,13
02/08/2008,5,28,33,2,54,30
06/08/2008,24,37,5,36,51,19
09/08/2008,53,40,32,49,43,21
13/08/2008,31,10,5,23,19,26
16/08/2008,5,43,34,52,40,20
20/08/2008,15,24,47,35,16,26
23/08/2008,47,33,18,48,24,23
27/08/2008,13,49,31,48,36,11
30/08/2008,14,32,47,2,15,36
03/09/2008,49,38,40,46,50,34
06/09/2008,26,54,49,25,17,11
10/09/2008,37,28,15,53,14,18
13/09/2008,29,17,7,51,43,38
17/09/2008,12,26,32,23,44,20
20/09/2008,47,30,40,28,6,24
24/09/2008,32,36,13,21,5,33
27/09/2008,40,24,13,29,52,29
01/10/2008,43,39,8,9,55,26
04/10/2008,39,4,32,1,26,18
08/10/2008,48,12,54,17,2,2
11/10/2008,39,3,17,47,7,9
15/10/2008,3,13,38,32,48,13
18/10/2008,40,10,14,32,49,15
22/10/2008,17,52,10,33,51,5
25/10/2008,48,1,3,38,14,2
29/10/2008,37,50,20,30,52,33
01/11/2008,40,4,41,6,26,15
05/11/2008,18,33,36,4,8,32
08/11/2008,40,36,4,21,2,41
12/11/2008,18,45,25,1,29,2
15/11/2008,7,44,8,12,3,37
19/11/2008,8,45,13,39,38,31
22/11/2008,19,32,26,45,17,14
26/11/2008,11,31,52,26,34,14
29/11/2008,5,55,33,39,36,21
03/12/2008,17,21,25,16,55,3
06/12/2008,53,9,39,43,35,10
10/12/2008,37,6,41,24,15,37
13/12/2008,40,14,28,26,31,13
17/12/2008,11,7,30,24,18,26
20/12/2008,3,19,32,54,14,24
24/12/2008,17,2,32,22,41,8
27/12/2008,12,43,15,31,26,10
31/12/2008,11,53,8,7,17,36
03/01/2009,38,22,55,24,17,24
07/01/2009,31,52,23,33,38,24
10/01/2009,8,56,10,18,43,9
14/01/2009,46,34,25,8,39,34
17/01/2009,9,5,59,23,2,26
21/01/2009,26,20,54,46,38,23
24/01/2009,6,37,42,20,25,25
28/01/2009,10,32,18,5,23,4
31/01/2009,33,26,14,41,1,37
04/02/2009,24,44,30,32,7,18
07/02/2009,18,53,5,28,20,27
11/02/2009,5,22,45,49,10,37
14/02/2009,33,8,45,9,2,5
18/02/2009,44,15,56,39,2,15
21/02/2009,31,46,13,45,41,21
25/02/2009,32,49,42,56,17,11
28/02/2009,3,58,16,20,42,7
04/03/2009,6,1,44,55,49,36
07/03/2009,59,27,56,28,21,21
11/03/2009,13,7,47,3,34,30
14/03/2009,7,44,33,30,51,10
18/03/2009,16,29,26,45,41,1
21/03/2009,49,27,23,52,19,21
25/03/2009,23,47,10,20,54,26
28/03/2009,48,2,16,41,3,19
01/04/2009,2,33,41,54,9,14
04/04/2009,21,57,58,14,50,7
08/04/2009,52,56,1,6,48,9
11/04/2009,46,49,7,35,28,20
15/04/2009,59,22,26,16,27,5
18/04/2009,7,28,44,43,15,20
22/04/2009,30,15,48,22,37,12
25/04/2009,52,42,30,8,26,15
29/04/2009,6,36,50,19,59,13
02/05/2009,45,20,38,42,3,27
06/05/2009,12,7,22,31,8,18
09/05/2009,49,32,4,15,58,21
13/05/2009,30,40,37,32,19,37
16/05/2009,6,7,40,56,31,38
20/05/2009,23,30,42,35,31,6
23/05/2009,52,19,57,34,23,21
27/05/2009,5,16,6,21,12,7
30/05/2009,51,42,1,59,23,20
03/06/2009,22,20,32,16,37,9
06/06/2009,45,10,23,30,18,2
10/06/2009,26,42,58,27,15,37
13/06/2009,20,41,13,35,16,6
17/06/2009,53,9,37,5,42,27
20/06/2009,28,22,3,11,18,33
24/06/2009,53,24,51,16,18,16
27/06/2009,48,39,26,18,22,17
01/07/2009,38,53,9,52,32,15
04/07/2009,22,4,41,44,9,14
08/07/2009,50,56,42,53,19,39
11/07/2009,39,1,4,42,20,2
15/07/2009,26,50,57,52,51,37
18/07/2009,21,26,47,4,28,37
22/07/2009,6,22,4,16,32,11
25/07/2009,33,5,52,46,17,9
29/07/2009,38,2,43,5,59,8
01/08/2009,53,37,46,39,5,8
05/08/2009,34,25,41,49,46,29
08/08/2009,45,37,50,33,4,11
12/08/2009,32,10,25,47,34,5
15/08/2009,14,26,32,15,36,12
19/08/2009,43,14,31,51,24,27
22/08/2009,6,51,3,20,32,23
26/08/2009,43,23,1,21,30,11
29/08/2009,1,53,20,37,52,33
02/09/2009,23,47,36,18,59,36
05/09/2009,35,27,16,9,57,29
09/09/2009,16,18,51,53,4,23
12/09/2009,13,28,56,41,38,25
16/09/2009,17,56,37,40,51,25
19/09/2009,25,24,49,30,5,23
23/09/2009,7,8,29,20,25,11
26/09/2009,34,20,36,39,18,19
30/09/2009,52,54,41,42,57,30
03/10/2009,50,57,24,12,48,22
07/10/2009,2,50,38,21,20,22
10/10/2009,45,49,50,13,32,30
14/10/2009,15,30,5,40,25,6
17/10/2009,16,5,49,30,25,39
21/10/2009,34,51,45,6,16,4
24/10/2009,38,22,59,49,14,16
28/10/2009,51,46,26,3,11,23
31/10/2009,19,26,54,41,2,23
04/11/2009,51,10,45,11,14,17
07/11/2009,32,37,46,50,7,26
11/11/2009,12,8,22,29,14,22
14/11/2009,57,30,19,48,32,14
18/11/2009,58,59,32,50,42,31
21/11/2009,26,36,7,49,58,4
25/11/2009,18,13,4,59,49,5
28/11/2009,46,50,27,28,26,21
02/12/2009,37,46,14,34,55,37
05/12/2009,41,58,27,39,44,17
09/12/2009,58,12,5,1,13,21
12/12/2009,14,41,12,13,35,29
16/12/2009,23,43,25,35,13,15
19/12/2009,24,41,17,47,39,21
23/12/2009,52,8,49,51,32,23
26/12/2009,53,41,36,32,37,30
30/12/2009,5,52,14,38,39,6
02/01/2010,23,3,7,42,27,37
06/01/2010,56,27,29,20,58,31
09/01/2010,41,44,20,54,50,22
13/01/2010,32,15,8,11,50,27
16/01/2010,41,8,7,55,23,23
20/01/2010,46,15,43,44,32,19
23/01/2010,53,16,15,42,20,17
27/01/2010,15,26,31,6,20,9
30/01/2010,26,35,48,47,6,21
03/02/2010,37,52,22,36,17,24
06/02/2010,22,54,52,14,59,4
10/02/2010,29,8,37,38,5,34
13/02/2010,14,10,40,51,30,1
17/02/2010,36,7,26,8,19,15
20/02/2010,13,54,41,37,27,32
24/02/2010,50,17,57,35,4,12
27/02/2010,47,18,58,53,51,30
03/03/2010,14,49,9,7,45,23
06/03/2010,41,33,10,59,29,15
10/03/2010,41,37,17,50,21,1
13/03/2010,16,36,20,6,31,8
17/03/2010,55,26,48,45,24,8
20/03/2010,9,36,44,45,39,9
24/03/2010,14,49,39,24,20,7
27/03/2010,21,7,32,52,44,10
31/03/2010,13,45,54,5,17,12
03/04/2010,15,59,52,10,31,4
07/04/2010,36,52,44,4,40,33
10/04/2010,21,22,52,49,58,34
14/04/2010,14,6,32,52,38,20
17/04/2010,22,41,49,21,5,15
21/04/2010,11,34,55,41,49,20
24/04/2010,57,56,1,53,12,5
28/04/2010,28,44,12,22,25,24
01/05/2010,23,25,16,49,58,20
05/05/2010,47,13,34,40,57,11
08/05/2010,41,5,57,34,22,31
12/05/2010,52,58,53,37,51,38
15/05/2010,28,15,36,23,21,20
19/05/2010,7,58,55,29,2,27
22/05/2010,20,19,47,57,40,29
26/05/2010,6,20,10,1,13,32
29/05/2010,24,3,28,1,41,10
02/06/2010,39,14,43,9,4,38
05/06/2010,18,34,40,59,48,25
09/06/2010,22,49,27,14,32,5
12/06/2010,38,13,12,9,35,30
16/06/2010,29,18,11,36,8,6
19/06/2010,54,31,9,30,50,39
23/06/2010,48,11,45,30,47,10
26/06/2010,57,30,13,38,32,25
30/06/2010,38,43,6,48,47,27
03/07/2010,52,53,3,14,10,3
07/07/2010,10,41,44,56,48,4
10/07/2010,28,21,20,56,27,4
14/07/2010,21,23,38,20,42,6
17/07/2010,27,37,22,45,35,3
21/07/2010,16,58,22,30,51,25
24/07/2010,59,30,46,38,20,27
28/07/2010,1,11,20,27,25,2
31/07/2010,1,57,16,41,17,15
04/08/2010,53,30,19,37,28,36
07/08/2010,52,26,31,22,4,30
11/08/2010,22,52,10,23,7,29
14/08/2010,58,50,36,9,33,31
18/08/2010,47,4,33,32,55,39
21/08/2010,7,22,10,27,12,26
25/08/2010,17,36,29,16,31,23
28/08/2010,32,56,4,27,22,13
01/09/2010,40,20,21,17,51,19
04/09/2010,33,22,42,14,11,38
08/09/2010,10,57,51,35,39,20
11/09/2010,36,20,59,17,7,33
15/09/2010,7,20,21,34,43,34
18/09/2010,18,44,1,39,37,13
22/09/2010,10,36,52,24,55,15
25/09/2010,8,35,27,16,42,30
29/09/2010,52,13,55,44,51,30
02/10/2010,30,12,36,20,47,25
06/10/2010,26,41,14,37,46,24
09/10/2010,42,32,49,6,2,35
13/10/2010,46,34,32,22,12,2
16/10/2010,28,16,12,11,15,11
20/10/2010,20,39,7,17,59,17
23/10/2010,20,2,46,7,16,34
27/10/2010,25,24,20,59,53,15
30/10/2010,49,7,27,1,36,39
03/11/2010,34,45,38,39,50,33
06/11/2010,7,12,23,34,38,33
10/11/2010,5,8,44,40,11,10
13/11/2010,30,51,17,48,54,29
17/11/2010,14,59,54,53,16,5
20/11/2010,12,10,38,53,57,1
24/11/2010,20,8,21,37,32,4
27/11/2010,47,37,30,54,10,39
01/12/2010,10,5,12,11,20,2
04/12/2010,27,24,42,31,13,22
08/12/2010,25,8,11,58,41,16
11/12/2010,1,8,19,10,20,23
15/12/2010,32,18,45,10,11,18
18/12/2010,43,19,4,11,33,14
22/12/2010,33,11,44,47,46,12
25/12/2010,52,50,1,38,17,24
29/12/2010,18,37,20,16,3,30
01/01/2011,37,47,18,22,54,36
05/01/2011,40,22,32,26,38,7
08/01/2011,7,52,6,33,26,24
12/01/2011,48,23,40,21,19,27
15/01/2011,22,13,9,37,23,31
19/01/2011,36,51,56,22,59,32
22/01/2011,34,30,51,31,45,23
26/01/2011,4,47,58,5,36,6
29/01/2011,28,45,24,52,49,2
02/02/2011,33,57,53,3,14,36
05/02/2011,15,41,59,37,56,5
09/02/2011,51,39,42,11,7,30
12/02/2011,32,52,36,48,11,19
16/02/2011,23,48,21,9,13,24
19/02/2011,12,34,3,42,37,36
23/02/2011,32,36,39,29,49,29
26/02/2011,4,45,21,17,13,10
02/03/2011,50,58,7,31,51,6
05/03/2011,42,31,23,48,2,21
09/03/2011,12,20,28,40,48,8
12/03/2011,4,41,1,12,47,3
16/03/2011,53,28,48,39,40,9
19/03/2011,11,20,46,27,3,8
23/03/2011,15,28,5,26,32,9
26/03/2011,10,4,11,33,19,27
30/03/2011,58,56,20,19,42,37
02/04/2011,43,22,34,6,45,23
06/04/2011,56,18,55,10,41,15
09/04/2011,53,5,56,14,32,11
13/04/2011,4,49,39,50,23,39
16/04/2011,21,55,33,45,44,7
20/04/2011,9,24,43,34,36,27
23/04/2011,58,11,3,48,47,19
27/04/2011,40,44,55,24,4,5
30/04/2011,41,15,6,13,32,3
04/05/2011,15,41,29,27,3,24
07/05/2011,11,55,47,2,27,15
11/05/2011,43,32,9,45,17,31
14/05/2011,40,18,17,8,44,16
18/05/2011,7,12,42,49,13,16
21/05/2011,8,49,2,40,50,36
25/05/2011,50,4,31,42,23,23
28/05/2011,43,12,20,51,55,11
01/06/2011,56,38,46,8,18,31
04/06/2011,17,58,39,19,41,21
08/06/2011,53,37,14,44,45,29
11/06/2011,50,16,18,36,27,8
15/06/2011,41,43,20,19,38,29
18/06/2011,22,38,21,12,41,18
22/06/2011,59,12,46,19,15,12
25/06/2011,18,39,57,36,41,12
29/06/2011,30,24,57,59,45,26
02/07/2011,11,29,1,51,18,32
06/07/2011,55,50,24,11,15,8
09/07/2011,31,9,23,1,11,6
13/07/2011,54,18,8,19,32,8
16/07/2011,28,48,54,24,50,25
20/07/2011,40,42,38,1,4,17
23/07/2011,38,1,48,27,7,30
27/07/2011,40,51,59,41,38,33
30/07/2011,55,20,40,47,41,19
03/08/2011,49,19,13,28,21,11
06/08/2011,57,59,54,25,30,6
10/08/2011,46,41,36,18,11,38
13/08/2011,35,9,50,12,58,4
17/08/2011,31,28,48,18,52,37
20/08/2011,23,2,47,28,17,36
24/08/2011,49,53,13,9,47,39
27/08/2011,2,54,12,58,25,14
31/08/2011,19,35,57,47,13,29
03/09/2011,15,52,25,53,54,2
07/09/2011,54,3,5,27,18,13
10/09/2011,32,53,22,4,19,24
14/09/2011,16,50,42,59,41,5
17/09/2011,43,22,6,20,32,11
21/09/2011,47,52,55,48,12,13
24/09/2011,27,12,3,4,44,26
28/09/2011,41,51,30,50,53,8
01/10/2011,27,43,12,23,1,31
05/10/2011,46,7,43,54,20,17
08/10/2011,35,3,37,27,45,31
12/10/2011,43,10,12,23,47,18
15/10/2011,38,24,5,10,43,1
19/10/2011,26,35,16,52,58,2
22/10/2011,8,3,23,30,58,13
26/10/2011,39,21,1,18,55,6
29/10/2011,11,40,16,51,56,38
02/11/2011,12,39,14,46,34,36
05/11/2011,43,39,2,33,40,26
09/11/2011,58,59,35,5,57,12
12/11/2011,56,4,35,51,36,8
16/11/2011,22,25,39,13,51,28
19/11/2011,16,9,17,28,30,11
23/11/2011,30,35,57,4,59,25
26/11/2011,55,20,37,45,39,28
30/11/2011,47,6,2,34,35,22
03/12/2011,18,5,33,43,45,8
07/12/2011,39,20,14,40,3,37
10/12/2011,33,41,4,19,59,9
14/12/2011,46,52,24,56,2,19
17/12/2011,59,28,51,13,49,33
21/12/2011,31,15,13,54,10,18
24/12/2011,52,51,16,14,30,19
28/12/2011,16,27,45,41,21,14
31/12/2011,5,25,40,23,28,34
04/01/2012,50,35,21,47,46,2
07/01/2012,3,24,38,21,39,24
11/01/2012,47,5,29,45,19,25
14/01/2012,41,30,10,36,38,1
18/01/2012,50,34,29,6,44,28
21/01/2012,44,12,43,24,45,7
25/01/2012,28,19,29,47,4,5
28/01/2012,41,54,59,33,5,13
01/02/2012,8,13,59,17,34,35
04/02/2012,23,56,43,45,15,7
08/02/2012,38,51,17,28,39,33
11/02/2012,37,52,10,1,57,11
15/02/2012,12,11,32,56,52,11
18/02/2012,23,50,28,59,56,5
22/02/2012,17,39,16,7,51,32
25/02/2012,54,11,6,42,53,7
29/02/2012,26,1,11,4,23,14
03/03/2012,47,30,29,49,45,35
07/03/2012,45,35,47,46,12,12
10/03/2012,5,41,20,14,17,5
14/03/2012,1,8,59,46,41,24
17/03/2012,11,55,58,14,49,30
21/03/2012,32,43,53,55,56,6
24/03/2012,15,37,35,1,47,8
28/03/2012,50,58,16,29,11,33
31/03/2012,14,5,58,54,36,27
04/04/2012,33,24,49,45,1,6
07/04/2012,13,30,5,20,17,18
11/04/2012,44,42,16,47,23,2
14/04/2012,15,16,19,14,24,2
18/04/2012,22,39,49,46,20,29
21/04/2012,8,42,51,20,6,16
25/04/2012,29,43,25,4,34,29
28/04/2012,57,40,58,31,39,33
02/05/2012,7,33,50,38,8,29
05/05/2012,12,59,44,20,9,23
09/05/2012,56,7,1,11,55,1
12/05/2012,35,24,58,53,10,22
16/05/2012,21,43,28,3,7,2
19/05/2012,46,13,8,51,35,30
23/05/2012,59,7,53,26,4,32
26/05/2012,49,59,13,41,14,14
30/05/2012,10,56,9,24,52,14
02/06/2012,17,45,10,29,9,33
06/06/2012,59,48,19,33,30,27
09/06/2012,56,45,57,22,18,27
13/06/2012,14,57,33,10,7,18
16/06/2012,14,16,27,15,8,26
20/06/2012,17,11,29,56,57,14
23/06/2012,44,1,53,3,41,30
27/06/2012,58,34,6,46,40,6
30/06/2012,20,7,15,41,44,22
04/07/2012,35,19,14,39,56,33
07/07/2012,5,3,29,59,39,29
11/07/2012,5,36,49,55,22,23
14/07/2012,4,46,16,37,32,13
18/07/2012,5,2,57,23,20,3
21/07/2012,9,54,38,56,31,20
25/07/2012,14,3,46,38,35,16
28/07/2012,6,50,5,36,13,13
01/08/2012,58,3,56,48,16,4
04/08/2012,55,30,53,48,19,18
08/08/2012,7,15,3,11,28,12
11/08/2012,51,13,46,39,4,1
15/08/2012,56,27,46,6,51,21
18/08/2012,55,41,26,14,59,1
22/08/2012,47,31,22,29,55,19
25/08/2012,7,20,6,1,49,23
29/08/2012,49,54,28,25,56,28
01/09/2012,8,44,21,11,49,22
05/09/2012,42,4,26,51,19,29
08/09/2012,34,44,20,48,6,29
12/09/2012,48,56,24,36,33,6
15/09/2012,43,26,3,20,48,1
19/09/2012,50,1,8,39,5,23
22/09/2012,40,42,18,16,2,33
26/09/2012,41,26,42,13,39,10
29/09/2012,57,14,29,18,28,8
03/10/2012,55,23,17,59,36,10
06/10/2012,36,59,26,15,34,35
10/10/2012,35,18,43,29,26,28
13/10/2012,5,2,26,25,49,18
17/10/2012,42,23,10,7,1,35
20/10/2012,4,28,31,44,21,10
24/10/2012,18,50,23,3,21,4
27/10/2012,34,56,36,32,22,33
31/10/2012,45,31,1,48,27,5
03/11/2012,54,4,7,9,30,25
07/11/2012,32,45,34,52,58,20
10/11/2012,55,32,50,54,42,32
14/11/2012,44,10,58,8,30,13
17/11/2012,15,59,27,58,3,20
21/11/2012,24,30,8,18,39,26
24/11/2012,22,32,37,44,50,34
28/11/2012,5,23,16,22,29,6
01/12/2012,46,10,3,19,36,3
05/12/2012,27,19,38,13,17,12
08/12/2012,23,40,53,26,7,21
12/12/2012,36,25,44,8,10,28
15/12/2012,40,23,44,55,15,14
19/12/2012,23,20,5,30,8,3
22/12/2012,18,44,35,39,1,11
26/12/2012,54,43,13,11,23,4
29/12/2012,55,52,46,50,36,14
02/01/2013,20,18,53,28,35,20
05/01/2013,30,49,54,26,51,25
09/01/2013,11,20,13,27,59,26
12/01/2013,47,21,23,14,10,7
16/01/2013,51,21,32,28,9,35
19/01/2013,29,8,28,34,38,35
23/01/2013,24,43,11,12,45,9
26/01/2013,22,49,41,26,3,18
30/01/2013,47,16,14,32,52,16
02/02/2013,41,33,16,40,11,34
06/02/2013,36,38,5,27,41,12
09/02/2013,58,36,16,6,5,3
13/02/2013,12,43,27,25,23,29
16/02/2013,58,16,15,46,50,29
20/02/2013,25,3,32,17,19,17
23/02/2013,41,31,39,2,5,29
27/02/2013,48,20,14,34,3,21
02/03/2013,56,13,8,41,3,16
06/03/2013,45,10,6,23,41,1
09/03/2013,46,52,37,10,40,12
13/03/2013,38,9,32,28,5,29
16/03/2013,44,53,7,21,3,16
20/03/2013,43,17,14,13,54,15
23/03/2013,29,53,52,17,31,31
27/03/2013,43,48,7,37,52,16
30/03/2013,23,46,11,26,55,27
03/04/2013,35,8,12,1,6,3
06/04/2013,39,29,4,8,7,24
10/04/2013,40,1,52,36,53,20
13/04/2013,10,57,31,12,56,33
17/04/2013,58,18,48,13,36,28
20/04/2013,6,39,8,30,48,20
24/04/2013,9,59,31,56,19,2
27/04/2013,55,54,48,23,3,5
01/05/2013,31,22,55,26,54,18
04/05/2013,26,36,40,7,12,17
08/05/2013,21,57,26,22,30,27
11/05/2013,6,23,19,43,13,16
15/05/2013,2,34,11,41,26,32
18/05/2013,22,10,13,14,52,11
22/05/2013,31,35,41,9,57,26
25/05/2013,27,21,19,6,2,25
29/05/2013,49,14,9,17,57,2
01/06/2013,33,53,59,22,28,14
05/06/2013,4,36,26,33,55,32
08/06/2013,2,26,11,32,22,19
12/06/2013,22,16,42,23,55,32
15/06/2013,48,55,28,40,36,1
19/06/2013,57,47,46,52,7,17
22/06/2013,33,57,19,23,13,28
26/06/2013,1,46,39,33,18,33
29/06/2013,28,8,56,53,30,16
03/07/2013,40,6,51,29,3,4
06/07/2013,52,2,36,35,13,11
10/07/2013,55,45,31,30,59,27
13/07/2013,8,37,2,35,22,6
17/07/2013,22,1,42,38,34,17
20/07/2013,14,27,58,25,38,6
24/07/2013,44,29,54,40,9,7
27/07/2013,58,53,40,23,9,6
31/07/2013,8,24,59,39,49,5
03/08/2013,24,36,21,45,42,15
07/08/2013,58,5,25,59,30,32
10/08/2013,37,58,14,4,12,13
14/08/2013,17,43,11,4,51,20
17/08/2013,18,54,56,21,46,23
21/08/2013,30,48,42,46,40,23
24/08/2013,45,17,59,12,25,19
28/08/2013,32,19,7,9,6,13
31/08/2013,40,25,7,56,2,20
04/09/2013,2,45,26,9,47,11
07/09/2013,2,22,19,45,26,24
11/09/2013,19,33,42,52,11,33
14/09/2013,1,25,44,17,37,20
18/09/2013,7,10,35,32,22,19
21/09/2013,58,54,45,17,12,13
25/09/2013,49,7,17,53,2,23
28/09/2013,47,53,14,52,54,5
02/10/2013,6,51,42,4,25,17
05/10/2013,11,39,40,17,12,5
09/10/2013,9,38,3,33,19,18
12/10/2013,10,58,26,57,8,4
16/10/2013,3,42,26,34,28,28
19/10/2013,33,9,56,54,57,5
23/10/2013,47,34,23,31,3,13
26/10/2013,56,6,4,34,49,29
30/10/2013,54,2,49,36,40,10
02/11/2013,27,40,13,23,24,17
06/11/2013,49,1,5,10,15,22
09/11/2013,37,56,3,49,9,32
13/11/2013,31,5,55,50,56,9
16/11/2013,29,37,59,10,44,10
20/11/2013,32,4,45,23,18,7
23/11/2013,12,52,55,43,5,10
27/11/2013,57,25,18,55,50,17
30/11/2013,26,5,45,44,57,29
04/12/2013,9,6,11,44,31,25
07/12/2013,45,13,48,32,20,17
11/12/2013,10,18,19,1,13,27
14/12/2013,33,41,25,14,32,34
18/12/2013,39,7,40,24,37,1
21/12/2013,36,51,45,25,40,8
25/12/2013,38,56,28,39,23,32
28/12/2013,56,51,35,44,8,18
01/01/2014,52,48,15,24,40,23
04/01/2014,19,58,37,20,41,14
08/01/2014,39,28,58,47,10,22
11/01/2014,54,15,48,33,10,34
15/01/2014,29,8,9,7,24,25
18/01/2014,38,14,13,19,31,25
22/01/2014,55,2,7,1,9,29
25/01/2014,57,8,55,12,18,2
29/01/2014,47,23,11,28,32,20
01/02/2014,12,15,38,5,27,7
05/02/2014,8,57,17,59,32,24
08/02/2014,54,37,34,25,24,29
12/02/2014,52,49,36,57,44,1
15/02/2014,9,23,2,14,21,3
19/02/2014,17,49,54,35,1,34
22/02/2014,13,2,54,14,3,4
26/02/2014,42,11,12,38,17,2
01/03/2014,3,8,25,47,30,13
05/03/2014,26,3,9,7,54,19
08/03/2014,14,24,32,41,10,30
12/03/2014,28,54,14,15,37,10
15/03/2014,34,5,51,2,58,9
19/03/2014,34,23,43,19,2,14
22/03/2014,55,13,28,58,31,15
26/03/2014,33,41,59,44,28,21
29/03/2014,3,12,27,38,2,17
02/04/2014,19,22,13,53,8,24
05/04/2014,26,11,21,34,33,29
09/04/2014,49,14,48,9,44,29
12/04/2014,26,45,14,55,54,20
16/04/2014,42,34,59,39,44,8
19/04/2014,35,6,51,5,29,21
23/04/2014,29,48,36,19,25,12
26/04/2014,30,3,22,7,33,20
30/04/2014,9,2,19,50,11,32
03/05/2014,15,5,46,49,16,26
07/05/2014,48,31,17,49,29,34
10/05/2014,41,47,55,31,4,1
14/05/2014,55,7,52,33,39,33
17/05/2014,32,23,47,39,49,22
21/05/2014,20,34,58,4,39,31
24/05/2014,55,15,49,16,28,18
28/05/2014,24,2,28,32,59,25
31/05/2014,34,15,48,27,31,1
04/06/2014,22,7,1,10,49,24
07/06/2014,58,30,35,28,59,15
11/06/2014,14,25,33,18,49,23
14/06/2014,33,54,42,9,45,30
18/06/2014,6,52,59,29,9,7
21/06/2014,41,6,54,5,37,26
25/06/2014,50,53,10,20,25,35
28/06/2014,56,8,12,43,34,9
02/07/2014,58,18,53,8,45,35
05/07/2014,34,58,24,36,57,11
09/07/2014,9,55,42,25,57,14
12/07/2014,23,7,2,3,51,26
16/07/2014,5,32,26,18,15,35
19/07/2014,10,53,17,25,45,9
23/07/2014,22,12,4,31,10,3
26/07/2014,38,39,28,24,30,16
30/07/2014,49,13,30,53,42,29
02/08/2014,12,46,44,47,26,29
06/08/2014,49,1,8,24,28,24
09/08/2014,34,12,31,51,3,24
13/08/2014,37,8,40,52,39,24
16/08/2014,7,8,17,59,48,9
20/08/2014,21,40,8,38,4,3
23/08/2014,52,28,36,32,35,31
27/08/2014,24,17,45,46,26,19
30/08/2014,5,52,28,59,31,27
03/09/2014,43,2,51,45,16,35
06/09/2014,29,43,31,50,9,18
10/09/2014,14,39,2,40,43,13
13/09/2014,37,6,1,53,16,27
17/09/2014,36,18,25,50,48,23
20/09/2014,23,22,30,39,37,16
24/09/2014,7,14,24,41,21,26
27/09/2014,54,11,52,35,2,13
01/10/2014,20,1,45,18,4,7
04/10/2014,13,33,18,24,25,31
08/10/2014,46,50,16,31,5,18
11/10/2014,37,39,38,19,10,28
15/10/2014,5,7,28,27,19,20
18/10/2014,36,20,54,27,26,19
22/10/2014,40,42,30,29,50,16
25/10/2014,54,57,51,6,10,12
29/10/2014,48,28,59,25,57,16
01/11/2014,1,38,25,13,3,17
05/11/2014,19,2,11,21,42,34
08/11/2014,9,33,19,38,54,15
12/11/2014,55,37,39,52,51,11
15/11/2014,35,16,33,51,13,28
19/11/2014,38,6,36,48,51,17
22/11/2014,54,53,23,57,49,35
26/11/2014,46,17,22,16,54,35
29/11/2014,13,30,24,42,48,27
03/12/2014,54,30,32,46,25,26
06/12/2014,43,22,49,15,12,14
10/12/2014,48,34,55,44,54,10
13/12/2014,5,13,43,55,28,33
17/12/2014,47,31,48,38,22,15
20/12/2014,19,15,56,31,14,5
24/12/2014,46,11,12,47,50,22
27/12/2014,36,14,10,11,7,15
31/12/2014,40,27,17,53,37,35
03/01/2015,4,43,46,55,18,25
07/01/2015,47,49,59,15,14,10
10/01/2015,19,9,29,2,28,19
14/01/2015,10,4,53,2,41,22
17/01/2015,15,27,23,36,16,9
21/01/2015,57,12,28,15,11,23
24/01/2015,19,16,20,33,29,10
28/01/2015,49,24,12,36,35,1
31/01/2015,16,5,50,11,26,34
04/02/2015,51,52,36,24,56,22
07/02/2015,34,58,5,21,10,33
11/02/2015,25,11,54,13,39,19
14/02/2015,44,45,1,24,51,28
18/02/2015,29,1,49,9,32,22
21/02/2015,18,51,14,34,10,26
25/02/2015,39,17,21,32,19,8
28/02/2015,25,28,11,17,46,12
04/03/2015,8,35,15,12,50,32
07/03/2015,50,42,36,38,34,33
11/03/2015,24,44,31,11,40,27
14/03/2015,46,47,8,14,39,18
18/03/2015,30,47,33,25,14,8
21/03/2015,30,38,16,11,42,7
25/03/2015,54,23,19,7,50,14
28/03/2015,38,2,12,4,6,17
01/04/2015,44,39,30,33,2,1
04/04/2015,41,33,39,54,40,28
08/04/2015,1,19,45,58,46,29
11/04/2015,58,1,32,42,12,12
15/04/2015,1,21,29,16,40,30
18/04/2015,31,22,13,23,29,17
22/04/2015,25,10,14,39,53,18
25/04/2015,45,21,35,33,38,12
29/04/2015,26,1,38,34,51,6
02/05/2015,2,31,6,11,30,33
06/05/2015,24,41,39,23,27,30
09/05/2015,58,4,17,35,15,17
13/05/2015,31,29,1,47,25,7
16/05/2015,48,24,38,52,29,32
20/05/2015,12,1,44,28,35,25
23/05/2015,31,9,43,17,15,16
27/05/2015,8,15,59,34,53,23
30/05/2015,57,25,8,56,9,22
03/06/2015,6,40,37,13,8,11
06/06/2015,18,43,13,8,27,15
10/06/2015,49,32,31,53,48,25
13/06/2015,41,29,52,54,48,29
17/06/2015,22,20,21,54,41,7
20/06/2015,20,16,10,57,9,15
24/06/2015,5,10,3,22,32,7
27/06/2015,35,18,46,49,28,27
01/07/2015,24,41,31,26,7,25
04/07/2015,24,18,6,3,14,21
08/07/2015,30,27,25,15,4,18
11/07/2015,46,39,52,11,54,3
15/07/2015,45,34,13,50,16,11
18/07/2015,39,6,37,45,55,33
22/07/2015,31,12,57,44,43,11
25/07/2015,27,44,41,29,34,2
29/07/2015,4,52,22,27,28,35
01/08/2015,13,7,49,24,57,15
05/08/2015,42,14,9,16,11,19
08/08/2015,34,48,54,52,9,15
12/08/2015,29,38,8,13,52,28
15/08/2015,3,17,13,52,42,24
19/08/2015,6,43,48,50,8,7
22/08/2015,12,14,21,4,55,7
26/08/2015,22,56,2,45,32,12
29/08/2015,25,18,29,21,28,16
02/09/2015,17,46,22,30,56,16
05/09/2015,29,10,18,16,45,19
09/09/2015,50,44,45,51,47,8
12/09/2015,35,3,16,2,13,27
16/09/2015,7,5,39,24,31,7
19/09/2015,12,43,17,26,48,24
23/09/2015,8,29,51,58,41,5
26/09/2015,23,57,42,31,50,5
30/09/2015,40,59,21,39,55,17
03/10/2015,33,6,46,44,26,4
07/10/2015,52,40,48,18,30,9
10/10/2015,27,68,12,43,29,1
14/10/2015,20,15,31,40,29,1
17/10/2015,57,62,69,49,48,19
21/10/2015,57,32,30,42,56,11
24/10/2015,20,31,56,64,60,2
28/10/2015,56,62,54,63,4,10
31/10/2015,9,47,20,25,68,7
04/11/2015,12,2,17,20,65,17
07/11/2015,50,53,7,16,25,15
11/11/2015,26,4,32,55,64,18
14/11/2015,66,37,22,14,45,5
18/11/2015,40,17,46,69,41,6
21/11/2015,37,57,47,50,52,21
25/11/2015,53,16,69,58,29,21
28/11/2015,47,2,66,67,6,2
02/12/2015,14,18,19,64,32,9
05/12/2015,47,33,68,27,13,13
09/12/2015,16,46,10,56,7,1
12/12/2015,62,2,30,19,14,22
16/12/2015,9,42,10,55,32,6
19/12/2015,30,68,59,41,28,10
23/12/2015,67,16,63,38,55,25
26/12/2015,65,40,44,59,27,20
30/12/2015,12,61,54,38,36,22
02/01/2016,42,15,6,5,29,10
06/01/2016,47,2,63,62,11,17
09/01/2016,32,16,19,57,34,13
13/01/2016,8,27,34,4,19,10
16/01/2016,61,52,51,64,3,6
20/01/2016,44,5,39,69,47,24
23/01/2016,32,22,40,69,34,19
27/01/2016,40,52,3,67,12,21
30/01/2016,16,5,12,31,43,18
03/02/2016,26,60,67,31,28,23
06/02/2016,13,4,36,31,52,8
10/02/2016,2,62,40,50,3,5
13/02/2016,7,15,36,18,19,20
17/02/2016,29,27,7,40,17,25
20/02/2016,54,12,11,16,15,25
24/02/2016,67,21,65,31,64,5
27/02/2016,22,11,53,21,10,18
02/03/2016,62,52,13,12,44,6
05/03/2016,3,34,27,59,69,19
09/03/2016,32,34,14,23,68,3
12/03/2016,28,11,50,57,62,23
16/03/2016,46,50,12,13,10,21
19/03/2016,11,60,23,54,43,3
23/03/2016,22,15,49,5,8,25
26/03/2016,23,42,68,52,11,6
30/03/2016,55,24,63,53,44,19
02/04/2016,9,61,28,40,30,3
06/04/2016,65,28,49,60,4,25
09/04/2016,14,23,41,61,22,9
13/04/2016,30,35,38,33,64,22
16/04/2016,32,3,25,51,18,3
20/04/2016,62,30,12,25,52,8
23/04/2016,46,62,59,35,19,13
27/04/2016,25,39,64,2,33,17
30/04/2016,32,16,3,34,12,14
04/05/2016,47,69,30,66,57,3
07/05/2016,25,66,44,5,26,9
11/05/2016,69,32,52,66,20,23
14/05/2016,64,27,65,13,47,9
18/05/2016,25,67,39,23,54,11
21/05/2016,9,32,5,7,23,26
25/05/2016,64,24,59,41,11,15
28/05/2016,6,34,33,59,58,12
01/06/2016,40,69,33,23,30,12
04/06/2016,20,16,43,64,22,17
08/06/2016,37,69,12,25,60,20
11/06/2016,36,58,27,41,20,7
15/06/2016,33,4,24,31,22,10
18/06/2016,53,2,23,63,41,11
22/06/2016,14,42,43,52,40,17
25/06/2016,36,3,56,69,27,25
29/06/2016,29,37,23,64,60,6
02/07/2016,63,39,59,34,10,4
06/07/2016,66,57,2,31,24,18
09/07/2016,32,28,10,64,61,12
13/07/2016,57,15,29,3,54,10
16/07/2016,11,50,40,17,62,26
20/07/2016,6,58,66,25,35,5
23/07/2016,39,5,35,7,23,11
27/07/2016,10,47,68,65,50,24
30/07/2016,32,21,17,23,11,5
03/08/2016,66,27,11,9,67,2
06/08/2016,52,33,47,36,20,12
10/08/2016,64,56,61,23,67,12
13/08/2016,44,38,64,69,60,6
17/08/2016,44,49,33,50,52,8
20/08/2016,68,3,21,6,60,24
24/08/2016,25,11,9,65,64,16
27/08/2016,48,32,63,4,49,20
31/08/2016,10,56,24,61,5,12
03/09/2016,39,59,7,67,50,25
07/09/2016,23,55,33,22,29,21
10/09/2016,3,17,49,68,55,8
14/09/2016,10,31,23,28,11,14
17/09/2016,51,19,9,62,55,14
21/09/2016,63,67,1,69,28,17
24/09/2016,15,7,29,41,20,22
28/09/2016,30,53,62,38,52,1
01/10/2016,12,64,50,61,2,1
05/10/2016,60,29,18,27,8,15
08/10/2016,3,64,68,61,54,9
12/10/2016,34,44,30,16,37,16
15/10/2016,64,49,57,23,67,20
19/10/2016,43,63,16,38,10,23
22/10/2016,1,55,33,28,56,22
26/10/2016,48,56,2,16,3,24
29/10/2016,42,48,20,21,19,23
02/11/2016,18,54,61,13,37,5
05/11/2016,31,50,69,21,51,8
09/11/2016,28,31,54,25,1,2
12/11/2016,20,8,27,52,17,24
16/11/2016,28,61,63,41,65,7
19/11/2016,24,61,43,16,28,21
23/11/2016,7,61,41,47,32,3
26/11/2016,21,17,37,44,19,16
30/11/2016,3,45,25,14,18,7
03/12/2016,27,26,33,8,10,22
07/12/2016,49,64,48,41,53,20
10/12/2016,32,21,12,44,66,15
14/12/2016,39,18,66,37,26,15
17/12/2016,16,40,8,48,1,10
21/12/2016,25,68,40,54,33,3
24/12/2016,38,52,42,51,28,21
28/12/2016,30,23,44,58,16,4
31/12/2016,1,28,3,67,57,9
04/01/2017,16,17,29,41,42,4
07/01/2017,3,12,24,37,63,10
11/01/2017,1,3,13,16,43,24
14/01/2017,23,55,59,64,69,13
18/01/2017,9,40,41,53,58,12
21/01/2017,23,25,45,52,67,2
25/01/2017,18,28,62,66,68,22
28/01/2017,12,20,39,49,69,17
01/02/2017,9,43,57,60,64,10
04/02/2017,6,13,16,17,52,25
08/02/2017,14,20,42,49,66,5
11/02/2017,5,9,17,37,64,2
15/02/2017,5,28,33,38,42,19
18/02/2017,3,7,9,31,33,20
22/02/2017,10,13,28,52,61,2
25/02/2017,6,32,47,62,65,19
01/03/2017,10,16,40,52,55,17
04/03/2017,2,18,19,22,63,19
08/03/2017,23,33,42,46,59,4
11/03/2017,1,26,41,50,57,11
15/03/2017,16,30,41,48,53,16
18/03/2017,13,25,44,54,67,5
22/03/2017,2,9,27,29,42,9
25/03/2017,18,31,32,45,48,16
29/03/2017,8,15,31,36,62,11
01/04/2017,9,32,36,44,65,1
05/04/2017,8,20,46,53,54,13
08/04/2017,23,36,51,53,60,15
12/04/2017,8,14,61,63,68,24
15/04/2017,5,22,26,45,61,13
19/04/2017,1,19,37,40,52,15
22/04/2017,21,39,41,48,63,6
26/04/2017,1,15,18,26,51,26
29/04/2017,22,23,24,45,62,5
03/05/2017,17,18,49,59,66,9
06/05/2017,11,21,31,41,59,21
10/05/2017,29,31,46,56,62,8
13/05/2017,17,20,32,63,68,19
17/05/2017,4,11,39,45,48,9
20/05/2017,5,22,45,47,54,3
24/05/2017,28,32,33,38,62,15
27/05/2017,5,10,28,55,67,9
31/05/2017,4,33,39,46,60,6
03/06/2017,3,9,21,41,54,25
07/06/2017,5,21,57,66,69,13
10/06/2017,20,26,32,38,58,3
14/06/2017,5,22,43,57,63,24
17/06/2017,10,13,32,53,62,21
21/06/2017,14,46,61,65,68,13
24/06/2017,10,22,32,36,58,10
28/06/2017,29,37,46,53,68,8
01/07/2017,19,42,45,48,53,16
05/07/2017,4,9,16,54,68,21
08/07/2017,8,10,29,40,59,26
12/07/2017,1,2,18,23,61,9
15/07/2017,9,40,63,64,66,17
19/07/2017,50,51,59,61,63,4
22/07/2017,5,32,44,53,60,9
26/07/2017,7,19,21,42,69,12
29/07/2017,1,28,40,45,48,12
02/08/2017,1,16,54,63,69,18
05/08/2017,11,21,28,33,45,11
09/08/2017,12,30,36,47,62,9
12/08/2017,20,24,26,35,49,19
16/08/2017,9,15,43,60,64,4
19/08/2017,17,19,39,43,68,13
23/08/2017,6,7,16,23,26,4
26/08/2017,7,15,32,38,66,15
30/08/2017,19,28,43,67,69,7
02/09/2017,6,21,41,52,62,26
06/09/2017,8,14,32,58,67,17
09/09/2017,6,20,29,57,59,22
13/09/2017,17,24,35,57,63,19
16/09/2017,17,18,24,25,31,24
20/09/2017,39,48,53,67,68,26
23/09/2017,24,45,55,56,57,19
27/09/2017,8,10,21,23,25,22
30/09/2017,8,12,25,41,64,15
04/10/2017,22,23,62,63,66,24
07/10/2017,10,49,61,63,65,7
11/10/2017,1,3,13,19,69,23
14/10/2017,32,37,56,66,69,11
18/10/2017,30,49,54,66,69,8
21/10/2017,14,41,42,45,69,4
25/10/2017,18,22,29,54,57,8
28/10/2017,27,35,38,57,66,10
01/11/2017,3,6,19,26,44,1
04/11/2017,12,14,26,48,51,13
08/11/2017,12,14,20,21,34,22
11/11/2017,4,6,16,30,56,18
15/11/2017,23,32,44,48,50,25
18/11/2017,17,28,31,32,39,26
22/11/2017,35,37,46,51,61,13
25/11/2017,8,13,27,53,54,4
29/11/2017,24,26,28,59,63,16
02/12/2017,28,30,32,36,58,6
06/12/2017,19,20,50,55,62,9
09/12/2017,25,36,37,55,60,6
13/12/2017,2,24,28,51,58,7
16/12/2017,9,35,37,50,63,11
20/12/2017,1,20,61,64,69,20
23/12/2017,1,3,13,15,44,25
27/12/2017,3,9,16,56,60,3
30/12/2017,28,36,41,51,58,24
03/01/2018,2,18,37,39,42,12
06/01/2018,12,29,30,33,61,26
10/01/2018,7,24,33,49,50,4
13/01/2018,14,25,35,58,69,24
17/01/2018,3,33,37,51,57,21
20/01/2018,26,28,47,49,58,3
24/01/2018,5,9,11,33,64,21
27/01/2018,17,21,26,47,54,7
31/01/2018,4,7,14,46,59,22
03/02/2018,15,23,27,48,53,6
07/02/2018,23,34,35,40,47,10
10/02/2018,1,13,27,41,59,20
14/02/2018,37,39,44,46,69,26
17/02/2018,13,26,39,44,62,2
21/02/2018,7,15,31,34,36,8
24/02/2018,24,25,38,62,63,6
28/02/2018,12,30,59,65,69,16
03/03/2018,13,17,25,36,40,5
07/03/2018,6,13,19,36,51,18
10/03/2018,43,44,54,61,69,22
14/03/2018,6,12,24,41,68,9
17/03/2018,22,57,59,60,66,7
21/03/2018,3,4,18,29,61,25
24/03/2018,10,33,45,53,56,24
28/03/2018,6,8,26,52,53,21
31/03/2018,8,24,52,55,61,21
04/04/2018,8,24,42,54,64,24
07/04/2018,2,17,20,38,39,20
11/04/2018,16,18,27,55,67,18
14/04/2018,17,19,26,61,62,15
18/04/2018,9,10,12,17,23,9
21/04/2018,40,50,54,62,69,19
25/04/2018,17,18,39,56,64,12
28/04/2018,20,22,28,45,50,8
02/05/2018,5,14,31,40,50,6
05/05/2018,14,29,36,57,61,17
09/05/2018,11,16,38,50,69,19
12/05/2018,22,42,45,55,56,14
16/05/2018,17,19,21,22,51,19
19/05/2018,3,6,9,17,56,25
23/05/2018,20,54,56,61,64,7
26/05/2018,1,21,31,45,49,21
30/05/2018,17,23,26,46,68,20
02/06/2018,23,25,37,44,64,7
06/06/2018,23,28,41,53,56,14
09/06/2018,6,10,15,25,36,14
13/06/2018,13,20,38,45,55,1
16/06/2018,9,45,57,58,65,9
20/06/2018,4,14,23,27,56,13
23/06/2018,16,29,43,45,56,25
27/06/2018,7,28,37,62,63,15
30/06/2018,3,9,20,42,61,24
04/07/2018,4,7,15,41,44,10
07/07/2018,1,10,43,45,64,22
11/07/2018,19,21,27,46,47,7
14/07/2018,22,41,42,49,67,11
18/07/2018,1,10,27,28,36,12
21/07/2018,9,23,56,58,68,1
25/07/2018,2,18,41,44,64,26
28/07/2018,22,27,46,56,65,13
01/08/2018,5,22,32,38,58,26
04/08/2018,3,11,38,44,58,2
08/08/2018,10,21,30,43,63,17
11/08/2018,5,43,56,62,68,24
15/08/2018,12,15,28,47,48,16
18/08/2018,24,34,52,61,67,16
22/08/2018,1,7,45,47,69,13
25/08/2018,20,25,54,57,63,8
29/08/2018,25,41,53,57,67,12
01/09/2018,11,54,55,61,66,9
05/09/2018,6,15,50,59,60,13
08/09/2018,3,13,20,32,33,21
12/09/2018,6,28,48,63,64,24
15/09/2018,2,18,19,24,34,3
19/09/2018,4,39,48,50,51,11
22/09/2018,24,61,63,64,69,18
26/09/2018,1,2,7,30,50,8
29/09/2018,9,17,34,59,64,22
03/10/2018,41,53,59,63,66,3
06/10/2018,1,22,27,53,67,15
10/10/2018,8,23,27,42,60,7
13/10/2018,11,14,32,43,65,15
17/10/2018,3,57,64,68,69,15
20/10/2018,16,54,57,62,69,23
24/10/2018,3,21,45,53,56,22
27/10/2018,8,12,13,19,27,4
31/10/2018,7,25,39,40,47,20
03/11/2018,15,21,24,32,65,11
07/11/2018,26,28,34,42,50,25
10/11/2018,5,29,34,53,57,24
14/11/2018,7,42,49,62,69,23
17/11/2018,6,8,20,52,68,5
21/11/2018,7,14,23,38,55,18
24/11/2018,11,33,51,56,58,18
28/11/2018,4,19,59,68,69,21
01/12/2018,10,11,47,55,58,26
05/12/2018,9,11,36,37,38,11
08/12/2018,14,32,34,46,61,10
12/12/2018,4,9,21,29,64,26
15/12/2018,8,38,43,52,55,17
19/12/2018,15,29,31,37,43,16
22/12/2018,21,28,30,40,59,26
26/12/2018,5,25,38,52,67,24
29/12/2018,12,42,51,53,62,25
02/01/2019,8,12,42,46,56,12
05/01/2019,3,7,15,27,69,19
09/01/2019,6,19,37,49,59,22
12/01/2019,7,36,48,57,58,24
16/01/2019,14,29,31,56,61,1
19/01/2019,5,8,41,65,66,20
23/01/2019,23,25,47,48,50,24
26/01/2019,8,12,20,21,32,10
30/01/2019,2,12,16,29,54,6
02/02/2019,10,17,18,43,65,13
06/02/2019,5,13,28,38,63,21
09/02/2019,1,2,3,7,39,25
13/02/2019,2,8,14,24,69,26
16/02/2019,29,30,41,48,64,1
20/02/2019,27,49,50,51,52,2
23/02/2019,4,6,14,20,32,13
27/02/2019,21,31,42,49,59,23
02/03/2019,1,19,25,27,68,21
06/03/2019,6,10,21,35,46,23
09/03/2019,5,6,45,55,59,14
13/03/2019,18,36,45,47,69,14
16/03/2019,30,34,39,53,67,11
20/03/2019,10,14,50,53,63,21
23/03/2019,24,25,52,60,66,5
27/03/2019,16,20,37,44,62,12
30/03/2019,21,52,54,64,68,4
03/04/2019,16,19,25,32,49,18
06/04/2019,15,33,43,59,60,8
10/04/2019,12,21,23,39,67,6
13/04/2019,4,17,26,32,49,10
17/04/2019,1,15,17,46,66,15
20/04/2019,3,27,30,63,65,1
24/04/2019,6,32,35,36,65,4
27/04/2019,2,29,41,45,62,6
01/05/2019,5,23,28,56,66,17
04/05/2019,6,16,23,30,61,2
08/05/2019,1,45,53,64,66,3
11/05/2019,6,8,9,37,40,26
15/05/2019,7,17,33,61,68,4
18/05/2019,2,10,25,66,67,26
22/05/2019,7,10,20,44,57,3
25/05/2019,1,2,39,43,66,2
29/05/2019,3,32,34,42,61,7
01/06/2019,6,15,34,45,52,8
05/06/2019,17,23,28,34,38,8
08/06/2019,9,13,42,48,60,18
12/06/2019,5,35,38,42,57,13
15/06/2019,8,11,14,16,49,14
19/06/2019,4,18,21,26,38,1
22/06/2019,3,6,11,14,66,21
26/06/2019,1,5,16,22,54,24
29/06/2019,13,17,24,59,62,8
03/07/2019,40,43,45,50,61,25
06/07/2019,4,8,23,46,65,1
10/07/2019,7,9,26,44,68,3
13/07/2019,13,23,32,35,68,21
17/07/2019,19,43,47,60,68,10
20/07/2019,5,26,36,64,69,19
24/07/2019,22,29,35,53,56,13
27/07/2019,1,19,31,48,61,6
31/07/2019,14,37,47,55,67,6
03/08/2019,3,6,45,66,68,13
07/08/2019,8,32,47,53,59,3
10/08/2019,35,41,44,58,59,3
14/08/2019,10,13,30,51,69,10
17/08/2019,18,21,24,30,60,20
21/08/2019,12,21,22,29,32,21
24/08/2019,5,12,20,21,47,1
28/08/2019,9,32,37,41,56,14
31/08/2019,14,41,50,56,57,18
04/09/2019,4,8,30,52,59,2
07/09/2019,11,20,41,42,56,6
11/09/2019,6,17,24,53,57,3
14/09/2019,11,27,31,36,67,11
18/09/2019,14,19,39,47,51,15
21/09/2019,1,9,22,36,68,22
25/09/2019,37,43,44,45,53,25
28/09/2019,15,23,34,51,55,4
02/10/2019,4,8,10,43,53,7
05/10/2019,6,14,36,51,54,4
09/10/2019,5,18,33,43,65,2
12/10/2019,12,29,34,53,65,23
16/10/2019,1,5,25,63,67,3
19/10/2019,14,27,29,59,65,12
23/10/2019,5,12,50,61,69,23
26/10/2019,3,20,48,54,59,4
30/10/2019,19,22,52,56,67,21
02/11/2019,3,23,32,37,58,22
06/11/2019,15,28,46,62,64,17
09/11/2019,14,17,35,38,60,25
13/11/2019,23,26,27,28,66,11
16/11/2019,14,22,26,55,63,26
20/11/2019,7,15,39,40,57,12
23/11/2019,28,35,38,61,66,23
27/11/2019,15,26,37,53,55,21
30/11/2019,15,35,42,63,68,18
04/12/2019,8,27,44,51,61,14
07/12/2019,18,42,53,62,66,25
11/12/2019,24,29,42,44,63,10
14/12/2019,3,6,12,32,64,19
18/12/2019,14,18,26,39,68,9
21/12/2019,19,31,35,50,67,14
25/12/2019,2,4,16,30,46,20
28/12/2019,20,23,39,59,60,18
01/01/2020,49,53,57,59,62,26
04/01/2020,1,11,21,25,54,7
08/01/2020,2,4,7,43,56,22
11/01/2020,3,21,23,31,59,3
15/01/2020,39,41,53,55,68,19
18/01/2020,20,24,38,56,68,18
22/01/2020,11,33,44,59,67,8
25/01/2020,2,9,17,36,67,18
29/01/2020,9,12,15,31,60,2
01/02/2020,12,33,54,57,60,13
05/02/2020,23,30,35,41,57,2
08/02/2020,35,49,50,59,66,6
12/02/2020,14,47,54,55,68,25
15/02/2020,16,32,35,36,46,3
19/02/2020,10,12,15,19,56,19
22/02/2020,25,37,39,61,62,11
26/02/2020,8,27,29,36,47,24
29/02/2020,24,44,46,50,51,13
04/03/2020,18,43,58,60,68,14
07/03/2020,7,15,21,33,62,23
11/03/2020,4,29,49,50,67,2
14/03/2020,9,23,26,30,32,8
18/03/2020,15,27,44,59,63,8
21/03/2020,2,23,40,59,69,13
25/03/2020,5,9,27,39,42,16
28/03/2020,7,40,48,55,66,11
01/04/2020,33,35,45,48,60,16
04/04/2020,8,31,39,40,43,4
08/04/2020,2,37,39,48,54,5
11/04/2020,22,29,30,42,47,17
15/04/2020,10,12,33,36,41,2
18/04/2020,4,44,46,56,63,19
22/04/2020,1,33,35,40,69,24
25/04/2020,1,3,21,47,57,18
29/04/2020,2,20,49,61,67,20
02/05/2020,13,16,33,58,68,24
06/05/2020,7,8,35,50,65,20
09/05/2020,12,18,42,48,65,19
13/05/2020,39,53,54,56,57,20
16/05/2020,8,12,26,39,42,11
20/05/2020,18,34,40,42,50,9
23/05/2020,2,8,18,21,23,16
27/05/2020,38,58,59,64,68,21
30/05/2020,13,32,41,58,60,14
03/06/2020,1,3,26,41,64,17
06/06/2020,1,17,38,68,69,18
10/06/2020,10,33,41,52,54,18
13/06/2020,2,12,32,50,65,5
17/06/2020,7,10,63,64,68,10
20/06/2020,10,31,41,63,67,5
24/06/2020,15,22,27,33,46,23
27/06/2020,9,36,49,56,62,8
01/07/2020,15,28,52,53,63,18
04/07/2020,16,21,27,60,61,6
08/07/2020,3,10,34,36,62,5
11/07/2020,14,19,61,62,64,4
15/07/2020,27,47,61,62,69,4
18/07/2020,13,16,32,58,59,9
22/07/2020,16,25,36,44,55,14
25/07/2020,5,21,36,61,62,18
29/07/2020,7,29,35,40,45,26
01/08/2020,6,25,36,43,48,24
05/08/2020,7,14,17,57,65,24
08/08/2020,2,3,14,40,51,24
12/08/2020,2,6,18,36,37,21
15/08/2020,5,12,34,45,56,3
19/08/2020,13,23,47,55,58,23
22/08/2020,19,30,36,42,66,14
26/08/2020,8,12,19,47,58,2
29/08/2020,5,21,22,29,43,10
02/09/2020,1,4,11,20,69,18
05/09/2020,15,21,22,27,47,7
09/09/2020,27,52,55,60,64,21
12/09/2020,16,17,20,53,67,4
16/09/2020,10,17,31,51,53,1
19/09/2020,11,14,23,47,57,14
23/09/2020,8,17,49,52,59,1
26/09/2020,11,21,27,36,62,24
30/09/2020,14,18,36,49,67,18
03/10/2020,18,31,36,43,47,20
07/10/2020,6,24,30,53,56,19
10/10/2020,5,18,23,40,50,18
14/10/2020,21,37,52,53,58,5
17/10/2020,6,10,31,37,44,23
21/10/2020,1,3,13,44,56,26
24/10/2020,18,20,27,45,65,6
28/10/2020,11,28,37,40,53,13
31/10/2020,2,6,40,42,55,24
04/11/2020,23,32,33,45,49,14
07/11/2020,14,16,37,48,58,18
11/11/2020,13,15,17,45,63,13
14/11/2020,7,15,18,32,45,20
18/11/2020,4,5,17,43,52,5
21/11/2020,51,54,57,60,69,11
25/11/2020,2,57,58,60,65,26
28/11/2020,8,12,18,44,51,18
02/12/2020,28,31,40,41,46,4
05/12/2020,3,4,6,48,53,10
09/12/2020,11,14,31,47,48,4
12/12/2020,17,54,56,63,69,20
16/12/2020,4,23,37,61,67,7
19/12/2020,27,32,34,43,52,13
23/12/2020,6,13,38,39,53,6
26/12/2020,10,24,27,35,53,18
30/12/2020,3,43,45,61,65,14
02/01/2021,3,4,11,41,67,5
06/01/2021,1,20,22,60,66,3
09/01/2021,14,26,38,45,46,13
13/01/2021,4,19,23,25,49,14
16/01/2021,14,20,39,65,67,2
20/01/2021,40,53,60,68,69,22
23/01/2021,5,8,17,27,28,14
27/01/2021,17,33,35,42,52,9
30/01/2021,1,2,7,52,61,4
03/02/2021,5,37,40,64,66,5
06/02/2021,1,16,48,49,65,8
10/02/2021,15,39,58,63,67,7
13/02/2021,20,28,33,63,68,20
17/02/2021,1,15,21,32,46,1
20/02/2021,4,8,22,32,58,4
24/02/2021,4,33,43,53,65,21
27/02/2021,2,28,31,44,52,18
03/03/2021,21,40,44,50,55,16
06/03/2021,11,31,50,52,58,18
10/03/2021,17,18,37,44,53,18
13/03/2021,5,11,51,56,61,2
17/03/2021,34,38,42,61,62,19
20/03/2021,1,6,22,42,61,4
24/03/2021,4,9,17,27,38,18
27/03/2021,6,14,38,39,65,6
31/03/2021,3,10,44,55,68,24
03/04/2021,1,12,17,39,53,5
07/04/2021,27,35,39,51,66,16
10/04/2021,14,16,23,50,53,3
14/04/2021,13,30,33,45,61,14
17/04/2021,10,21,26,41,49,25
21/04/2021,21,25,32,63,67,6
24/04/2021,22,36,48,59,61,22
28/04/2021,16,18,35,39,53,21
01/05/2021,35,36,47,61,63,3
05/05/2021,16,23,28,40,63,1
08/05/2021,12,17,20,21,26,8
12/05/2021,1,19,20,38,54,17
15/05/2021,4,10,37,39,69,24
19/05/2021,11,13,55,56,69,4
22/05/2021,3,19,27,37,40,8
26/05/2021,2,8,21,34,62,16
29/05/2021,11,13,22,27,46,20
02/06/2021,6,7,11,66,67,19
05/06/2021,44,52,54,64,69,26
09/06/2021,19,28,46,50,54,9
12/06/2021,8,25,34,38,41,10
16/06/2021,19,29,34,44,50,25
19/06/2021,4,22,35,38,39,20
23/06/2021,13,20,40,51,63,1
26/06/2021,8,31,39,43,60,17
30/06/2021,24,29,50,65,66,14
03/07/2021,26,40,41,55,65,24
07/07/2021,8,21,30,49,57,8
10/07/2021,1,5,29,54,62,3
14/07/2021,33,46,52,59,62,10
17/07/2021,15,22,38,54,66,3
21/07/2021,27,28,44,67,68,11
24/07/2021,1,4,11,59,67,10
28/07/2021,25,30,53,59,60,5
31/07/2021,1,21,22,34,47,4
04/08/2021,5,21,32,36,58,14
07/08/2021,7,24,36,54,60,23
11/08/2021,12,18,20,29,30,16
14/08/2021,6,21,49,65,67,18
18/08/2021,35,36,51,55,61,26
21/08/2021,16,28,36,39,59,4
23/08/2021,17,36,47,60,61,15
25/08/2021,27,39,54,56,59,24
28/08/2021,12,22,26,46,59,26
30/08/2021,3,15,45,51,61,8
01/09/2021,10,20,29,48,51,17
04/09/2021,32,35,40,52,54,1
06/09/2021,11,20,22,33,54,24
08/09/2021,9,22,41,47,61,21
11/09/2021,20,31,38,40,49,21
13/09/2021,37,40,50,61,63,21
15/09/2021,1,4,18,46,62,25
18/09/2021,5,36,39,45,57,11
20/09/2021,37,51,54,58,60,19
22/09/2021,20,40,47,55,63,5
25/09/2021,22,23,37,62,63,19
27/09/2021,21,22,39,44,60,12
29/09/2021,2,7,11,17,32,11
02/10/2021,28,38,42,47,52,1
04/10/2021,12,22,54,66,69,15
06/10/2021,1,17,52,58,64,1
09/10/2021,12,17,30,45,62,5
11/10/2021,11,20,33,39,65,24
13/10/2021,23,29,47,59,60,15
16/10/2021,30,31,41,42,48,3
18/10/2021,30,32,48,53,63,12
20/10/2021,7,29,36,41,43,5
23/10/2021,10,30,51,57,63,20
25/10/2021,10,27,29,44,58,24
27/10/2021,3,6,26,35,51,17
30/10/2021,5,23,28,43,56,19
01/11/2021,9,25,34,44,45,8
03/11/2021,1,2,24,50,57,26
06/11/2021,8,30,48,57,64,9
08/11/2021,21,46,47,57,62,8
10/11/2021,19,25,43,46,48,14
13/11/2021,8,15,26,35,45,9
15/11/2021,5,31,34,51,53,23
17/11/2021,3,16,48,52,60,1
20/11/2021,40,43,48,59,69,19
22/11/2021,7,20,29,38,67,22
24/11/2021,10,16,32,63,65,17
27/11/2021,8,32,55,64,66,10
29/11/2021,18,26,28,38,47,17
01/12/2021,12,15,38,57,63,24
04/12/2021,10,40,45,56,67,2
06/12/2021,3,21,38,50,59,6
08/12/2021,3,7,33,50,69,24
11/12/2021,3,25,44,53,64,10
13/12/2021,10,30,37,53,59,4
15/12/2021,19,20,40,42,59,15
18/12/2021,2,6,24,51,61,1
20/12/2021,2,13,23,34,66,2
22/12/2021,7,16,19,48,68,15
25/12/2021,27,29,45,55,58,2
27/12/2021,36,38,45,62,64,19
29/12/2021,2,6,9,33,39,11
01/01/2022,6,12,39,48,50,7
03/01/2022,2,13,32,33,48,22
05/01/2022,6,14,25,33,46,17
08/01/2022,20,21,36,60,65,13
10/01/2022,14,17,18,21,27,9
12/01/2022,12,21,22,30,33,24
15/01/2022,3,18,37,51,59,13
17/01/2022,9,24,35,46,65,22
19/01/2022,11,15,43,55,61,10
22/01/2022,8,14,33,36,67,17
24/01/2022,11,29,30,47,53,16
26/01/2022,4,11,38,49,69,16
29/01/2022,2,15,38,54,65,11
31/01/2022,10,15,51,61,69,14
02/02/2022,18,29,33,62,63,15
05/02/2022,5,16,27,39,61,24
07/02/2022,5,15,38,47,65,10
09/02/2022,2,17,33,51,63,26
12/02/2022,8,10,21,41,62,7
14/02/2022,16,25,27,49,55,17
16/02/2022,22,30,40,42,48,16
19/02/2022,3,10,15,33,42,11
21/02/2022,2,36,37,45,69,3
23/02/2022,6,17,21,35,64,18
26/02/2022,15,32,36,48,64,19
28/02/2022,7,21,39,47,55,19
02/03/2022,19,37,48,61,63,12
05/03/2022,8,23,37,52,63,13
07/03/2022,10,43,55,59,67,2
09/03/2022,13,22,34,51,67,10
12/03/2022,19,20,37,39,61,8
14/03/2022,21,28,32,44,49,6
16/03/2022,3,28,34,35,58,17
19/03/2022,8,9,18,48,52,6
21/03/2022,1,15,26,63,65,16
23/03/2022,31,32,37,38,48,24
26/03/2022,2,10,50,59,61,6
28/03/2022,11,18,39,58,62,3
30/03/2022,3,7,21,31,37,11
02/04/2022,6,28,47,58,59,18
04/04/2022,2,32,39,46,69,6
06/04/2022,6,42,45,47,64,18
09/04/2022,6,16,31,62,66,18
11/04/2022,5,7,24,31,34,4
13/04/2022,14,16,41,63,68,26
16/04/2022,15,21,32,62,65,26
18/04/2022,8,33,55,59,62,18
20/04/2022,20,30,45,55,56,14
23/04/2022,10,39,47,49,56,8
25/04/2022,12,18,20,39,61,10
27/04/2022,11,36,61,62,68,4
30/04/2022,14,21,37,44,63,1
02/05/2022,18,27,33,39,44,8
04/05/2022,37,39,55,63,69,23
07/05/2022,4,5,6,28,67,10
09/05/2022,18,30,35,52,56,5
11/05/2022,5,7,61,63,69,18
14/05/2022,6,40,41,45,52,9
16/05/2022,7,15,22,36,64,13
18/05/2022,40,41,58,64,65,17
21/05/2022,14,15,25,52,58,11
23/05/2022,1,33,37,39,42,26
25/05/2022,19,28,39,42,57,17
28/05/2022,2,39,50,61,66,15
30/05/2022,27,28,51,68,69,22
01/06/2022,11,41,56,57,63,2
04/06/2022,14,16,36,52,60,16
06/06/2022,2,10,35,44,46,4
08/06/2022,22,39,43,62,64,7
11/06/2022,18,20,26,53,69,5
13/06/2022,2,27,42,44,51,25
15/06/2022,19,28,41,42,51,7
18/06/2022,10,19,40,45,58,25
20/06/2022,3,44,61,63,69,13
22/06/2022,6,10,31,48,56,12
25/06/2022,6,12,20,27,32,4
27/06/2022,11,13,18,30,37,16
29/06/2022,8,40,49,58,63,14
02/07/2022,9,10,37,59,62,26
04/07/2022,15,16,24,31,56,4
06/07/2022,32,36,49,62,69,13
09/07/2022,14,22,42,46,52,24
11/07/2022,4,26,34,37,52,9
13/07/2022,22,23,36,47,63,2
16/07/2022,3,18,23,32,57,21
18/07/2022,14,34,36,50,58,5
20/07/2022,10,20,23,49,65,22
23/07/2022,39,41,54,59,62,12
25/07/2022,25,37,38,39,65,5
27/07/2022,1,25,44,55,57,26
30/07/2022,4,17,57,58,68,12
01/08/2022,15,21,31,36,65,16
03/08/2022,9,21,56,57,66,11
06/08/2022,8,15,46,56,68,3
08/08/2022,32,45,51,57,58,12
10/08/2022,29,44,59,61,68,19
13/08/2022,19,24,35,43,62,2
15/08/2022,20,24,47,50,63,5
17/08/2022,23,28,41,50,55,24
20/08/2022,5,9,11,16,66,7
22/08/2022,12,27,34,55,67,9
24/08/2022,6,24,35,37,44,22
27/08/2022,2,18,56,60,65,14
29/08/2022,13,36,43,61,69,18
31/08/2022,7,8,19,24,28,1
03/09/2022,18,27,49,65,69,9
05/09/2022,4,7,32,55,64,25
07/09/2022,3,16,30,33,36,20
10/09/2022,38,42,56,68,69,4
12/09/2022,6,14,16,34,66,25
14/09/2022,9,10,20,22,52,25
17/09/2022,5,25,36,51,61,1
19/09/2022,7,15,36,46,67,7
21/09/2022,6,33,34,45,54,7
24/09/2022,3,9,21,24,29,14
26/09/2022,13,20,31,33,59,20
28/09/2022,6,10,24,33,67,11
01/10/2022,8,21,22,65,69,26
03/10/2022,2,16,22,55,63,22
05/10/2022,26,30,33,37,62,6
08/10/2022,13,43,53,60,68,5
10/10/2022,3,6,11,17,22,11
12/10/2022,14,30,41,42,59,6
15/10/2022,32,37,40,58,62,15
17/10/2022,19,30,36,46,60,25
19/10/2022,6,8,15,27,42,10
22/10/2022,19,25,48,55,60,18
24/10/2022,18,23,35,45,54,16
26/10/2022,19,36,37,46,56,24
29/10/2022,19,31,40,46,57,23
31/10/2022,13,19,36,39,59,13
02/11/2022,2,11,22,35,60,23
05/11/2022,28,45,53,56,69,20
07/11/2022,10,33,41,47,56,10
09/11/2022,7,14,24,30,56,7
12/11/2022,16,20,44,57,58,6
14/11/2022,19,35,53,54,67,21
16/11/2022,28,34,51,53,56,11
19/11/2022,7,28,62,63,64,10
21/11/2022,1,6,40,51,67,2
23/11/2022,1,2,31,39,66,25
26/11/2022,15,30,47,50,51,3
28/11/2022,29,30,32,48,50,20
30/11/2022,4,19,24,47,66,10
03/12/2022,6,13,33,36,37,7
05/12/2022,35,45,47,54,55,14
07/12/2022,6,28,44,59,61,21
10/12/2022,9,23,47,49,68,19
12/12/2022,16,31,50,55,61,9
14/12/2022,36,51,59,66,68,25
17/12/2022,33,56,64,66,68,12
19/12/2022,7,37,55,65,67,12
21/12/2022,12,15,24,34,59,14
24/12/2022,17,37,46,54,67,8
26/12/2022,17,41,47,60,61,17
28/12/2022,26,32,38,45,56,1
31/12/2022,18,37,44,50,64,11
02/01/2023,7,9,12,31,62,22
04/01/2023,12,32,56,67,68,26
07/01/2023,35,36,44,45,67,14
09/01/2023,18,43,48,60,69,14
11/01/2023,4,8,46,47,48,5
14/01/2023,24,26,39,47,57,23
16/01/2023,4,14,33,39,61,3
18/01/2023,6,15,22,42,47,26
21/01/2023,5,14,19,46,64,22
23/01/2023,12,31,47,58,60,23
25/01/2023,9,17,20,38,40,18
28/01/2023,2,18,23,27,47,15
30/01/2023,1,4,12,36,49,5
01/02/2023,31,43,58,59,66,9
04/02/2023,2,8,15,19,58,10
06/02/2023,5,11,22,23,69,7
08/02/2023,52,58,59,64,66,9
11/02/2023,10,23,30,54,65,11
13/02/2023,17,26,37,61,65,2
15/02/2023,31,32,54,60,63,12
18/02/2023,8,21,31,32,37,23
20/02/2023,3,17,26,38,54,15
22/02/2023,11,19,39,44,65,7
25/02/2023,11,24,58,66,67,26
27/02/2023,16,28,49,51,55,23
01/03/2023,2,9,28,36,53,4
04/03/2023,10,16,18,40,66,16
06/03/2023,2,13,29,58,69,4
08/03/2023,26,27,43,61,69,4
11/03/2023,11,20,33,43,58,24
13/03/2023,3,10,24,46,63,4
15/03/2023,16,18,33,37,50,8
18/03/2023,14,20,30,54,69,11
20/03/2023,1,27,32,47,67,14
22/03/2023,27,28,37,50,57,5
25/03/2023,15,17,18,47,57,19
27/03/2023,19,26,36,43,58,14
29/03/2023,4,9,24,46,66,7
01/04/2023,11,19,21,29,52,17
03/04/2023,16,30,31,54,68,1
05/04/2023,3,5,9,42,52,11
08/04/2023,11,22,24,51,60,18
10/04/2023,9,10,36,46,52,14
12/04/2023,9,36,41,44,59,4
15/04/2023,1,33,34,56,59,18
17/04/2023,23,25,35,63,64,25
19/04/2023,4,11,21,38,64,11
22/04/2023,17,36,47,63,68,25
24/04/2023,19,21,55,66,68,3
26/04/2023,2,15,30,35,49,6
29/04/2023,16,53,54,57,65,8
01/05/2023,3,38,55,61,66,1
03/05/2023,21,26,30,45,47,23
06/05/2023,31,39,47,51,53,6
08/05/2023,15,20,33,36,43,12
10/05/2023,21,24,33,55,69,3
13/05/2023,3,15,20,23,46,11
15/05/2023,1,26,28,55,58,25
17/05/2023,18,34,37,45,51,14
20/05/2023,17,23,32,38,63,23
22/05/2023,9,38,48,52,68,25
24/05/2023,12,21,44,50,58,26
27/05/2023,24,38,39,48,56,4
29/05/2023,21,33,35,62,64,24
31/05/2023,2,4,54,61,62,14
03/06/2023,15,45,64,67,68,18
05/06/2023,2,31,45,46,49,20
07/06/2023,16,21,29,53,66,2
10/06/2023,21,32,42,46,50,4
12/06/2023,2,3,16,23,68,7
14/06/2023,3,20,36,42,64,4
17/06/2023,2,12,45,61,64,26
19/06/2023,36,39,52,57,69,1
21/06/2023,5,11,33,35,63,14
24/06/2023,2,38,44,50,62,19
26/06/2023,6,28,39,43,54,12
28/06/2023,19,25,34,57,68,4
01/07/2023,4,17,35,49,61,8
03/07/2023,15,26,31,38,61,3
05/07/2023,17,24,48,62,68,23
08/07/2023,7,23,24,32,43,18
10/07/2023,2,24,34,53,58,13
12/07/2023,23,35,45,66,67,20
15/07/2023,2,9,43,55,57,18
17/07/2023,5,8,9,17,41,21
19/07/2023,7,10,11,13,24,24
22/07/2023,25,27,36,37,63,7
24/07/2023,3,4,12,28,49,25
26/07/2023,3,16,40,48,60,14
29/07/2023,10,25,27,34,38,2
31/07/2023,2,11,48,58,65,13
02/08/2023,23,24,33,51,64,5
05/08/2023,18,42,44,62,65,23
07/08/2023,6,13,20,35,54,22
09/08/2023,10,15,21,67,69,3
12/08/2023,19,21,37,50,65,26
14/08/2023,32,34,37,39,47,3
16/08/2023,9,11,17,19,55,1
19/08/2023,1,25,27,38,62,13
21/08/2023,3,4,12,22,28,16
23/08/2023,25,30,32,33,55,20
26/08/2023,20,22,26,28,63,5
28/08/2023,4,6,25,55,68,26
30/08/2023,4,13,35,61,69,4
02/09/2023,25,38,42,66,67,19
04/09/2023,1,26,32,46,51,13
06/09/2023,9,14,20,23,63,1
09/09/2023,11,19,29,63,68,25
11/09/2023,9,25,27,53,66,5
13/09/2023,22,30,37,44,45,18
16/09/2023,8,11,19,24,46,5
18/09/2023,2,21,26,40,42,9
20/09/2023,16,27,59,62,63,23
23/09/2023,1,12,20,33,66,21
25/09/2023,10,12,22,36,50,4
27/09/2023,1,7,46,47,63,7
30/09/2023,19,30,37,44,46,22
02/10/2023,12,26,27,43,47,5
04/10/2023,9,35,54,63,64,1
07/10/2023,47,54,57,60,65,19
09/10/2023,16,34,46,55,67,14
11/10/2023,22,24,40,52,64,10
14/10/2023,14,16,42,48,64,14
16/10/2023,2,27,31,44,64,18
18/10/2023,1,4,13,35,58,24
21/10/2023,6,15,24,67,68,11
23/10/2023,18,21,25,46,64,21
25/10/2023,25,27,41,53,68,2
28/10/2023,14,24,50,59,64,2
30/10/2023,19,22,34,66,69,5
01/11/2023,22,26,39,47,63,12
04/11/2023,1,28,30,34,52,6
06/11/2023,12,25,40,59,61,26
08/11/2023,14,21,33,39,62,20
11/11/2023,1,12,14,24,57,7
13/11/2023,24,33,35,37,42,21
15/11/2023,3,4,51,53,60,6
18/11/2023,34,50,51,61,67,20
20/11/2023,19,26,30,39,63,13
22/11/2023,20,24,33,39,42,21
25/11/2023,27,33,63,66,68,9
27/11/2023,2,21,38,61,66,12
29/11/2023,6,47,50,61,68,4
02/12/2023,28,35,41,47,60,3
04/12/2023,18,19,27,28,45,9
06/12/2023,2,12,37,56,65,21
09/12/2023,5,25,26,40,60,1
11/12/2023,1,24,27,31,62,20
13/12/2023,3,8,41,56,64,18
16/12/2023,3,9,10,20,62,25
18/12/2023,5,8,19,34,39,26
20/12/2023,27,35,41,56,60,16
23/12/2023,9,14,17,18,53,6
25/12/2023,5,12,20,24,29,4
27/12/2023,4,11,38,51,68,5
30/12/2023,10,11,26,27,34,7
01/01/2024,12,21,42,44,49,1
03/01/2024,30,31,38,48,68,8
06/01/2024,4,31,34,38,61,13
08/01/2024,7,17,28,40,45,2
10/01/2024,25,40,43,48,50,11
13/01/2024,13,31,33,51,58,15
15/01/2024,13,30,35,49,59,4
17/01/2024,18,22,43,61,65,2
20/01/2024,16,31,34,47,65,10
22/01/2024,24,25,43,52,63,21
24/01/2024,1,5,32,50,64,8
27/01/2024,7,38,65,66,68,21
29/01/2024,39,41,43,49,64,4
31/01/2024,15,18,19,41,43,14
03/02/2024,9,11,27,59,66,19
05/02/2024,1,2,27,30,67,9
07/02/2024,12,21,62,67,69,17
10/02/2024,27,28,34,37,44,8
12/02/2024,17,36,43,53,67,14
14/02/2024,1,4,45,47,67,18
17/02/2024,6,28,59,62,69,21
19/02/2024,4,23,45,50,53,17
21/02/2024,4,27,33,41,42,14
24/02/2024,3,8,40,53,58,3
26/02/2024,24,29,42,51,54,16
28/02/2024,16,26,29,38,50,6
02/03/2024,3,18,27,36,53,12
04/03/2024,36,42,50,52,67,26
06/03/2024,6,19,28,44,60,10
09/03/2024,30,36,49,52,63,16
11/03/2024,1,3,7,16,66,5
13/03/2024,21,29,54,59,62,4
16/03/2024,12,23,44,57,61,5
18/03/2024,10,17,20,39,44,16
20/03/2024,13,22,27,54,66,9
23/03/2024,6,23,25,34,51,3
25/03/2024,7,11,19,53,68,23
27/03/2024,37,46,57,60,66,8
30/03/2024,12,13,33,50,52,23
01/04/2024,19,24,40,42,56,23
03/04/2024,11,38,41,62,65,15
06/04/2024,22,27,44,52,69,9
08/04/2024,6,21,23,39,54,23
10/04/2024,6,7,12,24,36,15
13/04/2024,7,33,40,43,69,10
15/04/2024,7,16,41,56,61,23
17/04/2024,24,29,44,47,54,2
20/04/2024,4,35,41,44,58,25
22/04/2024,12,16,33,39,52,1
24/04/2024,2,20,22,26,47,21
27/04/2024,9,30,53,55,62,23
29/04/2024,11,38,47,67,69,14
01/05/2024,1,11,19,21,68,15
04/05/2024,14,20,23,53,69,4
06/05/2024,7,23,24,56,60,25
08/05/2024,7,41,43,44,51,5
11/05/2024,3,6,39,49,67,21
13/05/2024,5,14,29,38,66,1
15/05/2024,19,42,45,55,69,6
18/05/2024,19,36,37,42,59,19
20/05/2024,1,7,48,64,68,5
22/05/2024,5,16,18,26,67,4
25/05/2024,6,33,35,36,64,24
27/05/2024,9,30,39,49,59,21
29/05/2024,17,34,56,60,61,9
01/06/2024,28,38,52,54,68,8
03/06/2024,19,29,35,36,45,16
05/06/2024,8,44,45,51,69,12
08/06/2024,8,38,52,54,64,15
10/06/2024,3,10,33,58,59,9
12/06/2024,19,30,31,61,62,21
15/06/2024,4,36,48,54,56,2
17/06/2024,30,48,53,58,66,9
19/06/2024,4,27,44,50,64,7
22/06/2024,4,5,15,32,62,21
24/06/2024,5,6,36,53,69,8
26/06/2024,4,9,36,47,56,7
29/06/2024,26,51,54,61,69,25
01/07/2024,5,9,32,39,55,9
03/07/2024,2,26,33,55,57,22
06/07/2024,5,32,35,39,49,21
08/07/2024,20,22,31,33,45,1
10/07/2024,7,11,12,27,46,26
13/07/2024,9,55,59,66,69,21
15/07/2024,9,31,39,40,45,23
17/07/2024,24,27,32,47,66,26
20/07/2024,18,25,31,40,57,4
22/07/2024,31,36,56,58,69,20
24/07/2024,16,42,59,63,68,13
27/07/2024,3,31,37,40,64,17
29/07/2024,11,27,30,33,44,16
31/07/2024,23,34,37,50,58,7
03/08/2024,13,33,40,60,61,20
05/08/2024,29,42,44,51,54,12
07/08/2024,6,19,35,47,57,9
10/08/2024,9,24,33,64,69,9
12/08/2024,9,22,57,67,68,14
14/08/2024,8,9,23,29,62,13
17/08/2024,12,31,43,45,46,22
19/08/2024,1,2,15,23,28,10
21/08/2024,27,31,33,38,67,3
24/08/2024,5,15,21,24,43,17
26/08/2024,2,4,23,68,69,15
28/08/2024,5,33,47,50,64,20
31/08/2024,4,34,35,38,69,19
02/09/2024,8,42,46,48,53,22
04/09/2024,7,10,21,33,59,20
07/09/2024,14,34,37,55,63,20
09/09/2024,1,16,21,47,60,5
11/09/2024,10,12,55,65,67,3
14/09/2024,29,34,38,48,56,16
16/09/2024,8,9,11,27,31,17
18/09/2024,1,11,22,47,68,7
21/09/2024,17,19,21,37,45,14
23/09/2024,15,21,25,37,45,19
25/09/2024,2,26,45,46,52,21
28/09/2024,3,11,13,24,39,22
30/09/2024,9,11,30,43,69,20
02/10/2024,1,2,21,37,43,21
05/10/2024,2,12,46,52,65,3
07/10/2024,18,30,31,52,63,22
09/10/2024,25,32,43,53,66,10
12/10/2024,5,14,20,41,57,6
14/10/2024,14,18,33,64,67,14
16/10/2024,4,30,39,44,60,11
19/10/2024,7,16,19,45,64,25
21/10/2024,1,25,57,62,64,15
23/10/2024,2,15,27,29,39,20
26/10/2024,8,12,40,45,51,15
28/10/2024,21,27,32,48,67,17
30/10/2024,13,22,29,43,58,22
02/11/2024,10,45,48,58,61,2
04/11/2024,6,18,33,48,53,21
06/11/2024,12,17,37,58,62,4
09/11/2024,11,24,50,56,66,16
11/11/2024,3,21,24,34,46,9
13/11/2024,9,20,26,43,58,9
16/11/2024,21,22,25,32,38,16
18/11/2024,27,31,41,52,69,26
20/11/2024,16,30,60,62,64,25
23/11/2024,12,13,34,44,67,8
25/11/2024,5,35,45,60,63,12
27/11/2024,1,6,7,13,40,5
30/11/2024,4,24,29,39,63,25
02/12/2024,3,9,26,61,67,13
04/12/2024,1,23,25,28,61,13
07/12/2024,1,31,43,55,57,22
09/12/2024,35,37,40,45,51,24
11/12/2024,13,44,50,52,54,20
14/12/2024,12,17,23,52,67,1
16/12/2024,9,30,33,57,61,17
18/12/2024,6,15,18,33,49,7
21/12/2024,1,12,17,21,58,1
23/12/2024,22,42,44,57,64,18
25/12/2024,15,26,27,30,35,3
28/12/2024,6,31,51,54,55,12
30/12/2024,9,19,33,38,39,1
01/01/2025,6,12,28,35,66,26
04/01/2025,26,32,43,54,56,24
06/01/2025,17,34,46,66,67,14
08/01/2025,1,20,36,38,43,24
11/01/2025,3,6,32,37,65,4
13/01/2025,4,6,16,39,66,9
15/01/2025,8,41,52,53,58,7
18/01/2025,14,31,35,64,69,23
20/01/2025,15,16,32,47,54,6
22/01/2025,5,6,27,40,49,5
25/01/2025,8,15,17,53,66,14
27/01/2025,2,40,47,53,55,20
29/01/2025,8,12,31,33,38,18
01/02/2025,23,29,32,49,61,8
03/02/2025,12,37,47,54,60,17
05/02/2025,19,27,30,50,62,14
08/02/2025,23,44,57,60,62,9
10/02/2025,2,17,18,29,43,3
12/02/2025,21,32,36,45,49,18
15/02/2025,3,16,45,54,56,12
17/02/2025,4,44,47,52,57,9
19/02/2025,6,21,28,49,60,20
22/02/2025,7,18,22,50,65,15
24/02/2025,10,11,34,59,68,14
26/02/2025,28,48,55,60,62,20
01/03/2025,2,23,36,44,49,25
03/03/2025,18,20,50,52,56,20
05/03/2025,24,28,40,63,65,20
08/03/2025,2,4,16,23,63,13
10/03/2025,17,40,47,50,55,6
12/03/2025,11,13,28,51,58,1
15/03/2025,12,28,33,36,54,5
17/03/2025,11,18,23,38,60,9
19/03/2025,8,11,21,49,59,15
22/03/2025,6,7,25,46,57,12
24/03/2025,6,23,35,36,47,12
26/03/2025,5,20,29,39,53,6
29/03/2025,7,11,21,53,61,2
31/03/2025,12,41,44,52,64,25
02/04/2025,5,17,41,64,69,1
05/04/2025,4,23,30,46,62,2
07/04/2025,20,23,48,59,66,4
09/04/2025,4,29,37,55,67,10
12/04/2025,16,22,44,45,53,19
14/04/2025,3,20,30,52,62,1
16/04/2025,20,24,42,43,49,19
19/04/2025,7,25,37,39,63,1
21/04/2025,4,33,45,46,51,25
23/04/2025,15,44,63,66,69,20
26/04/2025,1,12,14,18,69,2
28/04/2025,26,43,51,56,60,24
30/04/2025,1,2,3,57,59,9
03/05/2025,10,21,23,35,65,24
05/05/2025,16,34,40,45,66,19
25/06/2025,2,12,37,51,61,22
28/06/2025,4,35,43,52,62,12
30/06/2025,13,28,44,52,55,6
02/07/2025,7,19,21,54,63,21
05/07/2025,1,28,34,50,58,8
07/07/2025,33,35,58,61,69,25
09/07/2025,5,9,25,28,69,5
12/07/2025,8,16,24,33,54,18
14/07/2025,8,12,45,46,63,24
16/07/2025,4,21,43,48,49,22
19/07/2025,28,48,51,61,69,20
21/07/2025,8,11,28,33,42,2
23/07/2025,2,18,19,25,35,25
26/07/2025,8,31,57,65,67,23
28/07/2025,7,35,36,43,62,3
30/07/2025,4,15,35,50,64,8
02/08/2025,6,18,34,35,36,2
04/08/2025,8,9,19,31,38,21
06/08/2025,15,27,43,45,53,9
09/08/2025,7,14,23,24,60,14
11/08/2025,6,16,33,40,62,2
13/08/2025,4,11,40,44,50,4
16/08/2025,23,40,49,65,69,23
18/08/2025,15,46,61,63,64,1
20/08/2025,31,59,62,65,68,5
23/08/2025,11,14,34,47,51,18
25/08/2025,16,19,34,37,64,22
27/08/2025,9,12,22,41,61,25
30/08/2025,3,18,22,27,33,17
01/09/2025,8,23,25,40,53,5
03/09/2025,3,16,29,61,69,22
06/09/2025,11,23,44,61,62,17
08/09/2025,26,28,41,53,64,9
10/09/2025,2,24,45,53,64,5
13/09/2025,28,37,42,50,53,19
15/09/2025,14,15,32,42,49,1
17/09/2025,7,30,50,54,62,20
20/09/2025,15,29,64,66,67,4
22/09/2025,3,29,42,46,59,15
24/09/2025,15,31,45,49,53,19
27/09/2025,10,16,32,61,66,4
29/09/2025,1,3,27,60,65,16
01/10/2025,8,17,22,28,55,14
04/10/2025,3,7,47,67,68,2
06/10/2025,28,29,32,66,67,3
08/10/2025,8,10,44,48,54,14
11/10/2025,13,16,18,20,27,10
13/10/2025,13,14,32,52,64,12
15/10/2025,10,13,28,34,47,15
18/10/2025,3,11,27,40,58,10
20/10/2025,32,38,66,67,69,19
22/10/2025,18,37,52,54,60,12
25/10/2025,2,12,22,39,67,15
27/10/2025,17,39,43,51,66,20
29/10/2025,4,24,49,60,65,1
01/11/2025,2,26,43,44,62,22
03/11/2025,3,32,40,43,57,18
05/11/2025,9,17,29,61,66,26
08/11/2025,3,53,60,62,68,11
10/11/2025,6,28,44,48,58,23
12/11/2025,29,39,43,51,65,23
15/11/2025,6,7,12,47,53,21
17/11/2025,7,33,50,57,66,23
19/11/2025,10,31,49,51,68,19
22/11/2025,28,32,36,51,69,2
24/11/2025,8,16,26,30,58,14
26/11/2025,7,8,15,19,28,3
29/11/2025,19,22,30,32,59,1
01/12/2025,5,18,26,47,59,1
03/12/2025,1,14,20,46,51,26
06/12/2025,13,14,26,28,44,7
08/12/2025,8,32,52,56,64,23
10/12/2025,10,16,29,33,69,22
13/12/2025,1,28,31,57,58,16
15/12/2025,23,35,59,63,68,2
17/12/2025,25,33,53,62,66,17
20/12/2025,4,5,28,52,69,20
22/12/2025,3,18,36,41,54,7
24/12/2025,4,25,31,52,59,19
27/12/2025,5,20,34,39,62,1
29/12/2025,11,19,34,48,53,21
31/12/2025,11,18,21,24,38,26
03/01/2026,18,21,40,53,60,23
05/01/2026,4,18,24,51,56,14
07/01/2026,15,28,57,58,63,23
10/01/2026,5,19,21,28,64,14
12/01/2026,5,27,45,56,59,4
14/01/2026,6,24,39,43,51,2
17/01/2026,5,8,27,49,57,14
19/01/2026,5,28,34,37,55,17
21/01/2026,11,26,27,53,55,12
24/01/2026,2,16,35,61,63,5
26/01/2026,21,31,51,60,63,18
28/01/2026,21,35,40,46,68,11
31/01/2026,2,8,14,40,63,23
02/02/2026,3,8,31,60,65,4
04/02/2026,27,29,30,37,58,15
07/02/2026,25,36,42,51,58,6
09/02/2026,6,19,22,28,48,24
11/02/2026,6,20,33,40,48,5
14/02/2026,23,43,58,60,64,24
16/02/2026,16,18,19,56,58,6
18/02/2026,9,33,52,64,66,1
21/02/2026,27,28,36,48,49,21
23/02/2026,5,11,23,29,47,6
25/02/2026,50,52,54,56,64,23
28/02/2026,6,20,35,54,65,10
02/03/2026,2,17,18,38,62,20
04/03/2026,7,14,42,47,56,6
07/03/2026,17,18,30,50,68,24
09/03/2026,22,23,28,36,54,13
11/03/2026,3,6,55,58,63,12
14/03/2026,9,30,42,50,52,21
16/03/2026,7,10,20,47,52,20
18/03/2026,14,18,19,21,69,1
21/03/2026,12,28,36,41,59,2
23/03/2026,12,18,47,56,63,1
25/03/2026,7,21,55,56,64,26
28/03/2026,11,42,43,59,61,25
30/03/2026,7,11,31,41,57,20
01/04/2026,4,10,11,52,64,24
04/04/2026,3,6,13,41,65,1
06/04/2026,7,24,37,42,57,5
08/04/2026,3,16,17,42,52,3
11/04/2026,6,47,49,53,60,6
13/04/2026,38,43,59,63,64,15
15/04/2026,13,21,27,43,45,26
18/04/2026,24,25,39,46,61,1
20/04/2026,9,17,36,47,64,26
22/04/2026,24,29,32,49,63,11
25/04/2026,4,30,36,52,57,2
27/04/2026,18,31,33,36,62,3
29/04/2026,3,19,35,51,67,15
02/05/2026,25,37,42,52,65,14
04/05/2026,30,36,42,60,63,13
06/05/2026,18,27,51,65,68,5
09/05/2026,15,41,46,47,56,22
11/05/2026,24,30,37,56,64,7
13/05/2026,22,31,52,56,67,15
16/05/2026,8,37,40,44,65,18
18/05/2026,4,13,34,61,65,12
20/05/2026,10,28,30,46,57,25
23/05/2026,4,16,41,48,66,26
25/05/2026,17,32,48,60,64,10
27/05/2026,5,14,21,31,51,13
30/05/2026,1,27,35,44,52,12
01/06/2026,2,42,47,57,58,14
03/06/2026,14,16,38,55,64,12
06/06/2026,16,32,55,59,64,3
08/06/2026,3,24,34,43,49,20
10/06/2026,12,31,38,60,66,14
13/06/2026,3,13,44,50,53,2
15/06/2026,25,55,57,60,62,23
17/06/2026,3,26,49,53,61,12
20/06/2026,16,20,44,48,50,15
22/06/2026,17,19,21,45,48,13
24/06/2026,13,14,16,21,38,14
27/06/2026,3,16,28,30,59,11
29/06/2026,10,14,41,53,59,3
01/07/2026,2,6,26,39,68,6
04/07/2026,17,38,46,50,69,20
06/07/2026,17,44,63,66,67,4
08/07/2026,12,29,37,43,55,18
11/07/2026,8,10,14,45,59,5
13/07/2026,5,25,36,40,48,3
15/07/2026,2,7,18,29,38,16
18/07/2026,9,14,44,50,56,3
20/07/2026,2,9,44,53,59,8
22/07/2026,4,5,22,50,58,1
25/07/2026,3,4,24,36,47,17
27/07/2026,6,26,46,58,65,25
29/07/2026,30,36,40,42,57,2
01/08/2026,6,17,27,48,50,5
03/08/2026,8,30,41,48,54,4
05/08/2026,14,20,59,60,61,25
08/08/2026,5,9,35,54,63,7
10/08/2026,6,37,54,55,64,10
12/08/2026,4,26,66,67,69,9
15/08/2026,5,8,27,29,63,13
17/08/2026,8,15,25,49,65,22
19/08/2026,10,21,58,61,64,17
Date,no.1,no.2,no.3,no.4,no.5,PowerBall
22/08/2026,13,31,54,57,65,23
22/08/2026,13,31,54,57,65,23
